"Kursname 52";"Anlassnummer";"Startzeit";"Endzeit";"StartzeitN";"EndzeitN";"Modulleitung";"Raum";"Klasse"
"26c1 Audiovisuelles Erzählen II";"mod.mmp-AVE02.FS27_BS.001";"20270215T081500Z";"20270215T113000Z";"15.02.2027 09:15:00";"15.02.2027 12:30:00";"Merle Jothe/Andrin Egger";"I-0.31 /I-0,4/0,05";"mmp26c1"
"26c1 Audiovisuelles Erzählen II";"mod.mmp-AVE02.FS27_BS.001";"20270215T123000Z";"20270215T154500Z";"15.02.2027 13:30:00";"15.02.2027 16:45:00";"Merle Jothe/Andrin Egger";"I-0.31 /I-0,4/0,05/I0,09";"mmp26c1"
"26c1 Audiovisuelles Erzählen II";"mod.mmp-AVE02.FS27_BS.001";"20270216T081500Z";"20270216T113000Z";"16.02.2027 09:15:00";"16.02.2027 12:30:00";"Merle Jothe/Andrin Egger";"online";"mmp26c1"
"26c1 Audiovisuelles Erzählen II";"mod.mmp-AVE02.FS27_BS.001";"20270216T123000Z";"20270216T154500Z";"16.02.2027 13:30:00";"16.02.2027 16:45:00";"Merle Jothe/Andrin Egger";"online";"mmp26c1"
"26c1 Audiovisuelles Erzählen II";"mod.mmp-AVE02.FS27_BS.001";"20270217T081500Z";"20270217T113000Z";"17.02.2027 09:15:00";"17.02.2027 12:30:00";"Merle Jothe/Andrin Egger";"I-0.31";"mmp26c1"
"26c1 Audiovisuelles Erzählen II";"mod.mmp-AVE02.FS27_BS.001";"20270217T123000Z";"20270217T154500Z";"17.02.2027 13:30:00";"17.02.2027 16:45:00";"Merle Jothe/Andrin Egger";"I-0.31";"mmp26c1"
"26c1 Audiovisuelles Erzählen II";"mod.mmp-AVE02.FS27_BS.001";"20270218T081500Z";"20270218T113000Z";"18.02.2027 09:15:00";"18.02.2027 12:30:00";"Merle Jothe/Andrin Egger";"I-0.31";"mmp26c1"
"26c1 Audiovisuelles Erzählen II";"mod.mmp-AVE02.FS27_BS.001";"20270218T123000Z";"20270218T154500Z";"18.02.2027 13:30:00";"18.02.2027 16:45:00";"Merle Jothe/Andrin Egger";"I-0.31";"mmp26c1"
"26c1 Audiovisuelles Erzählen II";"mod.mmp-AVE02.FS27_BS.001";"20270219T081500Z";"20270219T113000Z";"19.02.2027 09:15:00";"19.02.2027 12:30:00";"Merle Jothe/Andrin Egger";"online";"mmp26c1"
"26c1 Audiovisuelles Erzählen II";"mod.mmp-AVE02.FS27_BS.001";"20270219T123000Z";"20270219T154500Z";"19.02.2027 13:30:00";"19.02.2027 16:45:00";"Merle Jothe/Andrin Egger";"online";"mmp26c1"
"26c1 Audiovisuelles Erzählen II";"mod.mmp-AVE02.FS27_BS.001";"20270302T081500Z";"20270302T113000Z";"02.03.2027 09:15:00";"02.03.2027 12:30:00";"Merle Jothe/Andrin Egger";"I-0.31";"mmp26c1"
"26c1 Audiovisuelles Erzählen II";"mod.mmp-AVE02.FS27_BS.001";"20270405T071500Z";"20270405T103000Z";"05.04.2027 09:15:00";"05.04.2027 12:30:00";"Merle Jothe/Andrin Egger";"coaching";"mmp26c1"
"26c1 Audiovisuelles Erzählen II";"mod.mmp-AVE02.FS27_BS.001";"20270405T113000Z";"20270405T144500Z";"05.04.2027 13:30:00";"05.04.2027 16:45:00";"Merle Jothe/Andrin Egger";"coaching";"mmp26c1"
"26c1 Audiovisuelles Erzählen II";"mod.mmp-AVE02.FS27_BS.001";"20270429T071500Z";"20270429T103000Z";"29.04.2027 09:15:00";"29.04.2027 12:30:00";"Merle Jothe/Andrin Egger";"H1.17";"mmp26c1"
"26c1 Audiovisuelles Erzählen II";"mod.mmp-AVE02.FS27_BS.001";"20270504T113000Z";"20270504T144500Z";"04.05.2027 13:30:00";"04.05.2027 16:45:00";"Merle Jothe/Andrin Egger";"coaching";"mmp26c1"
"26c1 Audiovisuelles Erzählen II";"mod.mmp-AVE02.FS27_BS.001";"20270525T071500Z";"20270525T103000Z";"25.05.2027 09:15:00";"25.05.2027 12:30:00";"Merle Jothe/Andrin Egger";"I 0.04/05";"mmp26c1"
"26c2 Audiovisuelles Erzählen II";"mod.mmp-AVE02.FS27_BS.002";"20270215T081500Z";"20270215T113000Z";"15.02.2027 09:15:00";"15.02.2027 12:30:00";"Merle Jothe/Andrin Egger";"I 0.30";"mmp26c2"
"26c2 Audiovisuelles Erzählen II";"mod.mmp-AVE02.FS27_BS.002";"20270215T123000Z";"20270215T154500Z";"15.02.2027 13:30:00";"15.02.2027 16:45:00";"Merle Jothe/Andrin Egger";"I 0.30";"mmp26c2"
"26c2 Audiovisuelles Erzählen II";"mod.mmp-AVE02.FS27_BS.002";"20270216T081500Z";"20270216T113000Z";"16.02.2027 09:15:00";"16.02.2027 12:30:00";"Merle Jothe/Andrin Egger";"I-0.31 /I-0,4/0,05";"mmp26c2"
"26c2 Audiovisuelles Erzählen II";"mod.mmp-AVE02.FS27_BS.002";"20270216T123000Z";"20270216T154500Z";"16.02.2027 13:30:00";"16.02.2027 16:45:00";"Merle Jothe/Andrin Egger";"I-0.31 /I-0,4/0,05/I0,09";"mmp26c2"
"26c2 Audiovisuelles Erzählen II";"mod.mmp-AVE02.FS27_BS.002";"20270217T081500Z";"20270217T113000Z";"17.02.2027 09:15:00";"17.02.2027 12:30:00";"Merle Jothe/Andrin Egger";"online";"mmp26c2"
"26c2 Audiovisuelles Erzählen II";"mod.mmp-AVE02.FS27_BS.002";"20270217T123000Z";"20270217T154500Z";"17.02.2027 13:30:00";"17.02.2027 16:45:00";"Merle Jothe/Andrin Egger";"online";"mmp26c2"
"26c2 Audiovisuelles Erzählen II";"mod.mmp-AVE02.FS27_BS.002";"20270218T081500Z";"20270218T113000Z";"18.02.2027 09:15:00";"18.02.2027 12:30:00";"Merle Jothe/Andrin Egger";"I 0.30";"mmp26c2"
"26c2 Audiovisuelles Erzählen II";"mod.mmp-AVE02.FS27_BS.002";"20270218T123000Z";"20270218T154500Z";"18.02.2027 13:30:00";"18.02.2027 16:45:00";"Merle Jothe/Andrin Egger";"I 0.30";"mmp26c2"
"26c2 Audiovisuelles Erzählen II";"mod.mmp-AVE02.FS27_BS.002";"20270219T081500Z";"20270219T113000Z";"19.02.2027 09:15:00";"19.02.2027 12:30:00";"Merle Jothe/Andrin Egger";"online";"mmp26c2"
"26c2 Audiovisuelles Erzählen II";"mod.mmp-AVE02.FS27_BS.002";"20270219T123000Z";"20270219T154500Z";"19.02.2027 13:30:00";"19.02.2027 16:45:00";"Merle Jothe/Andrin Egger";"online";"mmp26c2"
"26c2 Audiovisuelles Erzählen II";"mod.mmp-AVE02.FS27_BS.002";"20270302T081500Z";"20270302T113000Z";"02.03.2027 09:15:00";"02.03.2027 12:30:00";"Merle Jothe/Andrin Egger";"I 0.30";"mmp26c2"
"26c2 Audiovisuelles Erzählen II";"mod.mmp-AVE02.FS27_BS.002";"20270405T071500Z";"20270405T103000Z";"05.04.2027 09:15:00";"05.04.2027 12:30:00";"Merle Jothe/Andrin Egger";"coaching";"mmp26c2"
"26c2 Audiovisuelles Erzählen II";"mod.mmp-AVE02.FS27_BS.002";"20270405T113000Z";"20270405T144500Z";"05.04.2027 13:30:00";"05.04.2027 16:45:00";"Merle Jothe/Andrin Egger";"coaching";"mmp26c2"
"26c2 Audiovisuelles Erzählen II";"mod.mmp-AVE02.FS27_BS.002";"20270429T113000Z";"20270429T144500Z";"29.04.2027 13:30:00";"29.04.2027 16:45:00";"Merle Jothe/Andrin Egger";"H1.17";"mmp26c2"
"26c2 Audiovisuelles Erzählen II";"mod.mmp-AVE02.FS27_BS.002";"20270505T071500Z";"20270505T103000Z";"05.05.2027 09:15:00";"05.05.2027 12:30:00";"Merle Jothe/Andrin Egger";"coaching";"mmp26c2"
"26c2 Audiovisuelles Erzählen II";"mod.mmp-AVE02.FS27_BS.002";"20270505T113000Z";"20270505T144500Z";"05.05.2027 13:30:00";"05.05.2027 16:45:00";"Merle Jothe/Andrin Egger";"coaching";"mmp26c2"
"26c2 Audiovisuelles Erzählen II";"mod.mmp-AVE02.FS27_BS.002";"20270525T113000Z";"20270525T144500Z";"25.05.2027 13:30:00";"25.05.2027 16:45:00";"Merle Jothe/Andrin Egger";"I 0.04/05";"mmp26c2"
"26b Audiovisuelles Erzählen II";"mod.mmp-AVE02.FS27_BS.003";"20270215T081500Z";"20270215T113000Z";"15.02.2027 09:15:00";"15.02.2027 12:30:00";"Merle Jothe/Andrin Egger";"140";"mmp26b"
"26b Audiovisuelles Erzählen II";"mod.mmp-AVE02.FS27_BS.003";"20270215T123000Z";"20270215T154500Z";"15.02.2027 13:30:00";"15.02.2027 16:45:00";"Merle Jothe/Andrin Egger";"140";"mmp26b"
"26b Audiovisuelles Erzählen II";"mod.mmp-AVE02.FS27_BS.003";"20270216T081500Z";"20270216T113000Z";"16.02.2027 09:15:00";"16.02.2027 12:30:00";"Merle Jothe/Andrin Egger";"140";"mmp26b"
"26b Audiovisuelles Erzählen II";"mod.mmp-AVE02.FS27_BS.003";"20270216T123000Z";"20270216T154500Z";"16.02.2027 13:30:00";"16.02.2027 16:45:00";"Merle Jothe/Andrin Egger";"140";"mmp26b"
"26b Audiovisuelles Erzählen II";"mod.mmp-AVE02.FS27_BS.003";"20270217T081500Z";"20270217T113000Z";"17.02.2027 09:15:00";"17.02.2027 12:30:00";"Merle Jothe/Andrin Egger";"140/0.10";"mmp26b"
"26b Audiovisuelles Erzählen II";"mod.mmp-AVE02.FS27_BS.003";"20270217T123000Z";"20270217T154500Z";"17.02.2027 13:30:00";"17.02.2027 16:45:00";"Merle Jothe/Andrin Egger";"140/0.10/211";"mmp26b"
"26b Audiovisuelles Erzählen II";"mod.mmp-AVE02.FS27_BS.003";"20270218T081500Z";"20270218T113000Z";"18.02.2027 09:15:00";"18.02.2027 12:30:00";"Merle Jothe/Andrin Egger";"online";"mmp26b"
"26b Audiovisuelles Erzählen II";"mod.mmp-AVE02.FS27_BS.003";"20270218T123000Z";"20270218T154500Z";"18.02.2027 13:30:00";"18.02.2027 16:45:00";"Merle Jothe/Andrin Egger";"online";"mmp26b"
"26b Audiovisuelles Erzählen II";"mod.mmp-AVE02.FS27_BS.003";"20270219T081500Z";"20270219T113000Z";"19.02.2027 09:15:00";"19.02.2027 12:30:00";"Merle Jothe/Andrin Egger";"online";"mmp26b"
"26b Audiovisuelles Erzählen II";"mod.mmp-AVE02.FS27_BS.003";"20270219T123000Z";"20270219T154500Z";"19.02.2027 13:30:00";"19.02.2027 16:45:00";"Merle Jothe/Andrin Egger";"online";"mmp26b"
"26b Audiovisuelles Erzählen II";"mod.mmp-AVE02.FS27_BS.003";"20270302T081500Z";"20270302T113000Z";"02.03.2027 09:15:00";"02.03.2027 12:30:00";"Merle Jothe/Andrin Egger";"140";"mmp26b"
"26b Audiovisuelles Erzählen II";"mod.mmp-AVE02.FS27_BS.003";"20270406T071500Z";"20270406T103000Z";"06.04.2027 09:15:00";"06.04.2027 12:30:00";"Merle Jothe/Andrin Egger";"coaching";"mmp26b"
"26b Audiovisuelles Erzählen II";"mod.mmp-AVE02.FS27_BS.003";"20270429T071500Z";"20270429T103000Z";"29.04.2027 09:15:00";"29.04.2027 12:30:00";"Merle Jothe/Andrin Egger";"coaching";"mmp26b"
"26b Audiovisuelles Erzählen II";"mod.mmp-AVE02.FS27_BS.003";"20270429T113000Z";"20270429T144500Z";"29.04.2027 13:30:00";"29.04.2027 16:45:00";"Merle Jothe/Andrin Egger";"coaching";"mmp26b"
"26b Audiovisuelles Erzählen II";"mod.mmp-AVE02.FS27_BS.003";"20270520T113000Z";"20270520T144500Z";"20.05.2027 13:30:00";"20.05.2027 16:45:00";"Merle Jothe/Andrin Egger";"010";"mmp26b"
"26b Audiovisuelles Erzählen II";"mod.mmp-AVE02.FS27_BS.003";"20270524T071500Z";"20270524T103000Z";"24.05.2027 09:15:00";"24.05.2027 12:30:00";"Merle Jothe/Andrin Egger";"140";"mmp26b"
"26cv Audiovisuelles Erzählen II";"mod.mmp-AVE02.FS27_BS.004";"20270215T081500Z";"20270215T113000Z";"15.02.2027 09:15:00";"15.02.2027 12:30:00";"Merle Jothe/Andrin Egger";"Z2.02";"mmp26cv"
"26cv Audiovisuelles Erzählen II";"mod.mmp-AVE02.FS27_BS.004";"20270215T123000Z";"20270215T154500Z";"15.02.2027 13:30:00";"15.02.2027 16:45:00";"Merle Jothe/Andrin Egger";"Z2.02";"mmp26cv"
"26cv Audiovisuelles Erzählen II";"mod.mmp-AVE02.FS27_BS.004";"20270216T081500Z";"20270216T113000Z";"16.02.2027 09:15:00";"16.02.2027 12:30:00";"Merle Jothe/Andrin Egger";"Z2.02";"mmp26cv"
"26cv Audiovisuelles Erzählen II";"mod.mmp-AVE02.FS27_BS.004";"20270216T123000Z";"20270216T154500Z";"16.02.2027 13:30:00";"16.02.2027 16:45:00";"Merle Jothe/Andrin Egger";"Z2.02";"mmp26cv"
"26cv Audiovisuelles Erzählen II";"mod.mmp-AVE02.FS27_BS.004";"20270217T081500Z";"20270217T113000Z";"17.02.2027 09:15:00";"17.02.2027 12:30:00";"Merle Jothe/Andrin Egger";"online";"mmp26cv"
"26cv Audiovisuelles Erzählen II";"mod.mmp-AVE02.FS27_BS.004";"20270217T123000Z";"20270217T154500Z";"17.02.2027 13:30:00";"17.02.2027 16:45:00";"Merle Jothe/Andrin Egger";"online";"mmp26cv"
"26cv Audiovisuelles Erzählen II";"mod.mmp-AVE02.FS27_BS.004";"20270218T081500Z";"20270218T113000Z";"18.02.2027 09:15:00";"18.02.2027 12:30:00";"Merle Jothe/Andrin Egger";"Z2.02/Z2.03";"mmp26cv"
"26cv Audiovisuelles Erzählen II";"mod.mmp-AVE02.FS27_BS.004";"20270218T123000Z";"20270218T154500Z";"18.02.2027 13:30:00";"18.02.2027 16:45:00";"Merle Jothe/Andrin Egger";"Z2.02/Z2.03";"mmp26cv"
"26cv Audiovisuelles Erzählen II";"mod.mmp-AVE02.FS27_BS.004";"20270219T081500Z";"20270219T113000Z";"19.02.2027 09:15:00";"19.02.2027 12:30:00";"Merle Jothe/Andrin Egger";"online";"mmp26cv"
"26cv Audiovisuelles Erzählen II";"mod.mmp-AVE02.FS27_BS.004";"20270219T123000Z";"20270219T154500Z";"19.02.2027 13:30:00";"19.02.2027 16:45:00";"Merle Jothe/Andrin Egger";"online";"mmp26cv"
"26cv Audiovisuelles Erzählen II";"mod.mmp-AVE02.FS27_BS.004";"20270301T123000Z";"20270301T154500Z";"01.03.2027 13:30:00";"01.03.2027 16:45:00";"Merle Jothe/Andrin Egger";"Z2.02";"mmp26cv"
"26cv Audiovisuelles Erzählen II";"mod.mmp-AVE02.FS27_BS.004";"20270405T113000Z";"20270405T144500Z";"05.04.2027 13:30:00";"05.04.2027 16:45:00";"Merle Jothe/Andrin Egger";"coaching";"mmp26cv"
"26cv Audiovisuelles Erzählen II";"mod.mmp-AVE02.FS27_BS.004";"20270405T150000Z";"20270405T163000Z";"05.04.2027 17:00:00";"05.04.2027 18:30:00";"Merle Jothe/Andrin Egger";"coaching";"mmp26cv"
"26cv Audiovisuelles Erzählen II";"mod.mmp-AVE02.FS27_BS.004";"20270504T150000Z";"20270504T163000Z";"04.05.2027 17:00:00";"04.05.2027 18:30:00";"Merle Jothe/Andrin Egger";"coaching";"mmp26cv"
"26cv Audiovisuelles Erzählen II";"mod.mmp-AVE02.FS27_BS.004";"20270518T113000Z";"20270518T144500Z";"18.05.2027 13:30:00";"18.05.2027 16:45:00";"Merle Jothe/Andrin Egger";"Z2.02";"mmp26cv"
"26cv Audiovisuelles Erzählen II";"mod.mmp-AVE02.FS27_BS.004";"20270524T113000Z";"20270524T144500Z";"24.05.2027 13:30:00";"24.05.2027 16:45:00";"Merle Jothe/Andrin Egger";"Z2.02";"mmp26cv"
"25c2 Schreiben und Sprechen IV";"mod.mmp-SRSP04.FS27_BS.002";"20270215T081500Z";"20270215T113000Z";"15.02.2027 09:15:00";"15.02.2027 12:30:00";"Petra Hasler";"I 0.04/05";"mmp25c2"
"25c2 Schreiben und Sprechen IV";"mod.mmp-SRSP04.FS27_BS.002";"20270215T081500Z";"20270215T113000Z";"15.02.2027 09:15:00";"15.02.2027 12:30:00";"Petra Hasler";"I 0.04/05";"mmp25c2"
"25c2 Schreiben und Sprechen IV";"mod.mmp-SRSP04.FS27_BS.002";"20270215T123000Z";"20270215T154500Z";"15.02.2027 13:30:00";"15.02.2027 16:45:00";"Petra Hasler";"I 0.04/05";"mmp25c2"
"25c2 Schreiben und Sprechen IV";"mod.mmp-SRSP04.FS27_BS.002";"20270215T123000Z";"20270215T154500Z";"15.02.2027 13:30:00";"15.02.2027 16:45:00";"Petra Hasler";"I 0.04/05";"mmp25c2"
"25c2 Schreiben und Sprechen IV";"mod.mmp-SRSP04.FS27_BS.002";"20270216T081500Z";"20270216T113000Z";"16.02.2027 09:15:00";"16.02.2027 12:30:00";"Petra Hasler";"I 0.04/05";"mmp25c2"
"25c2 Schreiben und Sprechen IV";"mod.mmp-SRSP04.FS27_BS.002";"20270216T081500Z";"20270216T113000Z";"16.02.2027 09:15:00";"16.02.2027 12:30:00";"Petra Hasler";"I 0.04/05";"mmp25c2"
"25c2 Schreiben und Sprechen IV";"mod.mmp-SRSP04.FS27_BS.002";"20270216T123000Z";"20270216T154500Z";"16.02.2027 13:30:00";"16.02.2027 16:45:00";"Petra Hasler";"I 0.04/05";"mmp25c2"
"25c2 Schreiben und Sprechen IV";"mod.mmp-SRSP04.FS27_BS.002";"20270216T123000Z";"20270216T154500Z";"16.02.2027 13:30:00";"16.02.2027 16:45:00";"Petra Hasler";"I 0.04/05";"mmp25c2"
"25c2 Schreiben und Sprechen IV";"mod.mmp-SRSP04.FS27_BS.002";"20270303T081500Z";"20270303T113000Z";"03.03.2027 09:15:00";"03.03.2027 12:30:00";"Petra Hasler";"I-0.31/I-0.11";"mmp25c2"
"25c2 Schreiben und Sprechen IV";"mod.mmp-SRSP04.FS27_BS.002";"20270303T123000Z";"20270303T154500Z";"03.03.2027 13:30:00";"03.03.2027 16:45:00";"Petra Hasler";"I-0.31/I-0.11";"mmp25c2"
"25c2 Schreiben und Sprechen IV";"mod.mmp-SRSP04.FS27_BS.002";"20270304T081500Z";"20270304T113000Z";"04.03.2027 09:15:00";"04.03.2027 12:30:00";"Petra Hasler";"tba";"mmp25c2"
"25c2 Schreiben und Sprechen IV";"mod.mmp-SRSP04.FS27_BS.002";"20270304T123000Z";"20270304T154500Z";"04.03.2027 13:30:00";"04.03.2027 16:45:00";"Petra Hasler";"tba";"mmp25c2"
"25c2 Schreiben und Sprechen IV";"mod.mmp-SRSP04.FS27_BS.002";"20270406T071500Z";"20270406T103000Z";"06.04.2027 09:15:00";"06.04.2027 12:30:00";"Petra Hasler";"ganze Eduzone";"mmp25c2"
"25c2 Schreiben und Sprechen IV";"mod.mmp-SRSP04.FS27_BS.002";"20270406T113000Z";"20270406T144500Z";"06.04.2027 13:30:00";"06.04.2027 16:45:00";"Petra Hasler";"ganze Eduzone";"mmp25c2"
"25c2 Schreiben und Sprechen IV";"mod.mmp-SRSP04.FS27_BS.002";"20270407T071500Z";"20270407T103000Z";"07.04.2027 09:15:00";"07.04.2027 12:30:00";"Petra Hasler";"ganze Eduzone";"mmp25c2"
"25c2 Schreiben und Sprechen IV";"mod.mmp-SRSP04.FS27_BS.002";"20270407T071500Z";"20270407T103000Z";"07.04.2027 09:15:00";"07.04.2027 12:30:00";"Petra Hasler";"I 0.30";"mmp25c2"
"25c2 Schreiben und Sprechen IV";"mod.mmp-SRSP04.FS27_BS.002";"20270407T113000Z";"20270407T144500Z";"07.04.2027 13:30:00";"07.04.2027 16:45:00";"Petra Hasler";"ganze Eduzone";"mmp25c2"
"25c2 Schreiben und Sprechen IV";"mod.mmp-SRSP04.FS27_BS.002";"20270407T113000Z";"20270407T144500Z";"07.04.2027 13:30:00";"07.04.2027 16:45:00";"Petra Hasler";"I 0.30";"mmp25c2"
"25c2 Schreiben und Sprechen IV";"mod.mmp-SRSP04.FS27_BS.002";"20270408T071500Z";"20270408T103000Z";"08.04.2027 09:15:00";"08.04.2027 12:30:00";"Petra Hasler";"I-0.31";"mmp25c2"
"25c2 Schreiben und Sprechen IV";"mod.mmp-SRSP04.FS27_BS.002";"20270408T113000Z";"20270408T144500Z";"08.04.2027 13:30:00";"08.04.2027 16:45:00";"Petra Hasler";"I-0.31";"mmp25c2"
"25c2 Schreiben und Sprechen IV";"mod.mmp-SRSP04.FS27_BS.002";"20270428T071500Z";"20270428T103000Z";"28.04.2027 09:15:00";"28.04.2027 12:30:00";"Petra Hasler";"I 0.30";"mmp25c2"
"25c2 Schreiben und Sprechen IV";"mod.mmp-SRSP04.FS27_BS.002";"20270428T113000Z";"20270428T144500Z";"28.04.2027 13:30:00";"28.04.2027 16:45:00";"Petra Hasler";"I 0.30";"mmp25c2"
"25c2 Schreiben und Sprechen IV";"mod.mmp-SRSP04.FS27_BS.002";"20270429T071500Z";"20270429T103000Z";"29.04.2027 09:15:00";"29.04.2027 12:30:00";"Petra Hasler";"I 0.30";"mmp25c2"
"25c2 Schreiben und Sprechen IV";"mod.mmp-SRSP04.FS27_BS.002";"20270429T113000Z";"20270429T144500Z";"29.04.2027 13:30:00";"29.04.2027 16:45:00";"Petra Hasler";"I 0.30";"mmp25c2"
"26c1 Visualisieren II – Mediengestaltung 2";"modk.mmp-MEDGE2.FS27_BS.001";"20270222T081500Z";"20270222T113000Z";"22.02.2027 09:15:00";"22.02.2027 12:30:00";"Tanja Hess";"I 0.02/03";"mmp26c1"
"26c1 Visualisieren II – Mediengestaltung 2";"modk.mmp-MEDGE2.FS27_BS.001";"20270222T123000Z";"20270222T154500Z";"22.02.2027 13:30:00";"22.02.2027 16:45:00";"Tanja Hess";"I 0.02/03";"mmp26c1"
"26c1 Visualisieren II – Mediengestaltung 2";"modk.mmp-MEDGE2.FS27_BS.001";"20270223T081500Z";"20270223T113000Z";"23.02.2027 09:15:00";"23.02.2027 12:30:00";"Tanja Hess";"I 0.02/03";"mmp26c1"
"26c1 Visualisieren II – Mediengestaltung 2";"modk.mmp-MEDGE2.FS27_BS.001";"20270223T123000Z";"20270223T154500Z";"23.02.2027 13:30:00";"23.02.2027 16:45:00";"Tanja Hess";"I 0.02/03";"mmp26c1"
"26c1 Visualisieren II – Mediengestaltung 2";"modk.mmp-MEDGE2.FS27_BS.001";"20270224T081500Z";"20270224T113000Z";"24.02.2027 09:15:00";"24.02.2027 12:30:00";"Tanja Hess";"I 0.02/03";"mmp26c1"
"26c1 Visualisieren II – Mediengestaltung 2";"modk.mmp-MEDGE2.FS27_BS.001";"20270224T123000Z";"20270224T154500Z";"24.02.2027 13:30:00";"24.02.2027 16:45:00";"Tanja Hess";"I 0.02/03";"mmp26c1"
"26c1 Visualisieren II – Mediengestaltung 2";"modk.mmp-MEDGE2.FS27_BS.001";"20270225T081500Z";"20270225T113000Z";"25.02.2027 09:15:00";"25.02.2027 12:30:00";"Tanja Hess";"I 0.02/03";"mmp26c1"
"26c1 Visualisieren II – Mediengestaltung 2";"modk.mmp-MEDGE2.FS27_BS.001";"20270225T123000Z";"20270225T154500Z";"25.02.2027 13:30:00";"25.02.2027 16:45:00";"Tanja Hess";"I 0.02/03";"mmp26c1"
"26c1 Visualisieren II – Sketch&Draw 2";"modk.mmp-SKEDRA2.FS27_BS.001";"20270412T071500Z";"20270412T103000Z";"12.04.2027 09:15:00";"12.04.2027 12:30:00";"Tanja Hess";"I 0.02/03";"mmp26c1"
"26c1 Visualisieren II – Sketch&Draw 2";"modk.mmp-SKEDRA2.FS27_BS.001";"20270412T113000Z";"20270412T144500Z";"12.04.2027 13:30:00";"12.04.2027 16:45:00";"Tanja Hess";"I 0.02/03";"mmp26c1"
"26c1 Visualisieren II – Sketch&Draw 2";"modk.mmp-SKEDRA2.FS27_BS.001";"20270413T071500Z";"20270413T103000Z";"13.04.2027 09:15:00";"13.04.2027 12:30:00";"Tanja Hess";"I 0.02/03";"mmp26c1"
"26c1 Visualisieren II – Sketch&Draw 2";"modk.mmp-SKEDRA2.FS27_BS.001";"20270413T113000Z";"20270413T144500Z";"13.04.2027 13:30:00";"13.04.2027 16:45:00";"Tanja Hess";"I 0.02/03";"mmp26c1"
"26c1 Visualisieren II – Sketch&Draw 2";"modk.mmp-SKEDRA2.FS27_BS.001";"20270414T071500Z";"20270414T103000Z";"14.04.2027 09:15:00";"14.04.2027 12:30:00";"Tanja Hess";"I 0.02/03";"mmp26c1"
"26c1 Visualisieren II – Sketch&Draw 2";"modk.mmp-SKEDRA2.FS27_BS.001";"20270414T113000Z";"20270414T144500Z";"14.04.2027 13:30:00";"14.04.2027 16:45:00";"Tanja Hess";"I 0.02/03";"mmp26c1"
"26c1 Visualisieren II – Sketch&Draw 2";"modk.mmp-SKEDRA2.FS27_BS.001";"20270421T071500Z";"20270421T103000Z";"21.04.2027 09:15:00";"21.04.2027 12:30:00";"Tanja Hess";"I 0.02/03";"mmp26c1"
"26c1 Visualisieren II – Sketch&Draw 2";"modk.mmp-SKEDRA2.FS27_BS.001";"20270421T113000Z";"20270421T144500Z";"21.04.2027 13:30:00";"21.04.2027 16:45:00";"Tanja Hess";"I 0.02/03";"mmp26c1"
"26c2 Visualisieren II – Mediengestaltung 2";"modk.mmp-MEDGE2.FS27_BS.002";"20270222T081500Z";"20270222T113000Z";"22.02.2027 09:15:00";"22.02.2027 12:30:00";"Tanja Hess";"I 0.02/03";"mmp26c2"
"26c2 Visualisieren II – Mediengestaltung 2";"modk.mmp-MEDGE2.FS27_BS.002";"20270222T123000Z";"20270222T154500Z";"22.02.2027 13:30:00";"22.02.2027 16:45:00";"Tanja Hess";"I 0.02/03";"mmp26c2"
"26c2 Visualisieren II – Mediengestaltung 2";"modk.mmp-MEDGE2.FS27_BS.002";"20270223T081500Z";"20270223T113000Z";"23.02.2027 09:15:00";"23.02.2027 12:30:00";"Tanja Hess";"I 0.02/03";"mmp26c2"
"26c2 Visualisieren II – Mediengestaltung 2";"modk.mmp-MEDGE2.FS27_BS.002";"20270223T123000Z";"20270223T154500Z";"23.02.2027 13:30:00";"23.02.2027 16:45:00";"Tanja Hess";"I 0.02/03";"mmp26c2"
"26c2 Visualisieren II – Mediengestaltung 2";"modk.mmp-MEDGE2.FS27_BS.002";"20270224T081500Z";"20270224T113000Z";"24.02.2027 09:15:00";"24.02.2027 12:30:00";"Tanja Hess";"I 0.02/03";"mmp26c2"
"26c2 Visualisieren II – Mediengestaltung 2";"modk.mmp-MEDGE2.FS27_BS.002";"20270224T123000Z";"20270224T154500Z";"24.02.2027 13:30:00";"24.02.2027 16:45:00";"Tanja Hess";"I 0.02/03";"mmp26c2"
"26c2 Visualisieren II – Mediengestaltung 2";"modk.mmp-MEDGE2.FS27_BS.002";"20270225T081500Z";"20270225T113000Z";"25.02.2027 09:15:00";"25.02.2027 12:30:00";"Tanja Hess";"I 0.02/03";"mmp26c2"
"26c2 Visualisieren II – Mediengestaltung 2";"modk.mmp-MEDGE2.FS27_BS.002";"20270225T123000Z";"20270225T154500Z";"25.02.2027 13:30:00";"25.02.2027 16:45:00";"Tanja Hess";"I 0.02/03";"mmp26c2"
"26c2 Visualisieren II – Sketch&Draw 2";"modk.mmp-SKEDRA2.FS27_BS.002";"20270412T071500Z";"20270412T103000Z";"12.04.2027 09:15:00";"12.04.2027 12:30:00";"Tanja Hess";"I 0.02/03";"mmp26c2"
"26c2 Visualisieren II – Sketch&Draw 2";"modk.mmp-SKEDRA2.FS27_BS.002";"20270412T113000Z";"20270412T144500Z";"12.04.2027 13:30:00";"12.04.2027 16:45:00";"Tanja Hess";"I 0.02/03";"mmp26c2"
"26c2 Visualisieren II – Sketch&Draw 2";"modk.mmp-SKEDRA2.FS27_BS.002";"20270413T071500Z";"20270413T103000Z";"13.04.2027 09:15:00";"13.04.2027 12:30:00";"Tanja Hess";"I 0.02/03";"mmp26c2"
"26c2 Visualisieren II – Sketch&Draw 2";"modk.mmp-SKEDRA2.FS27_BS.002";"20270413T113000Z";"20270413T144500Z";"13.04.2027 13:30:00";"13.04.2027 16:45:00";"Tanja Hess";"I 0.02/03";"mmp26c2"
"26c2 Visualisieren II – Sketch&Draw 2";"modk.mmp-SKEDRA2.FS27_BS.002";"20270414T071500Z";"20270414T103000Z";"14.04.2027 09:15:00";"14.04.2027 12:30:00";"Tanja Hess";"I 0.02/03";"mmp26c2"
"26c2 Visualisieren II – Sketch&Draw 2";"modk.mmp-SKEDRA2.FS27_BS.002";"20270414T113000Z";"20270414T144500Z";"14.04.2027 13:30:00";"14.04.2027 16:45:00";"Tanja Hess";"I 0.02/03";"mmp26c2"
"26c2 Visualisieren II – Sketch&Draw 2";"modk.mmp-SKEDRA2.FS27_BS.002";"20270421T071500Z";"20270421T103000Z";"21.04.2027 09:15:00";"21.04.2027 12:30:00";"Tanja Hess";"I 0.02/03";"mmp26c2"
"26c2 Visualisieren II – Sketch&Draw 2";"modk.mmp-SKEDRA2.FS27_BS.002";"20270421T113000Z";"20270421T144500Z";"21.04.2027 13:30:00";"21.04.2027 16:45:00";"Tanja Hess";"I 0.02/03";"mmp26c2"
"26b Visualisieren II – Sketch&Draw 2";"modk.mmp-SKEDRA2.FS27_BS.003";"20270222T081500Z";"20270222T113000Z";"22.02.2027 09:15:00";"22.02.2027 12:30:00";"Tanja Hess";"140";"mmp26b"
"26b Visualisieren II – Sketch&Draw 2";"modk.mmp-SKEDRA2.FS27_BS.003";"20270222T123000Z";"20270222T154500Z";"22.02.2027 13:30:00";"22.02.2027 16:45:00";"Tanja Hess";"140";"mmp26b"
"26b Visualisieren II – Sketch&Draw 2";"modk.mmp-SKEDRA2.FS27_BS.003";"20270223T081500Z";"20270223T113000Z";"23.02.2027 09:15:00";"23.02.2027 12:30:00";"Tanja Hess";"140";"mmp26b"
"26b Visualisieren II – Sketch&Draw 2";"modk.mmp-SKEDRA2.FS27_BS.003";"20270223T123000Z";"20270223T154500Z";"23.02.2027 13:30:00";"23.02.2027 16:45:00";"Tanja Hess";"140";"mmp26b"
"26b Visualisieren II – Sketch&Draw 2";"modk.mmp-SKEDRA2.FS27_BS.003";"20270224T081500Z";"20270224T113000Z";"24.02.2027 09:15:00";"24.02.2027 12:30:00";"Tanja Hess";"340";"mmp26b"
"26b Visualisieren II – Sketch&Draw 2";"modk.mmp-SKEDRA2.FS27_BS.003";"20270224T123000Z";"20270224T154500Z";"24.02.2027 13:30:00";"24.02.2027 16:45:00";"Tanja Hess";"340";"mmp26b"
"26b Visualisieren II – Sketch&Draw 2";"modk.mmp-SKEDRA2.FS27_BS.003";"20270225T081500Z";"20270225T113000Z";"25.02.2027 09:15:00";"25.02.2027 12:30:00";"Tanja Hess";"340";"mmp26b"
"26b Visualisieren II – Sketch&Draw 2";"modk.mmp-SKEDRA2.FS27_BS.003";"20270225T123000Z";"20270225T154500Z";"25.02.2027 13:30:00";"25.02.2027 16:45:00";"Tanja Hess";"340";"mmp26b"
"26b Visualisieren II – Mediengestaltung 2";"modk.mmp-MEDGE2.FS27_BS.003";"20270412T071500Z";"20270412T103000Z";"12.04.2027 09:15:00";"12.04.2027 12:30:00";"Tanja Hess";"140";"mmp26b"
"26b Visualisieren II – Mediengestaltung 2";"modk.mmp-MEDGE2.FS27_BS.003";"20270412T113000Z";"20270412T144500Z";"12.04.2027 13:30:00";"12.04.2027 16:45:00";"Tanja Hess";"140";"mmp26b"
"26b Visualisieren II – Mediengestaltung 2";"modk.mmp-MEDGE2.FS27_BS.003";"20270413T071500Z";"20270413T103000Z";"13.04.2027 09:15:00";"13.04.2027 12:30:00";"Tanja Hess";"140";"mmp26b"
"26b Visualisieren II – Mediengestaltung 2";"modk.mmp-MEDGE2.FS27_BS.003";"20270413T113000Z";"20270413T144500Z";"13.04.2027 13:30:00";"13.04.2027 16:45:00";"Tanja Hess";"140";"mmp26b"
"26b Visualisieren II – Mediengestaltung 2";"modk.mmp-MEDGE2.FS27_BS.003";"20270414T071500Z";"20270414T103000Z";"14.04.2027 09:15:00";"14.04.2027 12:30:00";"Tanja Hess";"140";"mmp26b"
"26b Visualisieren II – Mediengestaltung 2";"modk.mmp-MEDGE2.FS27_BS.003";"20270414T113000Z";"20270414T144500Z";"14.04.2027 13:30:00";"14.04.2027 16:45:00";"Tanja Hess";"140";"mmp26b"
"26b Visualisieren II – Sketch&Draw 2";"modk.mmp-SKEDRA2.FS27_BS.003";"20270419T071500Z";"20270419T103000Z";"19.04.2027 09:15:00";"19.04.2027 12:30:00";"Tanja Hess";"140";"mmp26b"
"26b Visualisieren II – Sketch&Draw 2";"modk.mmp-SKEDRA2.FS27_BS.003";"20270419T113000Z";"20270419T144500Z";"19.04.2027 13:30:00";"19.04.2027 16:45:00";"Tanja Hess";"140";"mmp26b"
"26cv Visualisieren II – Sketch&Draw 2";"modk.mmp-SKEDRA2.FS27_BS.004";"20270222T081500Z";"20270222T113000Z";"22.02.2027 09:15:00";"22.02.2027 12:30:00";"Tanja Hess";"Z2.02";"mmp26cv"
"26cv Visualisieren II – Sketch&Draw 2";"modk.mmp-SKEDRA2.FS27_BS.004";"20270222T123000Z";"20270222T154500Z";"22.02.2027 13:30:00";"22.02.2027 16:45:00";"Tanja Hess";"Z2.02";"mmp26cv"
"26cv Visualisieren II – Sketch&Draw 2";"modk.mmp-SKEDRA2.FS27_BS.004";"20270223T081500Z";"20270223T113000Z";"23.02.2027 09:15:00";"23.02.2027 12:30:00";"Tanja Hess";"Z2.02";"mmp26cv"
"26cv Visualisieren II – Sketch&Draw 2";"modk.mmp-SKEDRA2.FS27_BS.004";"20270223T123000Z";"20270223T154500Z";"23.02.2027 13:30:00";"23.02.2027 16:45:00";"Tanja Hess";"Z2.02";"mmp26cv"
"26cv Visualisieren II – Sketch&Draw 2";"modk.mmp-SKEDRA2.FS27_BS.004";"20270322T081500Z";"20270322T113000Z";"22.03.2027 09:15:00";"22.03.2027 12:30:00";"Tanja Hess";"Z2.02";"mmp26cv"
"26cv Visualisieren II – Sketch&Draw 2";"modk.mmp-SKEDRA2.FS27_BS.004";"20270322T123000Z";"20270322T154500Z";"22.03.2027 13:30:00";"22.03.2027 16:45:00";"Tanja Hess";"Z2.02";"mmp26cv"
"26cv Visualisieren II – Mediengestaltung 2";"modk.mmp-MEDGE2.FS27_BS.004";"20270412T071500Z";"20270412T103000Z";"12.04.2027 09:15:00";"12.04.2027 12:30:00";"Tanja Hess";"Z2.02";"mmp26cv"
"26cv Visualisieren II – Mediengestaltung 2";"modk.mmp-MEDGE2.FS27_BS.004";"20270412T113000Z";"20270412T144500Z";"12.04.2027 13:30:00";"12.04.2027 16:45:00";"Tanja Hess";"Z2.02";"mmp26cv"
"26cv Visualisieren II – Mediengestaltung 2";"modk.mmp-MEDGE2.FS27_BS.004";"20270413T071500Z";"20270413T103000Z";"13.04.2027 09:15:00";"13.04.2027 12:30:00";"Tanja Hess";"Z2.02";"mmp26cv"
"26cv Visualisieren II – Mediengestaltung 2";"modk.mmp-MEDGE2.FS27_BS.004";"20270413T113000Z";"20270413T144500Z";"13.04.2027 13:30:00";"13.04.2027 16:45:00";"Tanja Hess";"Z2.02";"mmp26cv"
"25cv Schreiben und Sprechen IV";"mod.mmp-SRSP04.FS27_BS.004";"20270222T081500Z";"20270222T113000Z";"22.02.2027 09:15:00";"22.02.2027 12:30:00";"Petra Hasler";"Z0.03/Z1.15";"mmp25cv"
"25cv Schreiben und Sprechen IV";"mod.mmp-SRSP04.FS27_BS.004";"20270222T123000Z";"20270222T154500Z";"22.02.2027 13:30:00";"22.02.2027 16:45:00";"Petra Hasler";"Z0.03/Z1.15";"mmp25cv"
"25cv Schreiben und Sprechen IV";"mod.mmp-SRSP04.FS27_BS.004";"20270302T081500Z";"20270302T113000Z";"02.03.2027 09:15:00";"02.03.2027 12:30:00";"Petra Hasler";"Z0.03";"mmp25cv"
"25cv Schreiben und Sprechen IV";"mod.mmp-SRSP04.FS27_BS.004";"20270302T123000Z";"20270302T154500Z";"02.03.2027 13:30:00";"02.03.2027 16:45:00";"Petra Hasler";"Z0.03";"mmp25cv"
"25cv Schreiben und Sprechen IV";"mod.mmp-SRSP04.FS27_BS.004";"20270316T081500Z";"20270316T113000Z";"16.03.2027 09:15:00";"16.03.2027 12:30:00";"Petra Hasler";"Z0.03";"mmp25cv"
"25cv Schreiben und Sprechen IV";"mod.mmp-SRSP04.FS27_BS.004";"20270316T123000Z";"20270316T154500Z";"16.03.2027 13:30:00";"16.03.2027 16:45:00";"Petra Hasler";"Z0.03";"mmp25cv"
"25cv Schreiben und Sprechen IV";"mod.mmp-SRSP04.FS27_BS.004";"20270322T081500Z";"20270322T113000Z";"22.03.2027 09:15:00";"22.03.2027 12:30:00";"Petra Hasler";"Z0.03/Z2,03";"mmp25cv"
"25cv Schreiben und Sprechen IV";"mod.mmp-SRSP04.FS27_BS.004";"20270322T123000Z";"20270322T154500Z";"22.03.2027 13:30:00";"22.03.2027 16:45:00";"Petra Hasler";"Z0.03/Z2,03";"mmp25cv"
"25cv Schreiben und Sprechen IV";"mod.mmp-SRSP04.FS27_BS.004";"20270323T123000Z";"20270323T154500Z";"23.03.2027 13:30:00";"23.03.2027 16:45:00";"Petra Hasler";"Coaching";"mmp25cv"
"25cv Schreiben und Sprechen IV";"mod.mmp-SRSP04.FS27_BS.004";"20270420T071500Z";"20270420T103000Z";"20.04.2027 09:15:00";"20.04.2027 12:30:00";"Petra Hasler";"Z0.03";"mmp25cv"
"25cv Schreiben und Sprechen IV";"mod.mmp-SRSP04.FS27_BS.004";"20270420T113000Z";"20270420T144500Z";"20.04.2027 13:30:00";"20.04.2027 16:45:00";"Petra Hasler";"Z0.03";"mmp25cv"
"25cv Medien-BWL 2";"modk.mmp-MEBWL2.V02.FS27_BS.001";"20270223T081500Z";"20270223T113000Z";"23.02.2027 09:15:00";"23.02.2027 12:30:00";"Marius Hagger";"Z0.03";"mmp25cv"
"25cv Medien-BWL 2";"modk.mmp-MEBWL2.V02.FS27_BS.001";"20270223T123000Z";"20270223T154500Z";"23.02.2027 13:30:00";"23.02.2027 16:45:00";"Marius Hagger";"Z0.03";"mmp25cv"
"25cv Medien-BWL 2";"modk.mmp-MEBWL2.V02.FS27_BS.001";"20270323T081500Z";"20270323T113000Z";"23.03.2027 09:15:00";"23.03.2027 12:30:00";"Marius Hagger";"Z0.03";"mmp25cv"
"25cv Medien-BWL 2";"modk.mmp-MEBWL2.V02.FS27_BS.001";"20270413T071500Z";"20270413T103000Z";"13.04.2027 09:15:00";"13.04.2027 12:30:00";"Marius Hagger";"Z0.03";"mmp25cv"
"25cv Medien-BWL 2";"modk.mmp-MEBWL2.V02.FS27_BS.001";"20270413T113000Z";"20270413T144500Z";"13.04.2027 13:30:00";"13.04.2027 16:45:00";"Marius Hagger";"Z0.03";"mmp25cv"
"25cv Medien-BWL 2";"modk.mmp-MEBWL2.V02.FS27_BS.001";"20270510T071500Z";"20270510T103000Z";"10.05.2027 09:15:00";"10.05.2027 12:30:00";"Marius Hagger";"Z0.03";"mmp25cv"
"25cv Medien-BWL 2";"modk.mmp-MEBWL2.V02.FS27_BS.001";"20270511T071500Z";"20270511T103000Z";"11.05.2027 09:15:00";"11.05.2027 12:30:00";"Marius Hagger";"Z0.03";"mmp25cv"
"25cv Medien-BWL 2";"modk.mmp-MEBWL2.V02.FS27_BS.001";"20270531T071500Z";"20270531T103000Z";"31.05.2027 09:15:00";"31.05.2027 12:30:00";"Marius Hagger";"Z0.03";"mmp25cv"
"26c2 Medienrecht/Medien-BWL I – Medien-BWL 1";"modk.mmp-MEBWL1.FS27_BS.002";"20270301T081500Z";"20270301T113000Z";"01.03.2027 09:15:00";"01.03.2027 12:30:00";"Marius Hagger";"I-0.31";"mmp26c2"
"26c2 Medienrecht/Medien-BWL I – Medien-BWL 1";"modk.mmp-MEBWL1.FS27_BS.002";"20270309T081500Z";"20270309T113000Z";"09.03.2027 09:15:00";"09.03.2027 12:30:00";"Marius Hagger";"I-0.31";"mmp26c2"
"26c2 Medienrecht/Medien-BWL I – Medien-BWL 1";"modk.mmp-MEBWL1.FS27_BS.002";"20270324T081500Z";"20270324T113000Z";"24.03.2027 09:15:00";"24.03.2027 12:30:00";"Marius Hagger";"I-0.31";"mmp26c2"
"26c2 Medienrecht/Medien-BWL I – Medien-BWL 1";"modk.mmp-MEBWL1.FS27_BS.002";"20270406T071500Z";"20270406T103000Z";"06.04.2027 09:15:00";"06.04.2027 12:30:00";"Marius Hagger";"I-0.31";"mmp26c2"
"26c2 Medienrecht/Medien-BWL I – Medien-BWL 1";"modk.mmp-MEBWL1.FS27_BS.002";"20270419T071500Z";"20270419T103000Z";"19.04.2027 09:15:00";"19.04.2027 12:30:00";"Marius Hagger";"I-0.31";"mmp26c2"
"26c2 Medienrecht/Medien-BWL I – Medien-BWL 1";"modk.mmp-MEBWL1.FS27_BS.002";"20270429T071500Z";"20270429T103000Z";"29.04.2027 09:15:00";"29.04.2027 12:30:00";"Marius Hagger";"I-0.31";"mmp26c2"
"26c2 Medienrecht/Medien-BWL I – Medien-BWL 1";"modk.mmp-MEBWL1.FS27_BS.002";"20270525T071500Z";"20270525T103000Z";"25.05.2027 09:15:00";"25.05.2027 12:30:00";"Marius Hagger";"I-0.31";"mmp26c2"
"26c2 Medienrecht/Medien-BWL I – Medien-BWL 1";"modk.mmp-MEBWL1.FS27_BS.002";"20270527T071500Z";"20270527T103000Z";"27.05.2027 09:15:00";"27.05.2027 12:30:00";"Marius Hagger";"I 0.30";"mmp26c2"
"26cv Schreiben und Sprechen II";"mod.mmp-SRSP02.V2.FS27_BS.004";"20270301T081500Z";"20270301T113000Z";"01.03.2027 09:15:00";"01.03.2027 12:30:00";"Petra Hasler";"Z2.02";"mmp26cv"
"26cv Schreiben und Sprechen II";"mod.mmp-SRSP02.V2.FS27_BS.004";"20270309T081500Z";"20270309T113000Z";"09.03.2027 09:15:00";"09.03.2027 12:30:00";"Petra Hasler";"Z2.02";"mmp26cv"
"26cv Schreiben und Sprechen II";"mod.mmp-SRSP02.V2.FS27_BS.004";"20270309T123000Z";"20270309T154500Z";"09.03.2027 13:30:00";"09.03.2027 16:45:00";"Petra Hasler";"Z2.02";"mmp26cv"
"26cv Schreiben und Sprechen II";"mod.mmp-SRSP02.V2.FS27_BS.004";"20270315T081500Z";"20270315T113000Z";"15.03.2027 09:15:00";"15.03.2027 12:30:00";"Petra Hasler";"Z2.02";"mmp26cv"
"26cv Schreiben und Sprechen II";"mod.mmp-SRSP02.V2.FS27_BS.004";"20270315T123000Z";"20270315T154500Z";"15.03.2027 13:30:00";"15.03.2027 16:45:00";"Petra Hasler";"Z2.02";"mmp26cv"
"26cv Schreiben und Sprechen II";"mod.mmp-SRSP02.V2.FS27_BS.004";"20270316T081500Z";"20270316T113000Z";"16.03.2027 09:15:00";"16.03.2027 12:30:00";"Petra Hasler";"Z2.02";"mmp26cv"
"26cv Schreiben und Sprechen II";"mod.mmp-SRSP02.V2.FS27_BS.004";"20270316T123000Z";"20270316T154500Z";"16.03.2027 13:30:00";"16.03.2027 16:45:00";"Petra Hasler";"Z0.03/Z2,03/Tonkabine";"mmp26cv"
"26cv Schreiben und Sprechen II";"mod.mmp-SRSP02.V2.FS27_BS.004";"20270406T071500Z";"20270406T103000Z";"06.04.2027 09:15:00";"06.04.2027 12:30:00";"Petra Hasler";"Z2.02/Z1.15";"mmp26cv"
"26cv Schreiben und Sprechen II";"mod.mmp-SRSP02.V2.FS27_BS.004";"20270406T113000Z";"20270406T144500Z";"06.04.2027 13:30:00";"06.04.2027 16:45:00";"Petra Hasler";"Z2.02/Z1.15";"mmp26cv"
"26cv Schreiben und Sprechen II";"mod.mmp-SRSP02.V2.FS27_BS.004";"20270503T071500Z";"20270503T103000Z";"03.05.2027 09:15:00";"03.05.2027 12:30:00";"Petra Hasler";"online";"mmp26cv"
"26cv Schreiben und Sprechen II";"mod.mmp-SRSP02.V2.FS27_BS.004";"20270503T113000Z";"20270503T144500Z";"03.05.2027 13:30:00";"03.05.2027 16:45:00";"Petra Hasler";"coaching";"mmp26cv"
"26cv Schreiben und Sprechen II";"mod.mmp-SRSP02.V2.FS27_BS.004";"20270504T071500Z";"20270504T103000Z";"04.05.2027 09:15:00";"04.05.2027 12:30:00";"Petra Hasler";"Z2.02/Z1.15/Tonkabine";"mmp26cv"
"26cv Schreiben und Sprechen II";"mod.mmp-SRSP02.V2.FS27_BS.004";"20270504T113000Z";"20270504T144500Z";"04.05.2027 13:30:00";"04.05.2027 16:45:00";"Petra Hasler";"Z2.02/Z1.15/Tonkabine";"mmp26cv"
"25b Schreiben und Sprechen IV";"mod.mmp-SRSP04.FS27_BS.003";"20270301T081500Z";"20270301T113000Z";"01.03.2027 09:15:00";"01.03.2027 12:30:00";"Petra Hasler";"340/320";"mmp25b"
"25b Schreiben und Sprechen IV";"mod.mmp-SRSP04.FS27_BS.003";"20270301T123000Z";"20270301T154500Z";"01.03.2027 13:30:00";"01.03.2027 16:45:00";"Petra Hasler";"340/320";"mmp25b"
"25b Schreiben und Sprechen IV";"mod.mmp-SRSP04.FS27_BS.003";"20270303T081500Z";"20270303T113000Z";"03.03.2027 09:15:00";"03.03.2027 12:30:00";"Petra Hasler";"340/320";"mmp25b"
"25b Schreiben und Sprechen IV";"mod.mmp-SRSP04.FS27_BS.003";"20270303T123000Z";"20270303T154500Z";"03.03.2027 13:30:00";"03.03.2027 16:45:00";"Petra Hasler";"340/320";"mmp25b"
"25b Schreiben und Sprechen IV";"mod.mmp-SRSP04.FS27_BS.003";"20270304T081500Z";"20270304T113000Z";"04.03.2027 09:15:00";"04.03.2027 12:30:00";"Petra Hasler";"340/320";"mmp25b"
"25b Schreiben und Sprechen IV";"mod.mmp-SRSP04.FS27_BS.003";"20270304T123000Z";"20270304T154500Z";"04.03.2027 13:30:00";"04.03.2027 16:45:00";"Petra Hasler";"340/320";"mmp25b"
"25b Schreiben und Sprechen IV";"mod.mmp-SRSP04.FS27_BS.003";"20270405T071500Z";"20270405T103000Z";"05.04.2027 09:15:00";"05.04.2027 12:30:00";"Petra Hasler";"340";"mmp25b"
"25b Schreiben und Sprechen IV";"mod.mmp-SRSP04.FS27_BS.003";"20270405T113000Z";"20270405T144500Z";"05.04.2027 13:30:00";"05.04.2027 16:45:00";"Petra Hasler";"340";"mmp25b"
"25b Schreiben und Sprechen IV";"mod.mmp-SRSP04.FS27_BS.003";"20270406T071500Z";"20270406T103000Z";"06.04.2027 09:15:00";"06.04.2027 12:30:00";"Petra Hasler";"340";"mmp25b"
"25b Schreiben und Sprechen IV";"mod.mmp-SRSP04.FS27_BS.003";"20270406T113000Z";"20270406T144500Z";"06.04.2027 13:30:00";"06.04.2027 16:45:00";"Petra Hasler";"340";"mmp25b"
"25b Schreiben und Sprechen IV";"mod.mmp-SRSP04.FS27_BS.003";"20270407T071500Z";"20270407T103000Z";"07.04.2027 09:15:00";"07.04.2027 12:30:00";"Petra Hasler";"340/320";"mmp25b"
"25b Schreiben und Sprechen IV";"mod.mmp-SRSP04.FS27_BS.003";"20270407T113000Z";"20270407T144500Z";"07.04.2027 13:30:00";"07.04.2027 16:45:00";"Petra Hasler";"340/320";"mmp25b"
"26c1 Medienrecht/Medien-BWL I – Medien-BWL 1";"modk.mmp-MEBWL1.FS27_BS.001";"20270301T123000Z";"20270301T154500Z";"01.03.2027 13:30:00";"01.03.2027 16:45:00";"Marius Hagger";"I-0.31";"mmp26c1"
"26c1 Medienrecht/Medien-BWL I – Medien-BWL 1";"modk.mmp-MEBWL1.FS27_BS.001";"20270309T123000Z";"20270309T154500Z";"09.03.2027 13:30:00";"09.03.2027 16:45:00";"Marius Hagger";"I-0.31";"mmp26c1"
"26c1 Medienrecht/Medien-BWL I – Medien-BWL 1";"modk.mmp-MEBWL1.FS27_BS.001";"20270324T123000Z";"20270324T154500Z";"24.03.2027 13:30:00";"24.03.2027 16:45:00";"Marius Hagger";"I-0.31";"mmp26c1"
"26c1 Medienrecht/Medien-BWL I – Medien-BWL 1";"modk.mmp-MEBWL1.FS27_BS.001";"20270406T113000Z";"20270406T144500Z";"06.04.2027 13:30:00";"06.04.2027 16:45:00";"Marius Hagger";"I-0.31";"mmp26c1"
"26c1 Medienrecht/Medien-BWL I – Medien-BWL 1";"modk.mmp-MEBWL1.FS27_BS.001";"20270419T113000Z";"20270419T144500Z";"19.04.2027 13:30:00";"19.04.2027 16:45:00";"Marius Hagger";"I-0.31";"mmp26c1"
"26c1 Medienrecht/Medien-BWL I – Medien-BWL 1";"modk.mmp-MEBWL1.FS27_BS.001";"20270429T113000Z";"20270429T144500Z";"29.04.2027 13:30:00";"29.04.2027 16:45:00";"Marius Hagger";"I-0.31";"mmp26c1"
"26c1 Medienrecht/Medien-BWL I – Medien-BWL 1";"modk.mmp-MEBWL1.FS27_BS.001";"20270525T113000Z";"20270525T144500Z";"25.05.2027 13:30:00";"25.05.2027 16:45:00";"Marius Hagger";"I-0.31";"mmp26c1"
"26c1 Medienrecht/Medien-BWL I – Medien-BWL 1";"modk.mmp-MEBWL1.FS27_BS.001";"20270527T113000Z";"20270527T144500Z";"27.05.2027 13:30:00";"27.05.2027 16:45:00";"Marius Hagger";"I 0.30";"mmp26c1"
"26b Medienethik I ";"modk.mmp-MEDETH01.V05.FS27_BS.003";"20270301T123000Z";"20270301T154500Z";"01.03.2027 13:30:00";"01.03.2027 16:45:00";"Marie-Therese Mäder";"140";"mmp26b"
"26b Medienethik I ";"modk.mmp-MEDETH01.V05.FS27_BS.003";"20270304T123000Z";"20270304T154500Z";"04.03.2027 13:30:00";"04.03.2027 16:45:00";"Marie-Therese Mäder";"010";"mmp26b"
"26b Medienethik I ";"modk.mmp-MEDETH01.V05.FS27_BS.003";"20270324T081500Z";"20270324T113000Z";"24.03.2027 09:15:00";"24.03.2027 12:30:00";"Marie-Therese Mäder";"010";"mmp26b"
"26b Medienethik I ";"modk.mmp-MEDETH01.V05.FS27_BS.003";"20270421T113000Z";"20270421T144500Z";"21.04.2027 13:30:00";"21.04.2027 16:45:00";"Marie-Therese Mäder";"340";"mmp26b"
"26b Medienethik I ";"modk.mmp-MEDETH01.V05.FS27_BS.003";"20270527T071500Z";"20270527T103000Z";"27.05.2027 09:15:00";"27.05.2027 12:30:00";"Marie-Therese Mäder";"online";"mmp26b"
"26b Medienethik I ";"modk.mmp-MEDETH01.V05.FS27_BS.003";"20270527T113000Z";"20270527T144500Z";"27.05.2027 13:30:00";"27.05.2027 16:45:00";"Marie-Therese Mäder";"online";"mmp26b"
"26b Medienethik I ";"modk.mmp-MEDETH01.V05.FS27_BS.003";"20270602T113000Z";"20270602T144500Z";"02.06.2027 13:30:00";"02.06.2027 16:45:00";"Marie-Therese Mäder";"010";"mmp26b"
"26cv Mediensystem Schweiz – Medienrecht Grundlagen";"modk.mmp-MERECG04.FS27_BS.001";"20270302T081500Z";"20270302T113000Z";"02.03.2027 09:15:00";"02.03.2027 12:30:00";"Daniel Köhler";"Z2.02";"mmp26cv"
"26cv Mediensystem Schweiz – Medienrecht Grundlagen";"modk.mmp-MERECG04.FS27_BS.001";"20270302T123000Z";"20270302T154500Z";"02.03.2027 13:30:00";"02.03.2027 16:45:00";"Daniel Köhler";"Z2.02";"mmp26cv"
"26cv Mediensystem Schweiz – Medienrecht Grundlagen";"modk.mmp-MERECG04.FS27_BS.001";"20270323T081500Z";"20270323T113000Z";"23.03.2027 09:15:00";"23.03.2027 12:30:00";"Daniel Köhler";"online";"mmp26cv"
"26cv Mediensystem Schweiz – Medienrecht Grundlagen";"modk.mmp-MERECG04.FS27_BS.001";"20270323T123000Z";"20270323T154500Z";"23.03.2027 13:30:00";"23.03.2027 16:45:00";"Daniel Köhler";"online";"mmp26cv"
"25c2 Visualisieren IV – Kreativität&Design";"modk.mmp-KREDES.FS27_BS.002";"20270302T081500Z";"20270302T113000Z";"02.03.2027 09:15:00";"02.03.2027 12:30:00";"Tanja Hess";"I 0.02/03";"mmp25c2"
"25c2 Visualisieren IV – Kreativität&Design";"modk.mmp-KREDES.FS27_BS.002";"20270302T081500Z";"20270302T113000Z";"02.03.2027 09:15:00";"02.03.2027 12:30:00";"Tanja Hess";"I 0.02/03";"mmp25c2"
"25c2 Visualisieren IV – Kreativität&Design";"modk.mmp-KREDES.FS27_BS.002";"20270302T123000Z";"20270302T154500Z";"02.03.2027 13:30:00";"02.03.2027 16:45:00";"Tanja Hess";"I 0.02/03";"mmp25c2"
"25c2 Visualisieren IV – Kreativität&Design";"modk.mmp-KREDES.FS27_BS.002";"20270302T123000Z";"20270302T154500Z";"02.03.2027 13:30:00";"02.03.2027 16:45:00";"Tanja Hess";"I 0.02/03";"mmp25c2"
"25c2 Visualisieren IV – Sketch&Draw 4";"modk.mmp-SKEDRA4.V02.FS27_BS.002";"20270303T160000Z";"20270303T173000Z";"03.03.2027 17:00:00";"03.03.2027 18:30:00";"Tanja Hess";"online";"mmp25c2"
"25c2 Visualisieren IV – Sketch&Draw 4";"modk.mmp-SKEDRA4.V02.FS27_BS.002";"20270303T160000Z";"20270303T173000Z";"03.03.2027 17:00:00";"03.03.2027 18:30:00";"Tanja Hess";"online";"mmp25c2"
"25c2 Visualisieren IV – Kreativität&Design";"modk.mmp-KREDES.FS27_BS.002";"20270315T081500Z";"20270315T113000Z";"15.03.2027 09:15:00";"15.03.2027 12:30:00";"Tanja Hess";"I 0.02/03";"mmp25c2"
"25c2 Visualisieren IV – Kreativität&Design";"modk.mmp-KREDES.FS27_BS.002";"20270315T081500Z";"20270315T113000Z";"15.03.2027 09:15:00";"15.03.2027 12:30:00";"Tanja Hess";"I 0.02/03";"mmp25c2"
"25c2 Visualisieren IV – Kreativität&Design";"modk.mmp-KREDES.FS27_BS.002";"20270315T123000Z";"20270315T154500Z";"15.03.2027 13:30:00";"15.03.2027 16:45:00";"Tanja Hess";"I 0.02/03";"mmp25c2"
"25c2 Visualisieren IV – Kreativität&Design";"modk.mmp-KREDES.FS27_BS.002";"20270315T123000Z";"20270315T154500Z";"15.03.2027 13:30:00";"15.03.2027 16:45:00";"Tanja Hess";"I 0.02/03";"mmp25c2"
"25c2 Visualisieren IV – Kreativität&Design";"modk.mmp-KREDES.FS27_BS.002";"20270316T081500Z";"20270316T113000Z";"16.03.2027 09:15:00";"16.03.2027 12:30:00";"Tanja Hess";"I 0.02/03";"mmp25c2"
"25c2 Visualisieren IV – Kreativität&Design";"modk.mmp-KREDES.FS27_BS.002";"20270316T081500Z";"20270316T113000Z";"16.03.2027 09:15:00";"16.03.2027 12:30:00";"Tanja Hess";"I 0.02/03";"mmp25c2"
"25c2 Visualisieren IV – Kreativität&Design";"modk.mmp-KREDES.FS27_BS.002";"20270316T123000Z";"20270316T154500Z";"16.03.2027 13:30:00";"16.03.2027 16:45:00";"Tanja Hess";"I 0.02/03";"mmp25c2"
"25c2 Visualisieren IV – Kreativität&Design";"modk.mmp-KREDES.FS27_BS.002";"20270316T123000Z";"20270316T154500Z";"16.03.2027 13:30:00";"16.03.2027 16:45:00";"Tanja Hess";"I 0.02/03";"mmp25c2"
"25c2 Visualisieren IV – Kreativität&Design";"modk.mmp-KREDES.FS27_BS.002";"20270317T081500Z";"20270317T113000Z";"17.03.2027 09:15:00";"17.03.2027 12:30:00";"Tanja Hess";"I 0.02/03";"mmp25c2"
"25c2 Visualisieren IV – Kreativität&Design";"modk.mmp-KREDES.FS27_BS.002";"20270317T081500Z";"20270317T113000Z";"17.03.2027 09:15:00";"17.03.2027 12:30:00";"Tanja Hess";"I 0.02/03";"mmp25c2"
"25c2 Visualisieren IV – Kreativität&Design";"modk.mmp-KREDES.FS27_BS.002";"20270317T123000Z";"20270317T154500Z";"17.03.2027 13:30:00";"17.03.2027 16:45:00";"Tanja Hess";"I 0.02/03";"mmp25c2"
"25c2 Visualisieren IV – Kreativität&Design";"modk.mmp-KREDES.FS27_BS.002";"20270317T123000Z";"20270317T154500Z";"17.03.2027 13:30:00";"17.03.2027 16:45:00";"Tanja Hess";"I 0.02/03";"mmp25c2"
"25c2 Visualisieren IV – Kreativität&Design";"modk.mmp-KREDES.FS27_BS.002";"20270318T081500Z";"20270318T113000Z";"18.03.2027 09:15:00";"18.03.2027 12:30:00";"Tanja Hess";"I 0.02/03";"mmp25c2"
"25c2 Visualisieren IV – Kreativität&Design";"modk.mmp-KREDES.FS27_BS.002";"20270318T081500Z";"20270318T113000Z";"18.03.2027 09:15:00";"18.03.2027 12:30:00";"Tanja Hess";"I 0.02/03";"mmp25c2"
"25c2 Visualisieren IV – Kreativität&Design";"modk.mmp-KREDES.FS27_BS.002";"20270318T123000Z";"20270318T154500Z";"18.03.2027 13:30:00";"18.03.2027 16:45:00";"Tanja Hess";"I 0.02/03";"mmp25c2"
"25c2 Visualisieren IV – Kreativität&Design";"modk.mmp-KREDES.FS27_BS.002";"20270318T123000Z";"20270318T154500Z";"18.03.2027 13:30:00";"18.03.2027 16:45:00";"Tanja Hess";"I 0.02/03";"mmp25c2"
"25c2 Visualisieren IV – Sketch&Draw 4";"modk.mmp-SKEDRA4.V02.FS27_BS.002";"20270607T071500Z";"20270607T103000Z";"07.06.2027 09:15:00";"07.06.2027 12:30:00";"Tanja Hess";"tba";"mmp25c2"
"25c2 Visualisieren IV – Sketch&Draw 4";"modk.mmp-SKEDRA4.V02.FS27_BS.002";"20270607T071500Z";"20270607T103000Z";"07.06.2027 09:15:00";"07.06.2027 12:30:00";"Tanja Hess";"tba";"mmp25c2"
"25c2 Visualisieren IV – Sketch&Draw 4";"modk.mmp-SKEDRA4.V02.FS27_BS.002";"20270607T113000Z";"20270607T144500Z";"07.06.2027 13:30:00";"07.06.2027 16:45:00";"Tanja Hess";"tba";"mmp25c2"
"25c2 Visualisieren IV – Sketch&Draw 4";"modk.mmp-SKEDRA4.V02.FS27_BS.002";"20270607T113000Z";"20270607T144500Z";"07.06.2027 13:30:00";"07.06.2027 16:45:00";"Tanja Hess";"tba";"mmp25c2"
"25c2 Visualisieren IV – Sketch&Draw 4";"modk.mmp-SKEDRA4.V02.FS27_BS.002";"20270608T071500Z";"20270608T103000Z";"08.06.2027 09:15:00";"08.06.2027 12:30:00";"Tanja Hess";"tba";"mmp25c2"
"25c2 Visualisieren IV – Sketch&Draw 4";"modk.mmp-SKEDRA4.V02.FS27_BS.002";"20270608T071500Z";"20270608T103000Z";"08.06.2027 09:15:00";"08.06.2027 12:30:00";"Tanja Hess";"tba";"mmp25c2"
"25c2 Visualisieren IV – Sketch&Draw 4";"modk.mmp-SKEDRA4.V02.FS27_BS.002";"20270608T113000Z";"20270608T144500Z";"08.06.2027 13:30:00";"08.06.2027 16:45:00";"Tanja Hess";"tba";"mmp25c2"
"25c2 Visualisieren IV – Sketch&Draw 4";"modk.mmp-SKEDRA4.V02.FS27_BS.002";"20270608T113000Z";"20270608T144500Z";"08.06.2027 13:30:00";"08.06.2027 16:45:00";"Tanja Hess";"tba";"mmp25c2"
"25c2 Visualisieren IV – Sketch&Draw 4";"modk.mmp-SKEDRA4.V02.FS27_BS.002";"20270609T071500Z";"20270609T103000Z";"09.06.2027 09:15:00";"09.06.2027 12:30:00";"Tanja Hess";"tba";"mmp25c2"
"25c2 Visualisieren IV – Sketch&Draw 4";"modk.mmp-SKEDRA4.V02.FS27_BS.002";"20270609T071500Z";"20270609T103000Z";"09.06.2027 09:15:00";"09.06.2027 12:30:00";"Tanja Hess";"tba";"mmp25c2"
"25c2 Visualisieren IV – Sketch&Draw 4";"modk.mmp-SKEDRA4.V02.FS27_BS.002";"20270609T113000Z";"20270609T144500Z";"09.06.2027 13:30:00";"09.06.2027 16:45:00";"Tanja Hess";"tba";"mmp25c2"
"25c2 Visualisieren IV – Sketch&Draw 4";"modk.mmp-SKEDRA4.V02.FS27_BS.002";"20270609T113000Z";"20270609T144500Z";"09.06.2027 13:30:00";"09.06.2027 16:45:00";"Tanja Hess";"tba";"mmp25c2"
"25c2 Visualisieren IV – Sketch&Draw 4";"modk.mmp-SKEDRA4.V02.FS27_BS.002";"20270610T071500Z";"20270610T103000Z";"10.06.2027 09:15:00";"10.06.2027 12:30:00";"Tanja Hess";"tba";"mmp25c2"
"25c2 Visualisieren IV – Sketch&Draw 4";"modk.mmp-SKEDRA4.V02.FS27_BS.002";"20270610T071500Z";"20270610T103000Z";"10.06.2027 09:15:00";"10.06.2027 12:30:00";"Tanja Hess";"tba";"mmp25c2"
"25c2 Visualisieren IV – Sketch&Draw 4";"modk.mmp-SKEDRA4.V02.FS27_BS.002";"20270610T113000Z";"20270610T144500Z";"10.06.2027 13:30:00";"10.06.2027 16:45:00";"Tanja Hess";"tba";"mmp25c2"
"25c2 Visualisieren IV – Sketch&Draw 4";"modk.mmp-SKEDRA4.V02.FS27_BS.002";"20270610T113000Z";"20270610T144500Z";"10.06.2027 13:30:00";"10.06.2027 16:45:00";"Tanja Hess";"tba";"mmp25c2"
"25c2 Visualisieren IV – Sketch&Draw 4";"modk.mmp-SKEDRA4.V02.FS27_BS.002";"20270611T071500Z";"20270611T103000Z";"11.06.2027 09:15:00";"11.06.2027 12:30:00";"Tanja Hess";"tba";"mmp25c2"
"25c2 Visualisieren IV – Sketch&Draw 4";"modk.mmp-SKEDRA4.V02.FS27_BS.002";"20270611T071500Z";"20270611T103000Z";"11.06.2027 09:15:00";"11.06.2027 12:30:00";"Tanja Hess";"tba";"mmp25c2"
"25c2 Visualisieren IV – Sketch&Draw 4";"modk.mmp-SKEDRA4.V02.FS27_BS.002";"20270611T113000Z";"20270611T144500Z";"11.06.2027 13:30:00";"11.06.2027 16:45:00";"Tanja Hess";"tba";"mmp25c2"
"25c2 Visualisieren IV – Sketch&Draw 4";"modk.mmp-SKEDRA4.V02.FS27_BS.002";"20270611T113000Z";"20270611T144500Z";"11.06.2027 13:30:00";"11.06.2027 16:45:00";"Tanja Hess";"tba";"mmp25c2"
"25b Visualisieren IV – Kreativität&Design";"modk.mmp-SKEDRA4.V02.FS27_BS.003";"20270302T081500Z";"20270302T113000Z";"02.03.2027 09:15:00";"02.03.2027 12:30:00";"Tanja Hess";"340";"mmp25b"
"25b Visualisieren IV – Kreativität&Design";"modk.mmp-SKEDRA4.V02.FS27_BS.003";"20270302T123000Z";"20270302T154500Z";"02.03.2027 13:30:00";"02.03.2027 16:45:00";"Tanja Hess";"340";"mmp25b"
"25b Visualisieren IV – Sketch&Draw 4";"modk.mmp-SKEDRA4.V02.FS27_BS.003";"20270303T160000Z";"20270303T173000Z";"03.03.2027 17:00:00";"03.03.2027 18:30:00";"Tanja Hess";"online";"mmp25b"
"25b Visualisieren IV – Kreativität&Design";"modk.mmp-SKEDRA4.V02.FS27_BS.003";"20270315T081500Z";"20270315T113000Z";"15.03.2027 09:15:00";"15.03.2027 12:30:00";"Tanja Hess";"211";"mmp25b"
"25b Visualisieren IV – Kreativität&Design";"modk.mmp-SKEDRA4.V02.FS27_BS.003";"20270315T123000Z";"20270315T154500Z";"15.03.2027 13:30:00";"15.03.2027 16:45:00";"Tanja Hess";"211";"mmp25b"
"25b Visualisieren IV – Kreativität&Design";"modk.mmp-SKEDRA4.V02.FS27_BS.003";"20270316T081500Z";"20270316T113000Z";"16.03.2027 09:15:00";"16.03.2027 12:30:00";"Tanja Hess";"211";"mmp25b"
"25b Visualisieren IV – Kreativität&Design";"modk.mmp-SKEDRA4.V02.FS27_BS.003";"20270316T123000Z";"20270316T154500Z";"16.03.2027 13:30:00";"16.03.2027 16:45:00";"Tanja Hess";"211";"mmp25b"
"25b Visualisieren IV – Kreativität&Design";"modk.mmp-SKEDRA4.V02.FS27_BS.003";"20270317T081500Z";"20270317T113000Z";"17.03.2027 09:15:00";"17.03.2027 12:30:00";"Tanja Hess";"211";"mmp25b"
"25b Visualisieren IV – Kreativität&Design";"modk.mmp-SKEDRA4.V02.FS27_BS.003";"20270317T123000Z";"20270317T154500Z";"17.03.2027 13:30:00";"17.03.2027 16:45:00";"Tanja Hess";"211";"mmp25b"
"25b Visualisieren IV – Kreativität&Design";"modk.mmp-SKEDRA4.V02.FS27_BS.003";"20270318T081500Z";"20270318T113000Z";"18.03.2027 09:15:00";"18.03.2027 12:30:00";"Tanja Hess";"211";"mmp25b"
"25b Visualisieren IV – Kreativität&Design";"modk.mmp-SKEDRA4.V02.FS27_BS.003";"20270318T123000Z";"20270318T154500Z";"18.03.2027 13:30:00";"18.03.2027 16:45:00";"Tanja Hess";"211";"mmp25b"
"25b Visualisieren IV – Sketch&Draw 4";"modk.mmp-SKEDRA4.V02.FS27_BS.003";"20270607T071500Z";"20270607T103000Z";"07.06.2027 09:15:00";"07.06.2027 12:30:00";"Tanja Hess";"tba";"mmp25b"
"25b Visualisieren IV – Sketch&Draw 4";"modk.mmp-SKEDRA4.V02.FS27_BS.003";"20270607T113000Z";"20270607T144500Z";"07.06.2027 13:30:00";"07.06.2027 16:45:00";"Tanja Hess";"tba";"mmp25b"
"25b Visualisieren IV – Sketch&Draw 4";"modk.mmp-SKEDRA4.V02.FS27_BS.003";"20270608T071500Z";"20270608T103000Z";"08.06.2027 09:15:00";"08.06.2027 12:30:00";"Tanja Hess";"tba";"mmp25b"
"25b Visualisieren IV – Sketch&Draw 4";"modk.mmp-SKEDRA4.V02.FS27_BS.003";"20270608T113000Z";"20270608T144500Z";"08.06.2027 13:30:00";"08.06.2027 16:45:00";"Tanja Hess";"tba";"mmp25b"
"25b Visualisieren IV – Sketch&Draw 4";"modk.mmp-SKEDRA4.V02.FS27_BS.003";"20270609T071500Z";"20270609T103000Z";"09.06.2027 09:15:00";"09.06.2027 12:30:00";"Tanja Hess";"tba";"mmp25b"
"25b Visualisieren IV – Sketch&Draw 4";"modk.mmp-SKEDRA4.V02.FS27_BS.003";"20270609T113000Z";"20270609T144500Z";"09.06.2027 13:30:00";"09.06.2027 16:45:00";"Tanja Hess";"tba";"mmp25b"
"25b Visualisieren IV – Sketch&Draw 4";"modk.mmp-SKEDRA4.V02.FS27_BS.003";"20270610T071500Z";"20270610T103000Z";"10.06.2027 09:15:00";"10.06.2027 12:30:00";"Tanja Hess";"tba";"mmp25b"
"25b Visualisieren IV – Sketch&Draw 4";"modk.mmp-SKEDRA4.V02.FS27_BS.003";"20270610T113000Z";"20270610T144500Z";"10.06.2027 13:30:00";"10.06.2027 16:45:00";"Tanja Hess";"tba";"mmp25b"
"25b Visualisieren IV – Sketch&Draw 4";"modk.mmp-SKEDRA4.V02.FS27_BS.003";"20270611T071500Z";"20270611T103000Z";"11.06.2027 09:15:00";"11.06.2027 12:30:00";"Tanja Hess";"tba";"mmp25b"
"25b Visualisieren IV – Sketch&Draw 4";"modk.mmp-SKEDRA4.V02.FS27_BS.003";"20270611T113000Z";"20270611T144500Z";"11.06.2027 13:30:00";"11.06.2027 16:45:00";"Tanja Hess";"tba";"mmp25b"
"26c1 Corporate Communications II: Media Relations";"modk.mmp-MEREL.V3.FS27_BS.001";"20270302T123000Z";"20270302T154500Z";"02.03.2027 13:30:00";"02.03.2027 16:45:00";"Sebastian Drews";"I-0.31";"mmp26c1"
"26c1 Corporate Communications II: Media Relations";"modk.mmp-MEREL.V3.FS27_BS.001";"20270310T081500Z";"20270310T113000Z";"10.03.2027 09:15:00";"10.03.2027 12:30:00";"Sebastian Drews";"I 0.30";"mmp26c1"
"26c1 Corporate Communications II: Media Relations";"modk.mmp-MEREL.V3.FS27_BS.001";"20270310T123000Z";"20270310T154500Z";"10.03.2027 13:30:00";"10.03.2027 16:45:00";"Sebastian Drews";"I 0.30";"mmp26c1"
"26c1 Corporate Communications II: Media Relations";"modk.mmp-MEREL.V3.FS27_BS.001";"20270322T081500Z";"20270322T113000Z";"22.03.2027 09:15:00";"22.03.2027 12:30:00";"Sebastian Drews";"I-0.31";"mmp26c1"
"26c1 Corporate Communications II: Media Relations";"modk.mmp-MEREL.V3.FS27_BS.001";"20270422T113000Z";"20270422T144500Z";"22.04.2027 13:30:00";"22.04.2027 16:45:00";"Sebastian Drews";"I-0.31";"mmp26c1"
"26c1 Corporate Communications II: Media Relations";"modk.mmp-MEREL.V3.FS27_BS.001";"20270520T071500Z";"20270520T103000Z";"20.05.2027 09:15:00";"20.05.2027 12:30:00";"Sebastian Drews";"I-0.31";"mmp26c1"
"26c1 Corporate Communications II: Media Relations";"modk.mmp-MEREL.V3.FS27_BS.001";"20270527T071500Z";"20270527T103000Z";"27.05.2027 09:15:00";"27.05.2027 12:30:00";"Sebastian Drews";"I-0.31";"mmp26c1"
"26c1 Corporate Communications II: Media Relations";"modk.mmp-MEREL.V3.FS27_BS.001";"20270602T113000Z";"20270602T144500Z";"02.06.2027 13:30:00";"02.06.2027 16:45:00";"Sebastian Drews";"I-0.31";"mmp26c1"
"26c2 Corporate Communications II: Media Relations";"modk.mmp-MEREL.V3.FS27_BS.002";"20270302T123000Z";"20270302T154500Z";"02.03.2027 13:30:00";"02.03.2027 16:45:00";"Sebastian Drews";"I 0.30";"mmp26c2"
"26c2 Corporate Communications II: Media Relations";"modk.mmp-MEREL.V3.FS27_BS.002";"20270311T081500Z";"20270311T113000Z";"11.03.2027 09:15:00";"11.03.2027 12:30:00";"Sebastian Drews";"I 0.30";"mmp26c2"
"26c2 Corporate Communications II: Media Relations";"modk.mmp-MEREL.V3.FS27_BS.002";"20270311T123000Z";"20270311T154500Z";"11.03.2027 13:30:00";"11.03.2027 16:45:00";"Sebastian Drews";"I 0.30";"mmp26c2"
"26c2 Corporate Communications II: Media Relations";"modk.mmp-MEREL.V3.FS27_BS.002";"20270322T123000Z";"20270322T154500Z";"22.03.2027 13:30:00";"22.03.2027 16:45:00";"Sebastian Drews";"I-0.31";"mmp26c2"
"26c2 Corporate Communications II: Media Relations";"modk.mmp-MEREL.V3.FS27_BS.002";"20270422T071500Z";"20270422T103000Z";"22.04.2027 09:15:00";"22.04.2027 12:30:00";"Sebastian Drews";"I-0.31";"mmp26c2"
"26c2 Corporate Communications II: Media Relations";"modk.mmp-MEREL.V3.FS27_BS.002";"20270520T113000Z";"20270520T144500Z";"20.05.2027 13:30:00";"20.05.2027 16:45:00";"Sebastian Drews";"I-0.31";"mmp26c2"
"26c2 Corporate Communications II: Media Relations";"modk.mmp-MEREL.V3.FS27_BS.002";"20270527T113000Z";"20270527T144500Z";"27.05.2027 13:30:00";"27.05.2027 16:45:00";"Sebastian Drews";"I-0.31";"mmp26c2"
"26c2 Corporate Communications II: Media Relations";"modk.mmp-MEREL.V3.FS27_BS.002";"20270602T113000Z";"20270602T144500Z";"02.06.2027 13:30:00";"02.06.2027 16:45:00";"Sebastian Drews";"I 0.30";"mmp26c2"
"26b Medienrecht/Medien-BWL I – Medien-BWL 1";"modk.mmp-MEBWL1.FS27_BS.003";"20270302T123000Z";"20270302T154500Z";"02.03.2027 13:30:00";"02.03.2027 16:45:00";"Marius Hagger";"140";"mmp26b"
"26b Medienrecht/Medien-BWL I – Medien-BWL 1";"modk.mmp-MEBWL1.FS27_BS.003";"20270304T081500Z";"20270304T113000Z";"04.03.2027 09:15:00";"04.03.2027 12:30:00";"Marius Hagger";"010";"mmp26b"
"26b Medienrecht/Medien-BWL I – Medien-BWL 1";"modk.mmp-MEBWL1.FS27_BS.003";"20270315T123000Z";"20270315T154500Z";"15.03.2027 13:30:00";"15.03.2027 16:45:00";"Marius Hagger";"140";"mmp26b"
"26b Medienrecht/Medien-BWL I – Medien-BWL 1";"modk.mmp-MEBWL1.FS27_BS.003";"20270322T123000Z";"20270322T154500Z";"22.03.2027 13:30:00";"22.03.2027 16:45:00";"Marius Hagger";"140";"mmp26b"
"26b Medienrecht/Medien-BWL I – Medien-BWL 1";"modk.mmp-MEBWL1.FS27_BS.003";"20270407T071500Z";"20270407T103000Z";"07.04.2027 09:15:00";"07.04.2027 12:30:00";"Marius Hagger";"010";"mmp26b"
"26b Medienrecht/Medien-BWL I – Medien-BWL 1";"modk.mmp-MEBWL1.FS27_BS.003";"20270422T113000Z";"20270422T144500Z";"22.04.2027 13:30:00";"22.04.2027 16:45:00";"Marius Hagger";"340";"mmp26b"
"26b Medienrecht/Medien-BWL I – Medien-BWL 1";"modk.mmp-MEBWL1.FS27_BS.003";"20270520T071500Z";"20270520T103000Z";"20.05.2027 09:15:00";"20.05.2027 12:30:00";"Marius Hagger";"010";"mmp26b"
"26b Medienrecht/Medien-BWL I – Medien-BWL 1";"modk.mmp-MEBWL1.FS27_BS.003";"20270603T113000Z";"20270603T144500Z";"03.06.2027 13:30:00";"03.06.2027 16:45:00";"Marius Hagger";"010";"mmp26b"
"23cv Medienethik 1";"modk.mmp-MEDETH01.V03.FS27_BS.001";"20270302T123000Z";"20270302T154500Z";"02.03.2027 13:30:00";"02.03.2027 16:45:00";"Marie-Therese Mäder";"Z3.02";"mmp23cv"
"23cv Medienethik 1";"modk.mmp-MEDETH01.V03.FS27_BS.001";"20270302T160000Z";"20270302T173000Z";"02.03.2027 17:00:00";"02.03.2027 18:30:00";"Marie-Therese Mäder";"Z3.02";"mmp23cv"
"23cv Medienethik 1";"modk.mmp-MEDETH01.V03.FS27_BS.001";"20270316T081500Z";"20270316T113000Z";"16.03.2027 09:15:00";"16.03.2027 12:30:00";"Marie-Therese Mäder";"Z3.02";"mmp23cv"
"23cv Medienethik 1";"modk.mmp-MEDETH01.V03.FS27_BS.001";"20270316T123000Z";"20270316T154500Z";"16.03.2027 13:30:00";"16.03.2027 16:45:00";"Marie-Therese Mäder";"Z3.02";"mmp23cv"
"23cv Medienethik 1";"modk.mmp-MEDETH01.V03.FS27_BS.001";"20270421T071500Z";"20270421T103000Z";"21.04.2027 09:15:00";"21.04.2027 12:30:00";"Marie-Therese Mäder";"Z3.02";"mmp23cv"
"23cv Medienethik 1";"modk.mmp-MEDETH01.V03.FS27_BS.001";"20270421T113000Z";"20270421T144500Z";"21.04.2027 13:30:00";"21.04.2027 16:45:00";"Marie-Therese Mäder";"onine";"mmp23cv"
"23cv Medienethik 1";"modk.mmp-MEDETH01.V03.FS27_BS.001";"20270608T113000Z";"20270608T144500Z";"08.06.2027 13:30:00";"08.06.2027 16:45:00";"Marie-Therese Mäder";"Z3.02";"mmp23cv"
"26c1 Medienrecht 1";"modk.mmp-MR1.FS27_BS.001";"20270303T081500Z";"20270303T113000Z";"03.03.2027 09:15:00";"03.03.2027 12:30:00";"Daniel Köhler";"I 0.02/03";"mmp26c1"
"26c1 Medienrecht 1";"modk.mmp-MR1.FS27_BS.001";"20270303T123000Z";"20270303T154500Z";"03.03.2027 13:30:00";"03.03.2027 16:45:00";"Daniel Köhler";"I 0.02/03";"mmp26c1"
"26c1 Medienrecht 1";"modk.mmp-MR1.FS27_BS.001";"20270304T081500Z";"20270304T113000Z";"04.03.2027 09:15:00";"04.03.2027 12:30:00";"Daniel Köhler";"I 0.02/03";"mmp26c1"
"26c1 Medienrecht 1";"modk.mmp-MR1.FS27_BS.001";"20270304T123000Z";"20270304T154500Z";"04.03.2027 13:30:00";"04.03.2027 16:45:00";"Daniel Köhler";"I 0.02/03";"mmp26c1"
"26c1 Medienrecht 1";"modk.mmp-MR1.FS27_BS.001";"20270518T071500Z";"20270518T103000Z";"18.05.2027 09:15:00";"18.05.2027 12:30:00";"Daniel Köhler";"online";"mmp26c1"
"26c1 Medienrecht 1";"modk.mmp-MR1.FS27_BS.001";"20270518T113000Z";"20270518T144500Z";"18.05.2027 13:30:00";"18.05.2027 16:45:00";"Daniel Köhler";"online";"mmp26c1"
"26c1 Medienrecht 1";"modk.mmp-MR1.FS27_BS.001";"20270519T071500Z";"20270519T103000Z";"19.05.2027 09:15:00";"19.05.2027 12:30:00";"Daniel Köhler";"online";"mmp26c1"
"26c1 Medienrecht 1";"modk.mmp-MR1.FS27_BS.001";"20270519T113000Z";"20270519T144500Z";"19.05.2027 13:30:00";"19.05.2027 16:45:00";"Daniel Köhler";"online";"mmp26c1"
"26c2 Medienrecht 1";"modk.mmp-MR1.FS27_BS.002";"20270303T081500Z";"20270303T113000Z";"03.03.2027 09:15:00";"03.03.2027 12:30:00";"Daniel Köhler";"I 0.02/03";"mmp26c2"
"26c2 Medienrecht 1";"modk.mmp-MR1.FS27_BS.002";"20270303T123000Z";"20270303T154500Z";"03.03.2027 13:30:00";"03.03.2027 16:45:00";"Daniel Köhler";"I 0.02/03";"mmp26c2"
"26c2 Medienrecht 1";"modk.mmp-MR1.FS27_BS.002";"20270304T081500Z";"20270304T113000Z";"04.03.2027 09:15:00";"04.03.2027 12:30:00";"Daniel Köhler";"I 0.02/03";"mmp26c2"
"26c2 Medienrecht 1";"modk.mmp-MR1.FS27_BS.002";"20270304T123000Z";"20270304T154500Z";"04.03.2027 13:30:00";"04.03.2027 16:45:00";"Daniel Köhler";"I 0.02/03";"mmp26c2"
"26c2 Medienrecht 1";"modk.mmp-MR1.FS27_BS.002";"20270518T071500Z";"20270518T103000Z";"18.05.2027 09:15:00";"18.05.2027 12:30:00";"Daniel Köhler";"online";"mmp26c2"
"26c2 Medienrecht 1";"modk.mmp-MR1.FS27_BS.002";"20270518T113000Z";"20270518T144500Z";"18.05.2027 13:30:00";"18.05.2027 16:45:00";"Daniel Köhler";"online";"mmp26c2"
"26c2 Medienrecht 1";"modk.mmp-MR1.FS27_BS.002";"20270519T071500Z";"20270519T103000Z";"19.05.2027 09:15:00";"19.05.2027 12:30:00";"Daniel Köhler";"online";"mmp26c2"
"26c2 Medienrecht 1";"modk.mmp-MR1.FS27_BS.002";"20270519T113000Z";"20270519T144500Z";"19.05.2027 13:30:00";"19.05.2027 16:45:00";"Daniel Köhler";"online";"mmp26c2"
"26b Corporate Communications II: Media Relations";"modk.mmp-MEREL.V3.FS27_BS.003";"20270303T081500Z";"20270303T113000Z";"03.03.2027 09:15:00";"03.03.2027 12:30:00";"Sebastian Drews";"010";"mmp26b"
"26b Corporate Communications II: Media Relations";"modk.mmp-MEREL.V3.FS27_BS.003";"20270303T123000Z";"20270303T154500Z";"03.03.2027 13:30:00";"03.03.2027 16:45:00";"Sebastian Drews";"010";"mmp26b"
"26b Corporate Communications II: Media Relations";"modk.mmp-MEREL.V3.FS27_BS.003";"20270309T081500Z";"20270309T113000Z";"09.03.2027 09:15:00";"09.03.2027 12:30:00";"Sebastian Drews";"140";"mmp26b"
"26b Corporate Communications II: Media Relations";"modk.mmp-MEREL.V3.FS27_BS.003";"20270324T123000Z";"20270324T154500Z";"24.03.2027 13:30:00";"24.03.2027 16:45:00";"Sebastian Drews";"010";"mmp26b"
"26b Corporate Communications II: Media Relations";"modk.mmp-MEREL.V3.FS27_BS.003";"20270407T113000Z";"20270407T144500Z";"07.04.2027 13:30:00";"07.04.2027 16:45:00";"Sebastian Drews";"010";"mmp26b"
"26b Corporate Communications II: Media Relations";"modk.mmp-MEREL.V3.FS27_BS.003";"20270525T071500Z";"20270525T103000Z";"25.05.2027 09:15:00";"25.05.2027 12:30:00";"Sebastian Drews";"140";"mmp26b"
"26b Corporate Communications II: Media Relations";"modk.mmp-MEREL.V3.FS27_BS.003";"20270525T113000Z";"20270525T144500Z";"25.05.2027 13:30:00";"25.05.2027 16:45:00";"Sebastian Drews";"140";"mmp26b"
"26b Corporate Communications II: Media Relations";"modk.mmp-MEREL.V3.FS27_BS.003";"20270603T071500Z";"20270603T103000Z";"03.06.2027 09:15:00";"03.06.2027 12:30:00";"Sebastian Drews";"010";"mmp26b"
"25cv Visualisieren IV – Sketch&Draw 4";"modk.mmp-SKEDRA4.V02.FS27_BS.004";"20270303T160000Z";"20270303T173000Z";"03.03.2027 17:00:00";"03.03.2027 18:30:00";"Tanja Hess";"online";"mmp25cv"
"25cv Visualisieren IV – Kreativität&Design";"modk.mmp-KREDES.FS27_BS.004";"20270426T071500Z";"20270426T103000Z";"26.04.2027 09:15:00";"26.04.2027 12:30:00";"Tanja Hess";"Z0.03";"mmp25cv"
"25cv Visualisieren IV – Kreativität&Design";"modk.mmp-KREDES.FS27_BS.004";"20270426T113000Z";"20270426T144500Z";"26.04.2027 13:30:00";"26.04.2027 16:45:00";"Tanja Hess";"Z0.03";"mmp25cv"
"25cv Visualisieren IV – Kreativität&Design";"modk.mmp-KREDES.FS27_BS.004";"20270427T071500Z";"20270427T103000Z";"27.04.2027 09:15:00";"27.04.2027 12:30:00";"Tanja Hess";"Z0.03";"mmp25cv"
"25cv Visualisieren IV – Kreativität&Design";"modk.mmp-KREDES.FS27_BS.004";"20270427T113000Z";"20270427T144500Z";"27.04.2027 13:30:00";"27.04.2027 16:45:00";"Tanja Hess";"Z0.03";"mmp25cv"
"25cv Visualisieren IV – Sketch&Draw 4";"modk.mmp-SKEDRA4.V02.FS27_BS.004";"20270607T071500Z";"20270607T103000Z";"07.06.2027 09:15:00";"07.06.2027 12:30:00";"Tanja Hess";"tba";"mmp25cv"
"25cv Visualisieren IV – Sketch&Draw 4";"modk.mmp-SKEDRA4.V02.FS27_BS.004";"20270607T113000Z";"20270607T144500Z";"07.06.2027 13:30:00";"07.06.2027 16:45:00";"Tanja Hess";"tba";"mmp25cv"
"25cv Visualisieren IV – Sketch&Draw 4";"modk.mmp-SKEDRA4.V02.FS27_BS.004";"20270608T071500Z";"20270608T103000Z";"08.06.2027 09:15:00";"08.06.2027 12:30:00";"Tanja Hess";"tba";"mmp25cv"
"25cv Visualisieren IV – Sketch&Draw 4";"modk.mmp-SKEDRA4.V02.FS27_BS.004";"20270608T113000Z";"20270608T144500Z";"08.06.2027 13:30:00";"08.06.2027 16:45:00";"Tanja Hess";"tba";"mmp25cv"
"25cv Visualisieren IV – Sketch&Draw 4";"modk.mmp-SKEDRA4.V02.FS27_BS.004";"20270609T071500Z";"20270609T103000Z";"09.06.2027 09:15:00";"09.06.2027 12:30:00";"Tanja Hess";"tba";"mmp25cv"
"25cv Visualisieren IV – Sketch&Draw 4";"modk.mmp-SKEDRA4.V02.FS27_BS.004";"20270609T113000Z";"20270609T144500Z";"09.06.2027 13:30:00";"09.06.2027 16:45:00";"Tanja Hess";"tba";"mmp25cv"
"25cv Visualisieren IV – Sketch&Draw 4";"modk.mmp-SKEDRA4.V02.FS27_BS.004";"20270610T071500Z";"20270610T103000Z";"10.06.2027 09:15:00";"10.06.2027 12:30:00";"Tanja Hess";"tba";"mmp25cv"
"25cv Visualisieren IV – Sketch&Draw 4";"modk.mmp-SKEDRA4.V02.FS27_BS.004";"20270610T113000Z";"20270610T144500Z";"10.06.2027 13:30:00";"10.06.2027 16:45:00";"Tanja Hess";"tba";"mmp25cv"
"25cv Visualisieren IV – Sketch&Draw 4";"modk.mmp-SKEDRA4.V02.FS27_BS.004";"20270611T071500Z";"20270611T103000Z";"11.06.2027 09:15:00";"11.06.2027 12:30:00";"Tanja Hess";"tba";"mmp25cv"
"25cv Visualisieren IV – Sketch&Draw 4";"modk.mmp-SKEDRA4.V02.FS27_BS.004";"20270611T113000Z";"20270611T144500Z";"11.06.2027 13:30:00";"11.06.2027 16:45:00";"Tanja Hess";"tba";"mmp25cv"
"26c1 Schreiben und Sprechen II";"mod.mmp-SRSP02.V2.FS27_BS.001";"20270308T081500Z";"20270308T113000Z";"08.03.2027 09:15:00";"08.03.2027 12:30:00";"Petra Hasler";"I-0.31";"mmp26c1"
"26c1 Schreiben und Sprechen II";"mod.mmp-SRSP02.V2.FS27_BS.001";"20270315T081500Z";"20270315T113000Z";"15.03.2027 09:15:00";"15.03.2027 12:30:00";"Petra Hasler";"A2.14";"mmp26c1"
"26c1 Schreiben und Sprechen II";"mod.mmp-SRSP02.V2.FS27_BS.001";"20270315T123000Z";"20270315T154500Z";"15.03.2027 13:30:00";"15.03.2027 16:45:00";"Petra Hasler";"A2.14";"mmp26c1"
"26c1 Schreiben und Sprechen II";"mod.mmp-SRSP02.V2.FS27_BS.001";"20270316T081500Z";"20270316T113000Z";"16.03.2027 09:15:00";"16.03.2027 12:30:00";"Petra Hasler";"I-0.31";"mmp26c1"
"26c1 Schreiben und Sprechen II";"mod.mmp-SRSP02.V2.FS27_BS.001";"20270316T123000Z";"20270316T154500Z";"16.03.2027 13:30:00";"16.03.2027 16:45:00";"Petra Hasler";"I-0.31";"mmp26c1"
"26c1 Schreiben und Sprechen II";"mod.mmp-SRSP02.V2.FS27_BS.001";"20270317T081500Z";"20270317T113000Z";"17.03.2027 09:15:00";"17.03.2027 12:30:00";"Petra Hasler";"I-0.31";"mmp26c1"
"26c1 Schreiben und Sprechen II";"mod.mmp-SRSP02.V2.FS27_BS.001";"20270317T123000Z";"20270317T154500Z";"17.03.2027 13:30:00";"17.03.2027 16:45:00";"Petra Hasler";"I-0.31";"mmp26c1"
"26c1 Schreiben und Sprechen II";"mod.mmp-SRSP02.V2.FS27_BS.001";"20270318T081500Z";"20270318T113000Z";"18.03.2027 09:15:00";"18.03.2027 12:30:00";"Petra Hasler";"I-0.31/I-0.12/I0.11";"mmp26c1"
"26c1 Schreiben und Sprechen II";"mod.mmp-SRSP02.V2.FS27_BS.001";"20270318T123000Z";"20270318T154500Z";"18.03.2027 13:30:00";"18.03.2027 16:45:00";"Petra Hasler";"I-0.31/I-0.12/I0.11";"mmp26c1"
"26c1 Schreiben und Sprechen II";"mod.mmp-SRSP02.V2.FS27_BS.001";"20270323T081500Z";"20270323T113000Z";"23.03.2027 09:15:00";"23.03.2027 12:30:00";"Petra Hasler";"I-0.31";"mmp26c1"
"26c1 Schreiben und Sprechen II";"mod.mmp-SRSP02.V2.FS27_BS.001";"20270324T081500Z";"20270324T113000Z";"24.03.2027 09:15:00";"24.03.2027 12:30:00";"Petra Hasler";"I 0.30/I0.12";"mmp26c1"
"26c1 Schreiben und Sprechen II";"mod.mmp-SRSP02.V2.FS27_BS.001";"20270407T071500Z";"20270407T103000Z";"07.04.2027 09:15:00";"07.04.2027 12:30:00";"Petra Hasler";"coaching";"mmp26c1"
"26c1 Schreiben und Sprechen II";"mod.mmp-SRSP02.V2.FS27_BS.001";"20270407T113000Z";"20270407T144500Z";"07.04.2027 13:30:00";"07.04.2027 16:45:00";"Petra Hasler";"coaching";"mmp26c1"
"26c1 Schreiben und Sprechen II";"mod.mmp-SRSP02.V2.FS27_BS.001";"20270408T071500Z";"20270408T103000Z";"08.04.2027 09:15:00";"08.04.2027 12:30:00";"Petra Hasler";"I-0.31";"mmp26c1"
"26c1 Schreiben und Sprechen II";"mod.mmp-SRSP02.V2.FS27_BS.001";"20270408T113000Z";"20270408T144500Z";"08.04.2027 13:30:00";"08.04.2027 16:45:00";"Petra Hasler";"I-0.31";"mmp26c1"
"26c1 Schreiben und Sprechen II";"mod.mmp-SRSP02.V2.FS27_BS.001";"20270503T071500Z";"20270503T103000Z";"03.05.2027 09:15:00";"03.05.2027 12:30:00";"Petra Hasler";"online";"mmp26c1"
"26c1 Schreiben und Sprechen II";"mod.mmp-SRSP02.V2.FS27_BS.001";"20270503T113000Z";"20270503T144500Z";"03.05.2027 13:30:00";"03.05.2027 16:45:00";"Petra Hasler";"coaching";"mmp26c1"
"26c1 Schreiben und Sprechen II";"mod.mmp-SRSP02.V2.FS27_BS.001";"20270504T071500Z";"20270504T103000Z";"04.05.2027 09:15:00";"04.05.2027 12:30:00";"Petra Hasler";"coaching";"mmp26c1"
"26c1 Schreiben und Sprechen II";"mod.mmp-SRSP02.V2.FS27_BS.001";"20270505T071500Z";"20270505T103000Z";"05.05.2027 09:15:00";"05.05.2027 12:30:00";"Petra Hasler";"I-0.31/I0.11/I0.12";"mmp26c1"
"26c1 Schreiben und Sprechen II";"mod.mmp-SRSP02.V2.FS27_BS.001";"20270505T113000Z";"20270505T144500Z";"05.05.2027 13:30:00";"05.05.2027 16:45:00";"Petra Hasler";"I-0.31/I0.11/I0.12";"mmp26c1"
"26b Schreiben und Sprechen II";"mod.mmp-SRSP02.V2.FS27_BS.003";"20270308T081500Z";"20270308T113000Z";"08.03.2027 09:15:00";"08.03.2027 12:30:00";"Petra Hasler";"140";"mmp26b"
"26b Schreiben und Sprechen II";"mod.mmp-SRSP02.V2.FS27_BS.003";"20270308T123000Z";"20270308T154500Z";"08.03.2027 13:30:00";"08.03.2027 16:45:00";"Petra Hasler";"140";"mmp26b"
"26b Schreiben und Sprechen II";"mod.mmp-SRSP02.V2.FS27_BS.003";"20270316T081500Z";"20270316T113000Z";"16.03.2027 09:15:00";"16.03.2027 12:30:00";"Petra Hasler";"140";"mmp26b"
"26b Schreiben und Sprechen II";"mod.mmp-SRSP02.V2.FS27_BS.003";"20270316T123000Z";"20270316T154500Z";"16.03.2027 13:30:00";"16.03.2027 16:45:00";"Petra Hasler";"140";"mmp26b"
"26b Schreiben und Sprechen II";"mod.mmp-SRSP02.V2.FS27_BS.003";"20270317T081500Z";"20270317T113000Z";"17.03.2027 09:15:00";"17.03.2027 12:30:00";"Petra Hasler";"340";"mmp26b"
"26b Schreiben und Sprechen II";"mod.mmp-SRSP02.V2.FS27_BS.003";"20270317T123000Z";"20270317T154500Z";"17.03.2027 13:30:00";"17.03.2027 16:45:00";"Petra Hasler";"340";"mmp26b"
"26b Schreiben und Sprechen II";"mod.mmp-SRSP02.V2.FS27_BS.003";"20270318T081500Z";"20270318T113000Z";"18.03.2027 09:15:00";"18.03.2027 12:30:00";"Petra Hasler";"340/320/150";"mmp26b"
"26b Schreiben und Sprechen II";"mod.mmp-SRSP02.V2.FS27_BS.003";"20270318T123000Z";"20270318T154500Z";"18.03.2027 13:30:00";"18.03.2027 16:45:00";"Petra Hasler";"340/320/150";"mmp26b"
"26b Schreiben und Sprechen II";"mod.mmp-SRSP02.V2.FS27_BS.003";"20270323T081500Z";"20270323T113000Z";"23.03.2027 09:15:00";"23.03.2027 12:30:00";"Petra Hasler";"140";"mmp26b"
"26b Schreiben und Sprechen II";"mod.mmp-SRSP02.V2.FS27_BS.003";"20270323T123000Z";"20270323T154500Z";"23.03.2027 13:30:00";"23.03.2027 16:45:00";"Petra Hasler";"140";"mmp26b"
"26b Schreiben und Sprechen II";"mod.mmp-SRSP02.V2.FS27_BS.003";"20270405T071500Z";"20270405T103000Z";"05.04.2027 09:15:00";"05.04.2027 12:30:00";"Petra Hasler";"140/130";"mmp26b"
"26b Schreiben und Sprechen II";"mod.mmp-SRSP02.V2.FS27_BS.003";"20270405T113000Z";"20270405T144500Z";"05.04.2027 13:30:00";"05.04.2027 16:45:00";"Petra Hasler";"140/130";"mmp26b"
"26b Schreiben und Sprechen II";"mod.mmp-SRSP02.V2.FS27_BS.003";"20270406T113000Z";"20270406T144500Z";"06.04.2027 13:30:00";"06.04.2027 16:45:00";"Petra Hasler";"tba";"mmp26b"
"26b Schreiben und Sprechen II";"mod.mmp-SRSP02.V2.FS27_BS.003";"20270408T071500Z";"20270408T103000Z";"08.04.2027 09:15:00";"08.04.2027 12:30:00";"Petra Hasler";"coaching";"mmp26b"
"26b Schreiben und Sprechen II";"mod.mmp-SRSP02.V2.FS27_BS.003";"20270408T113000Z";"20270408T144500Z";"08.04.2027 13:30:00";"08.04.2027 16:45:00";"Petra Hasler";"coaching";"mmp26b"
"26b Schreiben und Sprechen II";"mod.mmp-SRSP02.V2.FS27_BS.003";"20270503T071500Z";"20270503T103000Z";"03.05.2027 09:15:00";"03.05.2027 12:30:00";"Petra Hasler";"online";"mmp26b"
"26b Schreiben und Sprechen II";"mod.mmp-SRSP02.V2.FS27_BS.003";"20270503T113000Z";"20270503T144500Z";"03.05.2027 13:30:00";"03.05.2027 16:45:00";"Petra Hasler";"coaching";"mmp26b"
"26b Schreiben und Sprechen II";"mod.mmp-SRSP02.V2.FS27_BS.003";"20270504T071500Z";"20270504T103000Z";"04.05.2027 09:15:00";"04.05.2027 12:30:00";"Petra Hasler";"coaching";"mmp26b"
"26b Schreiben und Sprechen II";"mod.mmp-SRSP02.V2.FS27_BS.003";"20270504T113000Z";"20270504T144500Z";"04.05.2027 13:30:00";"04.05.2027 16:45:00";"Petra Hasler";"coaching";"mmp26b"
"26b Schreiben und Sprechen II";"mod.mmp-SRSP02.V2.FS27_BS.003";"20270505T071500Z";"20270505T103000Z";"05.05.2027 09:15:00";"05.05.2027 12:30:00";"Petra Hasler";"340/320";"mmp26b"
"26b Schreiben und Sprechen II";"mod.mmp-SRSP02.V2.FS27_BS.003";"20270505T113000Z";"20270505T144500Z";"05.05.2027 13:30:00";"05.05.2027 16:45:00";"Petra Hasler";"340/320";"mmp26b"
"26cv Corporate Communications II: Media Relations";"modk.mmp-MEREL.V3.FS27_BS.004";"20270308T081500Z";"20270308T113000Z";"08.03.2027 09:15:00";"08.03.2027 12:30:00";"Sebastian Drews";"Z2.02";"mmp26cv"
"26cv Corporate Communications II: Media Relations";"modk.mmp-MEREL.V3.FS27_BS.004";"20270308T123000Z";"20270308T154500Z";"08.03.2027 13:30:00";"08.03.2027 16:45:00";"Sebastian Drews";"Z2.02";"mmp26cv"
"26cv Corporate Communications II: Media Relations";"modk.mmp-MEREL.V3.FS27_BS.004";"20270421T113000Z";"20270421T144500Z";"21.04.2027 13:30:00";"21.04.2027 16:45:00";"Sebastian Drews";"Z2.02";"mmp26cv"
"26cv Corporate Communications II: Media Relations";"modk.mmp-MEREL.V3.FS27_BS.004";"20270519T071500Z";"20270519T103000Z";"19.05.2027 09:15:00";"19.05.2027 12:30:00";"Sebastian Drews";"Z2.02";"mmp26cv"
"26cv Corporate Communications II: Media Relations";"modk.mmp-MEREL.V3.FS27_BS.004";"20270519T113000Z";"20270519T144500Z";"19.05.2027 13:30:00";"19.05.2027 16:45:00";"Sebastian Drews";"Z2.02";"mmp26cv"
"26cv Corporate Communications II: Media Relations";"modk.mmp-MEREL.V3.FS27_BS.004";"20270531T071500Z";"20270531T103000Z";"31.05.2027 09:15:00";"31.05.2027 12:30:00";"Sebastian Drews";"Z2.02";"mmp26cv"
"25cv Medienrecht 2";"modk.mmp-MR2.V02.FS27_BS.001";"20270308T081500Z";"20270308T113000Z";"08.03.2027 09:15:00";"08.03.2027 12:30:00";"Daniel Köhler";"Z0.03";"mmp25cv"
"25cv Medienrecht 2";"modk.mmp-MR2.V02.FS27_BS.001";"20270308T123000Z";"20270308T154500Z";"08.03.2027 13:30:00";"08.03.2027 16:45:00";"Daniel Köhler";"Z0.03";"mmp25cv"
"25cv Medienrecht 2";"modk.mmp-MR2.V02.FS27_BS.001";"20270309T081500Z";"20270309T113000Z";"09.03.2027 09:15:00";"09.03.2027 12:30:00";"Daniel Köhler";"Z0.03";"mmp25cv"
"25cv Medienrecht 2";"modk.mmp-MR2.V02.FS27_BS.001";"20270309T123000Z";"20270309T154500Z";"09.03.2027 13:30:00";"09.03.2027 16:45:00";"Daniel Köhler";"Z0.03";"mmp25cv"
"25cv Medienrecht 2";"modk.mmp-MR2.V02.FS27_BS.001";"20270315T081500Z";"20270315T113000Z";"15.03.2027 09:15:00";"15.03.2027 12:30:00";"Daniel Köhler";"Z0.03";"mmp25cv"
"25cv Medienrecht 2";"modk.mmp-MR2.V02.FS27_BS.001";"20270315T123000Z";"20270315T154500Z";"15.03.2027 13:30:00";"15.03.2027 16:45:00";"Daniel Köhler";"Z0.03";"mmp25cv"
"25cv Medienrecht 2";"modk.mmp-MR2.V02.FS27_BS.001";"20270510T113000Z";"20270510T144500Z";"10.05.2027 13:30:00";"10.05.2027 16:45:00";"Daniel Köhler";"online";"mmp25cv"
"26c2 Schreiben und Sprechen II";"mod.mmp-SRSP02.V2.FS27_BS.002";"20270308T123000Z";"20270308T154500Z";"08.03.2027 13:30:00";"08.03.2027 16:45:00";"Petra Hasler";"I-0.31";"mmp26c2"
"26c2 Schreiben und Sprechen II";"mod.mmp-SRSP02.V2.FS27_BS.002";"20270315T081500Z";"20270315T113000Z";"15.03.2027 09:15:00";"15.03.2027 12:30:00";"Petra Hasler";"A2.14";"mmp26c2"
"26c2 Schreiben und Sprechen II";"mod.mmp-SRSP02.V2.FS27_BS.002";"20270315T123000Z";"20270315T154500Z";"15.03.2027 13:30:00";"15.03.2027 16:45:00";"Petra Hasler";"A2.14";"mmp26c2"
"26c2 Schreiben und Sprechen II";"mod.mmp-SRSP02.V2.FS27_BS.002";"20270316T081500Z";"20270316T113000Z";"16.03.2027 09:15:00";"16.03.2027 12:30:00";"Petra Hasler";"I 0.30";"mmp26c2"
"26c2 Schreiben und Sprechen II";"mod.mmp-SRSP02.V2.FS27_BS.002";"20270316T123000Z";"20270316T154500Z";"16.03.2027 13:30:00";"16.03.2027 16:45:00";"Petra Hasler";"I 0.30";"mmp26c2"
"26c2 Schreiben und Sprechen II";"mod.mmp-SRSP02.V2.FS27_BS.002";"20270317T081500Z";"20270317T113000Z";"17.03.2027 09:15:00";"17.03.2027 12:30:00";"Petra Hasler";"I-0.30/I-0.12/I0.11";"mmp26c2"
"26c2 Schreiben und Sprechen II";"mod.mmp-SRSP02.V2.FS27_BS.002";"20270317T123000Z";"20270317T154500Z";"17.03.2027 13:30:00";"17.03.2027 16:45:00";"Petra Hasler";"I-0.30/I-0.12/I0.11";"mmp26c2"
"26c2 Schreiben und Sprechen II";"mod.mmp-SRSP02.V2.FS27_BS.002";"20270318T081500Z";"20270318T113000Z";"18.03.2027 09:15:00";"18.03.2027 12:30:00";"Petra Hasler";"I 0.30";"mmp26c2"
"26c2 Schreiben und Sprechen II";"mod.mmp-SRSP02.V2.FS27_BS.002";"20270318T123000Z";"20270318T154500Z";"18.03.2027 13:30:00";"18.03.2027 16:45:00";"Petra Hasler";"I 0.30";"mmp26c2"
"26c2 Schreiben und Sprechen II";"mod.mmp-SRSP02.V2.FS27_BS.002";"20270323T123000Z";"20270323T154500Z";"23.03.2027 13:30:00";"23.03.2027 16:45:00";"Petra Hasler";"I-0.31";"mmp26c2"
"26c2 Schreiben und Sprechen II";"mod.mmp-SRSP02.V2.FS27_BS.002";"20270324T123000Z";"20270324T154500Z";"24.03.2027 13:30:00";"24.03.2027 16:45:00";"Petra Hasler";"I 0.30/I0.12";"mmp26c2"
"26c2 Schreiben und Sprechen II";"mod.mmp-SRSP02.V2.FS27_BS.002";"20270407T071500Z";"20270407T103000Z";"07.04.2027 09:15:00";"07.04.2027 12:30:00";"Petra Hasler";"I-0.31";"mmp26c2"
"26c2 Schreiben und Sprechen II";"mod.mmp-SRSP02.V2.FS27_BS.002";"20270407T113000Z";"20270407T144500Z";"07.04.2027 13:30:00";"07.04.2027 16:45:00";"Petra Hasler";"I-0.31";"mmp26c2"
"26c2 Schreiben und Sprechen II";"mod.mmp-SRSP02.V2.FS27_BS.002";"20270408T071500Z";"20270408T103000Z";"08.04.2027 09:15:00";"08.04.2027 12:30:00";"Petra Hasler";"coaching";"mmp26c2"
"26c2 Schreiben und Sprechen II";"mod.mmp-SRSP02.V2.FS27_BS.002";"20270408T113000Z";"20270408T144500Z";"08.04.2027 13:30:00";"08.04.2027 16:45:00";"Petra Hasler";"coaching";"mmp26c2"
"26c2 Schreiben und Sprechen II";"mod.mmp-SRSP02.V2.FS27_BS.002";"20270503T071500Z";"20270503T103000Z";"03.05.2027 09:15:00";"03.05.2027 12:30:00";"Petra Hasler";"online";"mmp26c2"
"26c2 Schreiben und Sprechen II";"mod.mmp-SRSP02.V2.FS27_BS.002";"20270503T113000Z";"20270503T144500Z";"03.05.2027 13:30:00";"03.05.2027 16:45:00";"Petra Hasler";"coaching";"mmp26c2"
"26c2 Schreiben und Sprechen II";"mod.mmp-SRSP02.V2.FS27_BS.002";"20270504T071500Z";"20270504T103000Z";"04.05.2027 09:15:00";"04.05.2027 12:30:00";"Petra Hasler";"I-0.31/I0.11/I0.12";"mmp26c2"
"26c2 Schreiben und Sprechen II";"mod.mmp-SRSP02.V2.FS27_BS.002";"20270504T113000Z";"20270504T144500Z";"04.05.2027 13:30:00";"04.05.2027 16:45:00";"Petra Hasler";"I-0.31/I0.11/I0.12";"mmp26c2"
"26c2 Medienethik I ";"modk.mmp-MEDETH01.V05.FS27_BS.002";"20270310T081500Z";"20270310T113000Z";"10.03.2027 09:15:00";"10.03.2027 12:30:00";"Marie-Therese Mäder";"I-0.31";"mmp26c2"
"26c2 Medienethik I ";"modk.mmp-MEDETH01.V05.FS27_BS.002";"20270310T123000Z";"20270310T154500Z";"10.03.2027 13:30:00";"10.03.2027 16:45:00";"Marie-Therese Mäder";"I-0.31";"mmp26c2"
"26c2 Medienethik I ";"modk.mmp-MEDETH01.V05.FS27_BS.002";"20270322T081500Z";"20270322T113000Z";"22.03.2027 09:15:00";"22.03.2027 12:30:00";"Marie-Therese Mäder";"I 0.30";"mmp26c2"
"26c2 Medienethik I ";"modk.mmp-MEDETH01.V05.FS27_BS.002";"20270406T113000Z";"20270406T144500Z";"06.04.2027 13:30:00";"06.04.2027 16:45:00";"Marie-Therese Mäder";"I 0.30";"mmp26c2"
"26c2 Medienethik I ";"modk.mmp-MEDETH01.V05.FS27_BS.002";"20270422T113000Z";"20270422T144500Z";"22.04.2027 13:30:00";"22.04.2027 16:45:00";"Marie-Therese Mäder";"online";"mmp26c2"
"26c2 Medienethik I ";"modk.mmp-MEDETH01.V05.FS27_BS.002";"20270524T113000Z";"20270524T144500Z";"24.05.2027 13:30:00";"24.05.2027 16:45:00";"Marie-Therese Mäder";"I-0.31";"mmp26c2"
"26b Medienrecht 1";"modk.mmp-MR1.FS27_BS.003";"20270310T081500Z";"20270310T113000Z";"10.03.2027 09:15:00";"10.03.2027 12:30:00";"Daniel Köhler";"340";"mmp26b"
"26b Medienrecht 1";"modk.mmp-MR1.FS27_BS.003";"20270310T123000Z";"20270310T154500Z";"10.03.2027 13:30:00";"10.03.2027 16:45:00";"Daniel Köhler";"340";"mmp26b"
"26b Medienrecht 1";"modk.mmp-MR1.FS27_BS.003";"20270311T081500Z";"20270311T113000Z";"11.03.2027 09:15:00";"11.03.2027 12:30:00";"Daniel Köhler";"340";"mmp26b"
"26b Medienrecht 1";"modk.mmp-MR1.FS27_BS.003";"20270311T123000Z";"20270311T154500Z";"11.03.2027 13:30:00";"11.03.2027 16:45:00";"Daniel Köhler";"340";"mmp26b"
"26b Medienrecht 1";"modk.mmp-MR1.FS27_BS.003";"20270518T071500Z";"20270518T103000Z";"18.05.2027 09:15:00";"18.05.2027 12:30:00";"Daniel Köhler";"online";"mmp26b"
"26b Medienrecht 1";"modk.mmp-MR1.FS27_BS.003";"20270518T113000Z";"20270518T144500Z";"18.05.2027 13:30:00";"18.05.2027 16:45:00";"Daniel Köhler";"online";"mmp26b"
"26b Medienrecht 1";"modk.mmp-MR1.FS27_BS.003";"20270519T071500Z";"20270519T103000Z";"19.05.2027 09:15:00";"19.05.2027 12:30:00";"Daniel Köhler";"online";"mmp26b"
"26b Medienrecht 1";"modk.mmp-MR1.FS27_BS.003";"20270519T113000Z";"20270519T144500Z";"19.05.2027 13:30:00";"19.05.2027 16:45:00";"Daniel Köhler";"online";"mmp26b"
"26c1 Medienethik I ";"modk.mmp-MEDETH01.V05.FS27_BS.001";"20270311T081500Z";"20270311T113000Z";"11.03.2027 09:15:00";"11.03.2027 12:30:00";"Marie-Therese Mäder";"I-0.31";"mmp26c1"
"26c1 Medienethik I ";"modk.mmp-MEDETH01.V05.FS27_BS.001";"20270311T123000Z";"20270311T154500Z";"11.03.2027 13:30:00";"11.03.2027 16:45:00";"Marie-Therese Mäder";"I-0.31";"mmp26c1"
"26c1 Medienethik I ";"modk.mmp-MEDETH01.V05.FS27_BS.001";"20270322T123000Z";"20270322T154500Z";"22.03.2027 13:30:00";"22.03.2027 16:45:00";"Marie-Therese Mäder";"I 0.30";"mmp26c1"
"26c1 Medienethik I ";"modk.mmp-MEDETH01.V05.FS27_BS.001";"20270406T071500Z";"20270406T103000Z";"06.04.2027 09:15:00";"06.04.2027 12:30:00";"Marie-Therese Mäder";"I 0.30";"mmp26c1"
"26c1 Medienethik I ";"modk.mmp-MEDETH01.V05.FS27_BS.001";"20270422T071500Z";"20270422T103000Z";"22.04.2027 09:15:00";"22.04.2027 12:30:00";"Marie-Therese Mäder";"online";"mmp26c1"
"26c1 Medienethik I ";"modk.mmp-MEDETH01.V05.FS27_BS.001";"20270524T071500Z";"20270524T103000Z";"24.05.2027 09:15:00";"24.05.2027 12:30:00";"Marie-Therese Mäder";"I-0.31";"mmp26c1"
"26cv Mediensystem Schweiz – Medien-BWL Grundlagen";"modk.mmp-MBWLG04.V01.FS27_BS.001";"20270405T071500Z";"20270405T103000Z";"05.04.2027 09:15:00";"05.04.2027 12:30:00";"Marius Hagger";"Z2.02";"mmp26cv"
"26cv Mediensystem Schweiz – Medien-BWL Grundlagen";"modk.mmp-MBWLG04.V01.FS27_BS.001";"20270421T071500Z";"20270421T103000Z";"21.04.2027 09:15:00";"21.04.2027 12:30:00";"Marius Hagger";"Z2.02";"mmp26cv"
"26cv Mediensystem Schweiz – Medien-BWL Grundlagen";"modk.mmp-MBWLG04.V01.FS27_BS.001";"20270518T071500Z";"20270518T103000Z";"18.05.2027 09:15:00";"18.05.2027 12:30:00";"Marius Hagger";"Z2.02";"mmp26cv"
"26cv Mediensystem Schweiz – Medien-BWL Grundlagen";"modk.mmp-MBWLG04.V01.FS27_BS.001";"20270524T071500Z";"20270524T103000Z";"24.05.2027 09:15:00";"24.05.2027 12:30:00";"Marius Hagger";"Z2.02";"mmp26cv"
"26cv Mediensystem Schweiz – Medien-BWL Grundlagen";"modk.mmp-MBWLG04.V01.FS27_BS.001";"20270525T071500Z";"20270525T103000Z";"25.05.2027 09:15:00";"25.05.2027 12:30:00";"Marius Hagger";"Z2.02";"mmp26cv"
"26cv Mediensystem Schweiz – Medien-BWL Grundlagen";"modk.mmp-MBWLG04.V01.FS27_BS.001";"20270531T113000Z";"20270531T144500Z";"31.05.2027 13:30:00";"31.05.2027 16:45:00";"Marius Hagger";"Z2.02";"mmp26cv"
"25cv Interaktive Medien IV";"mod.mmp-INTEM04.FS27_BS.004";"20270405T071500Z";"20270405T103000Z";"05.04.2027 09:15:00";"05.04.2027 12:30:00";"Wolfgang Bock";"Z0.03";"mmp25cv"
"25cv Interaktive Medien IV";"mod.mmp-INTEM04.FS27_BS.004";"20270405T113000Z";"20270405T144500Z";"05.04.2027 13:30:00";"05.04.2027 16:45:00";"Wolfgang Bock";"Z0.03";"mmp25cv"
"25cv Interaktive Medien IV";"mod.mmp-INTEM04.FS27_BS.004";"20270412T071500Z";"20270412T103000Z";"12.04.2027 09:15:00";"12.04.2027 12:30:00";"Wolfgang Bock";"Z0.03";"mmp25cv"
"25cv Interaktive Medien IV";"mod.mmp-INTEM04.FS27_BS.004";"20270412T113000Z";"20270412T144500Z";"12.04.2027 13:30:00";"12.04.2027 16:45:00";"Wolfgang Bock";"Z0.03";"mmp25cv"
"25cv Interaktive Medien IV";"mod.mmp-INTEM04.FS27_BS.004";"20270421T071500Z";"20270421T103000Z";"21.04.2027 09:15:00";"21.04.2027 12:30:00";"Wolfgang Bock";"Z0.03";"mmp25cv"
"25cv Interaktive Medien IV";"mod.mmp-INTEM04.FS27_BS.004";"20270421T113000Z";"20270421T144500Z";"21.04.2027 13:30:00";"21.04.2027 16:45:00";"Wolfgang Bock";"Z0.03";"mmp25cv"
"25cv Interaktive Medien IV";"mod.mmp-INTEM04.FS27_BS.004";"20270524T071500Z";"20270524T103000Z";"24.05.2027 09:15:00";"24.05.2027 12:30:00";"Wolfgang Bock";"Z0.03";"mmp25cv"
"25cv Interaktive Medien IV";"mod.mmp-INTEM04.FS27_BS.004";"20270524T113000Z";"20270524T144500Z";"24.05.2027 13:30:00";"24.05.2027 16:45:00";"Wolfgang Bock";"Z0.03";"mmp25cv"
"25cv Interaktive Medien IV";"mod.mmp-INTEM04.FS27_BS.004";"20270525T071500Z";"20270525T103000Z";"25.05.2027 09:15:00";"25.05.2027 12:30:00";"Wolfgang Bock";"Z0.03";"mmp25cv"
"25cv Interaktive Medien IV";"mod.mmp-INTEM04.FS27_BS.004";"20270525T113000Z";"20270525T144500Z";"25.05.2027 13:30:00";"25.05.2027 16:45:00";"Wolfgang Bock";"Z0.03";"mmp25cv"
"25cv Interaktive Medien IV";"mod.mmp-INTEM04.FS27_BS.004";"20270531T113000Z";"20270531T144500Z";"31.05.2027 13:30:00";"31.05.2027 16:45:00";"Wolfgang Bock";"Z0.03";"mmp25cv"
"26c1 Interaktive Medien II";"mod.mmp-IM2.FS27_BS.001 ";"20270420T071500Z";"20270420T103000Z";"20.04.2027 09:15:00";"20.04.2027 12:30:00";"Wolfgang Bock";"I 0.02/03";"mmp26c1"
"26c1 Interaktive Medien II";"mod.mmp-IM2.FS27_BS.001 ";"20270420T113000Z";"20270420T144500Z";"20.04.2027 13:30:00";"20.04.2027 16:45:00";"Wolfgang Bock";"I 0.02/03";"mmp26c1"
"26c1 Interaktive Medien II";"mod.mmp-IM2.FS27_BS.001 ";"20270426T071500Z";"20270426T103000Z";"26.04.2027 09:15:00";"26.04.2027 12:30:00";"Wolfgang Bock";"I 0.02/03";"mmp26c1"
"26c1 Interaktive Medien II";"mod.mmp-IM2.FS27_BS.001 ";"20270426T113000Z";"20270426T144500Z";"26.04.2027 13:30:00";"26.04.2027 16:45:00";"Wolfgang Bock";"I 0.02/03";"mmp26c1"
"26c1 Interaktive Medien II";"mod.mmp-IM2.FS27_BS.001 ";"20270427T071500Z";"20270427T103000Z";"27.04.2027 09:15:00";"27.04.2027 12:30:00";"Wolfgang Bock";"I 0.02/03";"mmp26c1"
"26c1 Interaktive Medien II";"mod.mmp-IM2.FS27_BS.001 ";"20270427T113000Z";"20270427T144500Z";"27.04.2027 13:30:00";"27.04.2027 16:45:00";"Wolfgang Bock";"I 0.02/03";"mmp26c1"
"26c1 Interaktive Medien II";"mod.mmp-IM2.FS27_BS.001 ";"20270428T071500Z";"20270428T103000Z";"28.04.2027 09:15:00";"28.04.2027 12:30:00";"Wolfgang Bock";"I 0.02/03";"mmp26c1"
"26c1 Interaktive Medien II";"mod.mmp-IM2.FS27_BS.001 ";"20270428T113000Z";"20270428T144500Z";"28.04.2027 13:30:00";"28.04.2027 16:45:00";"Wolfgang Bock";"I 0.02/03";"mmp26c1"
"26c1 Interaktive Medien II";"mod.mmp-IM2.FS27_BS.001 ";"20270510T071500Z";"20270510T103000Z";"10.05.2027 09:15:00";"10.05.2027 12:30:00";"Wolfgang Bock";"I 0.02/03";"mmp26c1"
"26c1 Interaktive Medien II";"mod.mmp-IM2.FS27_BS.001 ";"20270510T113000Z";"20270510T144500Z";"10.05.2027 13:30:00";"10.05.2027 16:45:00";"Wolfgang Bock";"I 0.02/03";"mmp26c1"
"26c1 Interaktive Medien II";"mod.mmp-IM2.FS27_BS.001 ";"20270511T071500Z";"20270511T103000Z";"11.05.2027 09:15:00";"11.05.2027 12:30:00";"Wolfgang Bock";"I 0.02/03";"mmp26c1"
"26c1 Interaktive Medien II";"mod.mmp-IM2.FS27_BS.001 ";"20270511T113000Z";"20270511T144500Z";"11.05.2027 13:30:00";"11.05.2027 16:45:00";"Wolfgang Bock";"I 0.02/03";"mmp26c1"
"26c1 Interaktive Medien II";"mod.mmp-IM2.FS27_BS.001 ";"20270512T071500Z";"20270512T103000Z";"12.05.2027 09:15:00";"12.05.2027 12:30:00";"Wolfgang Bock";"I 0.02/03";"mmp26c1"
"26c1 Interaktive Medien II";"mod.mmp-IM2.FS27_BS.001 ";"20270512T113000Z";"20270512T144500Z";"12.05.2027 13:30:00";"12.05.2027 16:45:00";"Wolfgang Bock";"I 0.02/03";"mmp26c1"
"26c1 Interaktive Medien II";"mod.mmp-IM2.FS27_BS.001 ";"20270513T071500Z";"20270513T103000Z";"13.05.2027 09:15:00";"13.05.2027 12:30:00";"Wolfgang Bock";"I 0.02/03";"mmp26c1"
"26c1 Interaktive Medien II";"mod.mmp-IM2.FS27_BS.001 ";"20270513T113000Z";"20270513T144500Z";"13.05.2027 13:30:00";"13.05.2027 16:45:00";"Wolfgang Bock";"I 0.02/03";"mmp26c1"
"26c1 Interaktive Medien II";"mod.mmp-IM2.FS27_BS.001 ";"20270526T071500Z";"20270526T103000Z";"26.05.2027 09:15:00";"26.05.2027 12:30:00";"Wolfgang Bock";"I 0.02/03";"mmp26c1"
"26c1 Interaktive Medien II";"mod.mmp-IM2.FS27_BS.001 ";"20270526T113000Z";"20270526T144500Z";"26.05.2027 13:30:00";"26.05.2027 16:45:00";"Wolfgang Bock";"I 0.02/03";"mmp26c1"
"26c1 Interaktive Medien II";"mod.mmp-IM2.FS27_BS.001 ";"20270601T071500Z";"20270601T103000Z";"01.06.2027 09:15:00";"01.06.2027 12:30:00";"Wolfgang Bock";"I 0.02/03";"mmp26c1"
"26c1 Interaktive Medien II";"mod.mmp-IM2.FS27_BS.001 ";"20270601T113000Z";"20270601T144500Z";"01.06.2027 13:30:00";"01.06.2027 16:45:00";"Wolfgang Bock";"I 0.02/03";"mmp26c1"
"26c2 Interaktive Medien II";"mod.mmp-IM2.FS27_BS.002";"20270420T071500Z";"20270420T103000Z";"20.04.2027 09:15:00";"20.04.2027 12:30:00";"Wolfgang Bock";"I 0.02/03";"mmp26c2"
"26c2 Interaktive Medien II";"mod.mmp-IM2.FS27_BS.002";"20270420T113000Z";"20270420T144500Z";"20.04.2027 13:30:00";"20.04.2027 16:45:00";"Wolfgang Bock";"I 0.02/03";"mmp26c2"
"26c2 Interaktive Medien II";"mod.mmp-IM2.FS27_BS.002";"20270426T071500Z";"20270426T103000Z";"26.04.2027 09:15:00";"26.04.2027 12:30:00";"Wolfgang Bock";"I 0.02/03";"mmp26c2"
"26c2 Interaktive Medien II";"mod.mmp-IM2.FS27_BS.002";"20270426T113000Z";"20270426T144500Z";"26.04.2027 13:30:00";"26.04.2027 16:45:00";"Wolfgang Bock";"I 0.02/03";"mmp26c2"
"26c2 Interaktive Medien II";"mod.mmp-IM2.FS27_BS.002";"20270427T071500Z";"20270427T103000Z";"27.04.2027 09:15:00";"27.04.2027 12:30:00";"Wolfgang Bock";"I 0.02/03";"mmp26c2"
"26c2 Interaktive Medien II";"mod.mmp-IM2.FS27_BS.002";"20270427T113000Z";"20270427T144500Z";"27.04.2027 13:30:00";"27.04.2027 16:45:00";"Wolfgang Bock";"I 0.02/03";"mmp26c2"
"26c2 Interaktive Medien II";"mod.mmp-IM2.FS27_BS.002";"20270428T071500Z";"20270428T103000Z";"28.04.2027 09:15:00";"28.04.2027 12:30:00";"Wolfgang Bock";"I 0.02/03";"mmp26c2"
"26c2 Interaktive Medien II";"mod.mmp-IM2.FS27_BS.002";"20270428T113000Z";"20270428T144500Z";"28.04.2027 13:30:00";"28.04.2027 16:45:00";"Wolfgang Bock";"I 0.02/03";"mmp26c2"
"26c2 Interaktive Medien II";"mod.mmp-IM2.FS27_BS.002";"20270510T071500Z";"20270510T103000Z";"10.05.2027 09:15:00";"10.05.2027 12:30:00";"Wolfgang Bock";"I 0.02/03";"mmp26c2"
"26c2 Interaktive Medien II";"mod.mmp-IM2.FS27_BS.002";"20270510T113000Z";"20270510T144500Z";"10.05.2027 13:30:00";"10.05.2027 16:45:00";"Wolfgang Bock";"I 0.02/03";"mmp26c2"
"26c2 Interaktive Medien II";"mod.mmp-IM2.FS27_BS.002";"20270511T071500Z";"20270511T103000Z";"11.05.2027 09:15:00";"11.05.2027 12:30:00";"Wolfgang Bock";"I 0.02/03";"mmp26c2"
"26c2 Interaktive Medien II";"mod.mmp-IM2.FS27_BS.002";"20270511T113000Z";"20270511T144500Z";"11.05.2027 13:30:00";"11.05.2027 16:45:00";"Wolfgang Bock";"I 0.02/03";"mmp26c2"
"26c2 Interaktive Medien II";"mod.mmp-IM2.FS27_BS.002";"20270512T071500Z";"20270512T103000Z";"12.05.2027 09:15:00";"12.05.2027 12:30:00";"Wolfgang Bock";"I 0.02/03";"mmp26c2"
"26c2 Interaktive Medien II";"mod.mmp-IM2.FS27_BS.002";"20270512T113000Z";"20270512T144500Z";"12.05.2027 13:30:00";"12.05.2027 16:45:00";"Wolfgang Bock";"I 0.02/03";"mmp26c2"
"26c2 Interaktive Medien II";"mod.mmp-IM2.FS27_BS.002";"20270513T071500Z";"20270513T103000Z";"13.05.2027 09:15:00";"13.05.2027 12:30:00";"Wolfgang Bock";"I 0.02/03";"mmp26c2"
"26c2 Interaktive Medien II";"mod.mmp-IM2.FS27_BS.002";"20270513T113000Z";"20270513T144500Z";"13.05.2027 13:30:00";"13.05.2027 16:45:00";"Wolfgang Bock";"I 0.02/03";"mmp26c2"
"26c2 Interaktive Medien II";"mod.mmp-IM2.FS27_BS.002";"20270526T071500Z";"20270526T103000Z";"26.05.2027 09:15:00";"26.05.2027 12:30:00";"Wolfgang Bock";"I 0.02/03";"mmp26c2"
"26c2 Interaktive Medien II";"mod.mmp-IM2.FS27_BS.002";"20270526T113000Z";"20270526T144500Z";"26.05.2027 13:30:00";"26.05.2027 16:45:00";"Wolfgang Bock";"I 0.02/03";"mmp26c2"
"26c2 Interaktive Medien II";"mod.mmp-IM2.FS27_BS.002";"20270601T071500Z";"20270601T103000Z";"01.06.2027 09:15:00";"01.06.2027 12:30:00";"Wolfgang Bock";"I 0.02/03";"mmp26c2"
"26c2 Interaktive Medien II";"mod.mmp-IM2.FS27_BS.002";"20270601T113000Z";"20270601T144500Z";"01.06.2027 13:30:00";"01.06.2027 16:45:00";"Wolfgang Bock";"I 0.02/03";"mmp26c2"
"26b Interaktive Medien II";"mod.mmp-IM2.FS27_BS.003";"20270420T071500Z";"20270420T103000Z";"20.04.2027 09:15:00";"20.04.2027 12:30:00";"Wolfgang Bock";"140";"mmp26b"
"26b Interaktive Medien II";"mod.mmp-IM2.FS27_BS.003";"20270420T113000Z";"20270420T144500Z";"20.04.2027 13:30:00";"20.04.2027 16:45:00";"Wolfgang Bock";"140";"mmp26b"
"26b Interaktive Medien II";"mod.mmp-IM2.FS27_BS.003";"20270426T071500Z";"20270426T103000Z";"26.04.2027 09:15:00";"26.04.2027 12:30:00";"Wolfgang Bock";"140";"mmp26b"
"26b Interaktive Medien II";"mod.mmp-IM2.FS27_BS.003";"20270426T113000Z";"20270426T144500Z";"26.04.2027 13:30:00";"26.04.2027 16:45:00";"Wolfgang Bock";"140";"mmp26b"
"26b Interaktive Medien II";"mod.mmp-IM2.FS27_BS.003";"20270427T071500Z";"20270427T103000Z";"27.04.2027 09:15:00";"27.04.2027 12:30:00";"Wolfgang Bock";"140";"mmp26b"
"26b Interaktive Medien II";"mod.mmp-IM2.FS27_BS.003";"20270427T113000Z";"20270427T144500Z";"27.04.2027 13:30:00";"27.04.2027 16:45:00";"Wolfgang Bock";"140";"mmp26b"
"26b Interaktive Medien II";"mod.mmp-IM2.FS27_BS.003";"20270428T071500Z";"20270428T103000Z";"28.04.2027 09:15:00";"28.04.2027 12:30:00";"Wolfgang Bock";"340";"mmp26b"
"26b Interaktive Medien II";"mod.mmp-IM2.FS27_BS.003";"20270428T113000Z";"20270428T144500Z";"28.04.2027 13:30:00";"28.04.2027 16:45:00";"Wolfgang Bock";"340";"mmp26b"
"26b Interaktive Medien II";"mod.mmp-IM2.FS27_BS.003";"20270510T071500Z";"20270510T103000Z";"10.05.2027 09:15:00";"10.05.2027 12:30:00";"Wolfgang Bock";"140";"mmp26b"
"26b Interaktive Medien II";"mod.mmp-IM2.FS27_BS.003";"20270510T113000Z";"20270510T144500Z";"10.05.2027 13:30:00";"10.05.2027 16:45:00";"Wolfgang Bock";"140";"mmp26b"
"26b Interaktive Medien II";"mod.mmp-IM2.FS27_BS.003";"20270511T071500Z";"20270511T103000Z";"11.05.2027 09:15:00";"11.05.2027 12:30:00";"Wolfgang Bock";"140";"mmp26b"
"26b Interaktive Medien II";"mod.mmp-IM2.FS27_BS.003";"20270511T113000Z";"20270511T144500Z";"11.05.2027 13:30:00";"11.05.2027 16:45:00";"Wolfgang Bock";"140";"mmp26b"
"26b Interaktive Medien II";"mod.mmp-IM2.FS27_BS.003";"20270512T071500Z";"20270512T103000Z";"12.05.2027 09:15:00";"12.05.2027 12:30:00";"Wolfgang Bock";"340";"mmp26b"
"26b Interaktive Medien II";"mod.mmp-IM2.FS27_BS.003";"20270512T113000Z";"20270512T144500Z";"12.05.2027 13:30:00";"12.05.2027 16:45:00";"Wolfgang Bock";"340";"mmp26b"
"26b Interaktive Medien II";"mod.mmp-IM2.FS27_BS.003";"20270513T071500Z";"20270513T103000Z";"13.05.2027 09:15:00";"13.05.2027 12:30:00";"Wolfgang Bock";"340";"mmp26b"
"26b Interaktive Medien II";"mod.mmp-IM2.FS27_BS.003";"20270513T113000Z";"20270513T144500Z";"13.05.2027 13:30:00";"13.05.2027 16:45:00";"Wolfgang Bock";"340";"mmp26b"
"26b Interaktive Medien II";"mod.mmp-IM2.FS27_BS.003";"20270526T071500Z";"20270526T103000Z";"26.05.2027 09:15:00";"26.05.2027 12:30:00";"Wolfgang Bock";"010";"mmp26b"
"26b Interaktive Medien II";"mod.mmp-IM2.FS27_BS.003";"20270526T113000Z";"20270526T144500Z";"26.05.2027 13:30:00";"26.05.2027 16:45:00";"Wolfgang Bock";"010";"mmp26b"
"26b Interaktive Medien II";"mod.mmp-IM2.FS27_BS.003";"20270601T071500Z";"20270601T103000Z";"01.06.2027 09:15:00";"01.06.2027 12:30:00";"Wolfgang Bock";"140";"mmp26b"
"26b Interaktive Medien II";"mod.mmp-IM2.FS27_BS.003";"20270601T113000Z";"20270601T144500Z";"01.06.2027 13:30:00";"01.06.2027 16:45:00";"Wolfgang Bock";"140";"mmp26b"
"26cv Mediensystem Schweiz – Medienethik Grundlagen";"modk.mmp-METHG04.FS27_BS.001";"20270420T071500Z";"20270420T103000Z";"20.04.2027 09:15:00";"20.04.2027 12:30:00";"Marie-Therese Mäder";"Z2.02";"mmp26cv"
"26cv Mediensystem Schweiz – Medienethik Grundlagen";"modk.mmp-METHG04.FS27_BS.001";"20270420T113000Z";"20270420T144500Z";"20.04.2027 13:30:00";"20.04.2027 16:45:00";"Marie-Therese Mäder";"Z2.02";"mmp26cv"
"26cv Mediensystem Schweiz – Medienethik Grundlagen";"modk.mmp-METHG04.FS27_BS.001";"20270525T113000Z";"20270525T144500Z";"25.05.2027 13:30:00";"25.05.2027 16:45:00";"Marie-Therese Mäder";"Z2.02";"mmp26cv"
"26cv mod.mmp-IM1.HS26_BS.002";"mod.mmp-IM2.FS27_BS.004";"20270426T071500Z";"20270426T103000Z";"26.04.2027 09:15:00";"26.04.2027 12:30:00";"mod.mmp-IM1.HS26_BS.003";"Z2.02";"mmp26cv"
"26cv mod.mmp-IM1.HS26_BS.002";"mod.mmp-IM2.FS27_BS.004";"20270426T113000Z";"20270426T144500Z";"26.04.2027 13:30:00";"26.04.2027 16:45:00";"mod.mmp-IM1.HS26_BS.003";"Z2.02";"mmp26cv"
"26cv mod.mmp-IM1.HS26_BS.002";"mod.mmp-IM2.FS27_BS.004";"20270427T071500Z";"20270427T103000Z";"27.04.2027 09:15:00";"27.04.2027 12:30:00";"mod.mmp-IM1.HS26_BS.003";"Z2.02";"mmp26cv"
"26cv mod.mmp-IM1.HS26_BS.002";"mod.mmp-IM2.FS27_BS.004";"20270427T113000Z";"20270427T144500Z";"27.04.2027 13:30:00";"27.04.2027 16:45:00";"mod.mmp-IM1.HS26_BS.003";"Z2.02";"mmp26cv"
"26cv mod.mmp-IM1.HS26_BS.002";"mod.mmp-IM2.FS27_BS.004";"20270510T071500Z";"20270510T103000Z";"10.05.2027 09:15:00";"10.05.2027 12:30:00";"mod.mmp-IM1.HS26_BS.003";"Z2.02";"mmp26cv"
"26cv mod.mmp-IM1.HS26_BS.002";"mod.mmp-IM2.FS27_BS.004";"20270510T113000Z";"20270510T144500Z";"10.05.2027 13:30:00";"10.05.2027 16:45:00";"mod.mmp-IM1.HS26_BS.003";"Z2.02";"mmp26cv"
"26cv mod.mmp-IM1.HS26_BS.002";"mod.mmp-IM2.FS27_BS.004";"20270511T071500Z";"20270511T103000Z";"11.05.2027 09:15:00";"11.05.2027 12:30:00";"mod.mmp-IM1.HS26_BS.003";"Z2.02";"mmp26cv"
"26cv mod.mmp-IM1.HS26_BS.002";"mod.mmp-IM2.FS27_BS.004";"20270511T113000Z";"20270511T144500Z";"11.05.2027 13:30:00";"11.05.2027 16:45:00";"mod.mmp-IM1.HS26_BS.003";"Z2.02";"mmp26cv"
"26cv mod.mmp-IM1.HS26_BS.002";"mod.mmp-IM2.FS27_BS.004";"20270601T071500Z";"20270601T103000Z";"01.06.2027 09:15:00";"01.06.2027 12:30:00";"mod.mmp-IM1.HS26_BS.003";"Z2.02";"mmp26cv"
"26cv mod.mmp-IM1.HS26_BS.002";"mod.mmp-IM2.FS27_BS.004";"20270601T113000Z";"20270601T144500Z";"01.06.2027 13:30:00";"01.06.2027 16:45:00";"mod.mmp-IM1.HS26_BS.003";"Z2.02";"mmp26cv"
"25c2 Interaktive Medien IV";"mod.mmp-INTEM04.FS27_BS.002";"20270503T071500Z";"20270503T103000Z";"03.05.2027 09:15:00";"03.05.2027 12:30:00";"Wolfgang Bock";"I 0.02/03";"mmp25c2"
"25c2 Interaktive Medien IV";"mod.mmp-INTEM04.FS27_BS.002";"20270503T071500Z";"20270503T103000Z";"03.05.2027 09:15:00";"03.05.2027 12:30:00";"Wolfgang Bock";"I 0.02/03";"mmp25c2"
"25c2 Interaktive Medien IV";"mod.mmp-INTEM04.FS27_BS.002";"20270503T113000Z";"20270503T144500Z";"03.05.2027 13:30:00";"03.05.2027 16:45:00";"Wolfgang Bock";"I 0.02/03";"mmp25c2"
"25c2 Interaktive Medien IV";"mod.mmp-INTEM04.FS27_BS.002";"20270503T113000Z";"20270503T144500Z";"03.05.2027 13:30:00";"03.05.2027 16:45:00";"Wolfgang Bock";"I 0.02/03";"mmp25c2"
"25c2 Interaktive Medien IV";"mod.mmp-INTEM04.FS27_BS.002";"20270504T071500Z";"20270504T103000Z";"04.05.2027 09:15:00";"04.05.2027 12:30:00";"Wolfgang Bock";"I 0.02/03";"mmp25c2"
"25c2 Interaktive Medien IV";"mod.mmp-INTEM04.FS27_BS.002";"20270504T071500Z";"20270504T103000Z";"04.05.2027 09:15:00";"04.05.2027 12:30:00";"Wolfgang Bock";"I 0.02/03";"mmp25c2"
"25c2 Interaktive Medien IV";"mod.mmp-INTEM04.FS27_BS.002";"20270504T113000Z";"20270504T144500Z";"04.05.2027 13:30:00";"04.05.2027 16:45:00";"Wolfgang Bock";"I 0.02/03";"mmp25c2"
"25c2 Interaktive Medien IV";"mod.mmp-INTEM04.FS27_BS.002";"20270504T113000Z";"20270504T144500Z";"04.05.2027 13:30:00";"04.05.2027 16:45:00";"Wolfgang Bock";"I 0.02/03";"mmp25c2"
"25c2 Interaktive Medien IV";"mod.mmp-INTEM04.FS27_BS.002";"20270505T071500Z";"20270505T103000Z";"05.05.2027 09:15:00";"05.05.2027 12:30:00";"Wolfgang Bock";"I 0.02/03";"mmp25c2"
"25c2 Interaktive Medien IV";"mod.mmp-INTEM04.FS27_BS.002";"20270505T071500Z";"20270505T103000Z";"05.05.2027 09:15:00";"05.05.2027 12:30:00";"Wolfgang Bock";"I 0.02/03";"mmp25c2"
"25c2 Interaktive Medien IV";"mod.mmp-INTEM04.FS27_BS.002";"20270505T113000Z";"20270505T144500Z";"05.05.2027 13:30:00";"05.05.2027 16:45:00";"Wolfgang Bock";"I 0.02/03";"mmp25c2"
"25c2 Interaktive Medien IV";"mod.mmp-INTEM04.FS27_BS.002";"20270505T113000Z";"20270505T144500Z";"05.05.2027 13:30:00";"05.05.2027 16:45:00";"Wolfgang Bock";"I 0.02/03";"mmp25c2"
"25c2 Interaktive Medien IV";"mod.mmp-INTEM04.FS27_BS.002";"20270518T071500Z";"20270518T103000Z";"18.05.2027 09:15:00";"18.05.2027 12:30:00";"Wolfgang Bock";"I 0.02/03";"mmp25c2"
"25c2 Interaktive Medien IV";"mod.mmp-INTEM04.FS27_BS.002";"20270518T071500Z";"20270518T103000Z";"18.05.2027 09:15:00";"18.05.2027 12:30:00";"Wolfgang Bock";"I 0.02/03";"mmp25c2"
"25c2 Interaktive Medien IV";"mod.mmp-INTEM04.FS27_BS.002";"20270518T113000Z";"20270518T144500Z";"18.05.2027 13:30:00";"18.05.2027 16:45:00";"Wolfgang Bock";"I 0.02/03";"mmp25c2"
"25c2 Interaktive Medien IV";"mod.mmp-INTEM04.FS27_BS.002";"20270518T113000Z";"20270518T144500Z";"18.05.2027 13:30:00";"18.05.2027 16:45:00";"Wolfgang Bock";"I 0.02/03";"mmp25c2"
"25c2 Interaktive Medien IV";"mod.mmp-INTEM04.FS27_BS.002";"20270519T071500Z";"20270519T103000Z";"19.05.2027 09:15:00";"19.05.2027 12:30:00";"Wolfgang Bock";"I 0.02/03";"mmp25c2"
"25c2 Interaktive Medien IV";"mod.mmp-INTEM04.FS27_BS.002";"20270519T071500Z";"20270519T103000Z";"19.05.2027 09:15:00";"19.05.2027 12:30:00";"Wolfgang Bock";"I 0.02/03";"mmp25c2"
"25c2 Interaktive Medien IV";"mod.mmp-INTEM04.FS27_BS.002";"20270519T113000Z";"20270519T144500Z";"19.05.2027 13:30:00";"19.05.2027 16:45:00";"Wolfgang Bock";"I 0.02/03";"mmp25c2"
"25c2 Interaktive Medien IV";"mod.mmp-INTEM04.FS27_BS.002";"20270519T113000Z";"20270519T144500Z";"19.05.2027 13:30:00";"19.05.2027 16:45:00";"Wolfgang Bock";"I 0.02/03";"mmp25c2"
"25c2 Interaktive Medien IV";"mod.mmp-INTEM04.FS27_BS.002";"20270520T071500Z";"20270520T103000Z";"20.05.2027 09:15:00";"20.05.2027 12:30:00";"Wolfgang Bock";"I 0.02/03";"mmp25c2"
"25c2 Interaktive Medien IV";"mod.mmp-INTEM04.FS27_BS.002";"20270520T071500Z";"20270520T103000Z";"20.05.2027 09:15:00";"20.05.2027 12:30:00";"Wolfgang Bock";"I 0.02/03";"mmp25c2"
"25c2 Interaktive Medien IV";"mod.mmp-INTEM04.FS27_BS.002";"20270520T113000Z";"20270520T144500Z";"20.05.2027 13:30:00";"20.05.2027 16:45:00";"Wolfgang Bock";"I 0.02/03";"mmp25c2"
"25c2 Interaktive Medien IV";"mod.mmp-INTEM04.FS27_BS.002";"20270520T113000Z";"20270520T144500Z";"20.05.2027 13:30:00";"20.05.2027 16:45:00";"Wolfgang Bock";"I 0.02/03";"mmp25c2"
"25c2 Interaktive Medien IV";"mod.mmp-INTEM04.FS27_BS.002";"20270602T071500Z";"20270602T103000Z";"02.06.2027 09:15:00";"02.06.2027 12:30:00";"Wolfgang Bock";"I 0.02/03";"mmp25c2"
"25c2 Interaktive Medien IV";"mod.mmp-INTEM04.FS27_BS.002";"20270602T071500Z";"20270602T103000Z";"02.06.2027 09:15:00";"02.06.2027 12:30:00";"Wolfgang Bock";"I 0.02/03";"mmp25c2"
"25c2 Interaktive Medien IV";"mod.mmp-INTEM04.FS27_BS.002";"20270602T113000Z";"20270602T144500Z";"02.06.2027 13:30:00";"02.06.2027 16:45:00";"Wolfgang Bock";"I 0.02/03";"mmp25c2"
"25c2 Interaktive Medien IV";"mod.mmp-INTEM04.FS27_BS.002";"20270602T113000Z";"20270602T144500Z";"02.06.2027 13:30:00";"02.06.2027 16:45:00";"Wolfgang Bock";"I 0.02/03";"mmp25c2"
"25c2 Interaktive Medien IV";"mod.mmp-INTEM04.FS27_BS.002";"20270603T071500Z";"20270603T103000Z";"03.06.2027 09:15:00";"03.06.2027 12:30:00";"Wolfgang Bock";"I 0.02/03";"mmp25c2"
"25c2 Interaktive Medien IV";"mod.mmp-INTEM04.FS27_BS.002";"20270603T071500Z";"20270603T103000Z";"03.06.2027 09:15:00";"03.06.2027 12:30:00";"Wolfgang Bock";"I 0.02/03";"mmp25c2"
"25c2 Interaktive Medien IV";"mod.mmp-INTEM04.FS27_BS.002";"20270603T113000Z";"20270603T144500Z";"03.06.2027 13:30:00";"03.06.2027 16:45:00";"Wolfgang Bock";"I 0.02/03";"mmp25c2"
"25c2 Interaktive Medien IV";"mod.mmp-INTEM04.FS27_BS.002";"20270603T113000Z";"20270603T144500Z";"03.06.2027 13:30:00";"03.06.2027 16:45:00";"Wolfgang Bock";"I 0.02/03";"mmp25c2"
"25b Interaktive Medien IV";"mod.mmp-INTEM04.FS27_BS.003";"20270503T071500Z";"20270503T103000Z";"03.05.2027 09:15:00";"03.05.2027 12:30:00";"Wolfgang Bock";"140";"mmp25b"
"25b Interaktive Medien IV";"mod.mmp-INTEM04.FS27_BS.003";"20270503T113000Z";"20270503T144500Z";"03.05.2027 13:30:00";"03.05.2027 16:45:00";"Wolfgang Bock";"140";"mmp25b"
"25b Interaktive Medien IV";"mod.mmp-INTEM04.FS27_BS.003";"20270504T071500Z";"20270504T103000Z";"04.05.2027 09:15:00";"04.05.2027 12:30:00";"Wolfgang Bock";"140";"mmp25b"
"25b Interaktive Medien IV";"mod.mmp-INTEM04.FS27_BS.003";"20270504T113000Z";"20270504T144500Z";"04.05.2027 13:30:00";"04.05.2027 16:45:00";"Wolfgang Bock";"140";"mmp25b"
"25b Interaktive Medien IV";"mod.mmp-INTEM04.FS27_BS.003";"20270505T071500Z";"20270505T103000Z";"05.05.2027 09:15:00";"05.05.2027 12:30:00";"Wolfgang Bock";"211";"mmp25b"
"25b Interaktive Medien IV";"mod.mmp-INTEM04.FS27_BS.003";"20270505T113000Z";"20270505T144500Z";"05.05.2027 13:30:00";"05.05.2027 16:45:00";"Wolfgang Bock";"211";"mmp25b"
"25b Interaktive Medien IV";"mod.mmp-INTEM04.FS27_BS.003";"20270518T071500Z";"20270518T103000Z";"18.05.2027 09:15:00";"18.05.2027 12:30:00";"Wolfgang Bock";"340";"mmp25b"
"25b Interaktive Medien IV";"mod.mmp-INTEM04.FS27_BS.003";"20270518T113000Z";"20270518T144500Z";"18.05.2027 13:30:00";"18.05.2027 16:45:00";"Wolfgang Bock";"340";"mmp25b"
"25b Interaktive Medien IV";"mod.mmp-INTEM04.FS27_BS.003";"20270519T071500Z";"20270519T103000Z";"19.05.2027 09:15:00";"19.05.2027 12:30:00";"Wolfgang Bock";"340";"mmp25b"
"25b Interaktive Medien IV";"mod.mmp-INTEM04.FS27_BS.003";"20270519T113000Z";"20270519T144500Z";"19.05.2027 13:30:00";"19.05.2027 16:45:00";"Wolfgang Bock";"340";"mmp25b"
"25b Interaktive Medien IV";"mod.mmp-INTEM04.FS27_BS.003";"20270520T071500Z";"20270520T103000Z";"20.05.2027 09:15:00";"20.05.2027 12:30:00";"Wolfgang Bock";"340";"mmp25b"
"25b Interaktive Medien IV";"mod.mmp-INTEM04.FS27_BS.003";"20270520T113000Z";"20270520T144500Z";"20.05.2027 13:30:00";"20.05.2027 16:45:00";"Wolfgang Bock";"340";"mmp25b"
"25b Interaktive Medien IV";"mod.mmp-INTEM04.FS27_BS.003";"20270602T071500Z";"20270602T103000Z";"02.06.2027 09:15:00";"02.06.2027 12:30:00";"Wolfgang Bock";"340";"mmp25b"
"25b Interaktive Medien IV";"mod.mmp-INTEM04.FS27_BS.003";"20270602T113000Z";"20270602T144500Z";"02.06.2027 13:30:00";"02.06.2027 16:45:00";"Wolfgang Bock";"340";"mmp25b"
"25b Interaktive Medien IV";"mod.mmp-INTEM04.FS27_BS.003";"20270603T071500Z";"20270603T103000Z";"03.06.2027 09:15:00";"03.06.2027 12:30:00";"Wolfgang Bock";"340";"mmp25b"
"25b Interaktive Medien IV";"mod.mmp-INTEM04.FS27_BS.003";"20270603T113000Z";"20270603T144500Z";"03.06.2027 13:30:00";"03.06.2027 16:45:00";"Wolfgang Bock";"340";"mmp25b"