"Kursname 118";"Anlassnummer";"Startzeit";"Endzeit";"StartzeitN";"EndzeitN";"Modulleitung";"Raum";"Klasse"
"23c2 Schreiben und Sprechen V";"mod.mmp-SRSP05.HS26_BS.002";"20250908T071500Z";"20250908T103000Z";"08.09.2025 09:15:00";"08.09.2025 12:30:00";"Petra Hasler";"tba";"mmp23c2"
"23c2 Schreiben und Sprechen V";"mod.mmp-SRSP05.HS26_BS.002";"20250908T113000Z";"20250908T144500Z";"08.09.2025 13:30:00";"08.09.2025 16:45:00";"Petra Hasler";"online";"mmp23c2"
"23c2 Schreiben und Sprechen V";"mod.mmp-SRSP05.HS26_BS.002";"20250910T071500Z";"20250910T103000Z";"10.09.2025 09:15:00";"10.09.2025 12:30:00";"Petra Hasler";"tba";"mmp23c2"
"23c2 Schreiben und Sprechen V";"mod.mmp-SRSP05.HS26_BS.002";"20250910T113000Z";"20250910T144500Z";"10.09.2025 13:30:00";"10.09.2025 16:45:00";"Petra Hasler";"tba";"mmp23c2"
"23c2 Schreiben und Sprechen V";"mod.mmp-SRSP05.HS26_BS.002";"20250915T071500Z";"20250915T103000Z";"15.09.2025 09:15:00";"15.09.2025 12:30:00";"Petra Hasler";"tba";"mmp23c2"
"23c2 Schreiben und Sprechen V";"mod.mmp-SRSP05.HS26_BS.002";"20250915T113000Z";"20250915T144500Z";"15.09.2025 13:30:00";"15.09.2025 16:45:00";"Petra Hasler";"tba";"mmp23c2"
"23c2 Schreiben und Sprechen V";"mod.mmp-SRSP05.HS26_BS.002";"20250916T071500Z";"20250916T103000Z";"16.09.2025 09:15:00";"16.09.2025 12:30:00";"Petra Hasler";"online";"mmp23c2"
"23c2 Schreiben und Sprechen V";"mod.mmp-SRSP05.HS26_BS.002";"20250916T113000Z";"20250916T144500Z";"16.09.2025 13:30:00";"16.09.2025 16:45:00";"Petra Hasler";"online";"mmp23c2"
"23c2 Schreiben und Sprechen V";"mod.mmp-SRSP05.HS26_BS.002";"20250917T071500Z";"20250917T103000Z";"17.09.2025 09:15:00";"17.09.2025 12:30:00";"Petra Hasler";"tba";"mmp23c2"
"23c2 Schreiben und Sprechen V";"mod.mmp-SRSP05.HS26_BS.002";"20250917T113000Z";"20250917T144500Z";"17.09.2025 13:30:00";"17.09.2025 16:45:00";"Petra Hasler";"tba";"mmp23c2"
"23c2 Schreiben und Sprechen V";"mod.mmp-SRSP05.HS26_BS.002";"20251006T071500Z";"20251006T103000Z";"06.10.2025 09:15:00";"06.10.2025 12:30:00";"Petra Hasler";"tba";"mmp23c2"
"23c2 Schreiben und Sprechen V";"mod.mmp-SRSP05.HS26_BS.002";"20251006T113000Z";"20251006T144500Z";"06.10.2025 13:30:00";"06.10.2025 16:45:00";"Petra Hasler";"tba";"mmp23c2"
"23c2 Schreiben und Sprechen V";"mod.mmp-SRSP05.HS26_BS.002";"20251007T071500Z";"20251007T103000Z";"07.10.2025 09:15:00";"07.10.2025 12:30:00";"Petra Hasler";"tba";"mmp23c2"
"23c2 Schreiben und Sprechen V";"mod.mmp-SRSP05.HS26_BS.002";"20251007T113000Z";"20251007T144500Z";"07.10.2025 13:30:00";"07.10.2025 16:45:00";"Petra Hasler";"tba";"mmp23c2"
"23c2 Schreiben und Sprechen V";"mod.mmp-SRSP05.HS26_BS.002";"20251008T071500Z";"20251008T103000Z";"08.10.2025 09:15:00";"08.10.2025 12:30:00";"Petra Hasler";"tba";"mmp23c2"
"23c2 Schreiben und Sprechen V";"mod.mmp-SRSP05.HS26_BS.002";"20251008T113000Z";"20251008T144500Z";"08.10.2025 13:30:00";"08.10.2025 16:45:00";"Petra Hasler";"tba";"mmp23c2"
"23c2 Schreiben und Sprechen V";"mod.mmp-SRSP05.HS26_BS.002";"20251113T081500Z";"20251113T113000Z";"13.11.2025 09:15:00";"13.11.2025 12:30:00";"Petra Hasler";"tba";"mmp23c2"
"23c2 Schreiben und Sprechen V";"mod.mmp-SRSP05.HS26_BS.002";"20251113T123000Z";"20251113T154500Z";"13.11.2025 13:30:00";"13.11.2025 16:45:00";"Petra Hasler";"tba";"mmp23c2"
"23c2 Schreiben und Sprechen V";"mod.mmp-SRSP05.HS26_BS.002";"20251126T081500Z";"20251126T113000Z";"26.11.2025 09:15:00";"26.11.2025 12:30:00";"Petra Hasler";"tba";"mmp23c2"
"23c2 Schreiben und Sprechen V";"mod.mmp-SRSP05.HS26_BS.002";"20251126T123000Z";"20251126T154500Z";"26.11.2025 13:30:00";"26.11.2025 16:45:00";"Petra Hasler";"tba";"mmp23c2"
"23b Schreiben und Sprechen V";"mod.mmp-SRSP05.HS26_BS.003";"20250908T071500Z";"20250908T103000Z";"08.09.2025 09:15:00";"08.09.2025 12:30:00";"Petra Hasler";"tba";"mmp23b"
"23b Schreiben und Sprechen V";"mod.mmp-SRSP05.HS26_BS.003";"20250908T113000Z";"20250908T144500Z";"08.09.2025 13:30:00";"08.09.2025 16:45:00";"Petra Hasler";"online";"mmp23b"
"23b Schreiben und Sprechen V";"mod.mmp-SRSP05.HS26_BS.003";"20250909T071500Z";"20250909T103000Z";"09.09.2025 09:15:00";"09.09.2025 12:30:00";"Petra Hasler";"140/010/211/130/250";"mmp23b"
"23b Schreiben und Sprechen V";"mod.mmp-SRSP05.HS26_BS.003";"20250909T113000Z";"20250909T144500Z";"09.09.2025 13:30:00";"09.09.2025 16:45:00";"Petra Hasler";"140/010/211/130/250";"mmp23b"
"23b Schreiben und Sprechen V";"mod.mmp-SRSP05.HS26_BS.003";"20250910T071500Z";"20250910T103000Z";"10.09.2025 09:15:00";"10.09.2025 12:30:00";"Petra Hasler";"tba";"mmp23b"
"23b Schreiben und Sprechen V";"mod.mmp-SRSP05.HS26_BS.003";"20250910T113000Z";"20250910T144500Z";"10.09.2025 13:30:00";"10.09.2025 16:45:00";"Petra Hasler";"tba";"mmp23b"
"23b Schreiben und Sprechen V";"mod.mmp-SRSP05.HS26_BS.003";"20250915T071500Z";"20250915T103000Z";"15.09.2025 09:15:00";"15.09.2025 12:30:00";"Petra Hasler";"online";"mmp23b"
"23b Schreiben und Sprechen V";"mod.mmp-SRSP05.HS26_BS.003";"20250915T113000Z";"20250915T144500Z";"15.09.2025 13:30:00";"15.09.2025 16:45:00";"Petra Hasler";"online";"mmp23b"
"23b Schreiben und Sprechen V";"mod.mmp-SRSP05.HS26_BS.003";"20250917T071500Z";"20250917T103000Z";"17.09.2025 09:15:00";"17.09.2025 12:30:00";"Petra Hasler";"Effeingerstrasse 47";"mmp23b"
"23b Schreiben und Sprechen V";"mod.mmp-SRSP05.HS26_BS.003";"20250917T113000Z";"20250917T144500Z";"17.09.2025 13:30:00";"17.09.2025 16:45:00";"Petra Hasler";"keine Räume";"mmp23b"
"23b Schreiben und Sprechen V";"mod.mmp-SRSP05.HS26_BS.003";"20251006T071500Z";"20251006T103000Z";"06.10.2025 09:15:00";"06.10.2025 12:30:00";"Petra Hasler";"140";"mmp23b"
"23b Schreiben und Sprechen V";"mod.mmp-SRSP05.HS26_BS.003";"20251006T113000Z";"20251006T144500Z";"06.10.2025 13:30:00";"06.10.2025 16:45:00";"Petra Hasler";"140";"mmp23b"
"23b Schreiben und Sprechen V";"mod.mmp-SRSP05.HS26_BS.003";"20251008T071500Z";"20251008T103000Z";"08.10.2025 09:15:00";"08.10.2025 12:30:00";"Petra Hasler";"Atelier";"mmp23b"
"23b Schreiben und Sprechen V";"mod.mmp-SRSP05.HS26_BS.003";"20251008T113000Z";"20251008T144500Z";"08.10.2025 13:30:00";"08.10.2025 16:45:00";"Petra Hasler";"Atelier";"mmp23b"
"23b Schreiben und Sprechen V";"mod.mmp-SRSP05.HS26_BS.003";"20251009T071500Z";"20251009T103000Z";"09.10.2025 09:15:00";"09.10.2025 12:30:00";"Petra Hasler";"140/250/130";"mmp23b"
"23b Schreiben und Sprechen V";"mod.mmp-SRSP05.HS26_BS.003";"20251009T113000Z";"20251009T144500Z";"09.10.2025 13:30:00";"09.10.2025 16:45:00";"Petra Hasler";"140/250/130";"mmp23b"
"23b Schreiben und Sprechen V";"mod.mmp-SRSP05.HS26_BS.003";"20251112T081500Z";"20251112T113000Z";"12.11.2025 09:15:00";"12.11.2025 12:30:00";"Petra Hasler";"010";"mmp23b"
"23b Schreiben und Sprechen V";"mod.mmp-SRSP05.HS26_BS.003";"20251112T123000Z";"20251112T154500Z";"12.11.2025 13:30:00";"12.11.2025 16:45:00";"Petra Hasler";"010";"mmp23b"
"23b Schreiben und Sprechen V";"mod.mmp-SRSP05.HS26_BS.003";"20251126T081500Z";"20251126T113000Z";"26.11.2025 09:15:00";"26.11.2025 12:30:00";"Petra Hasler";"Atelier";"mmp23b"
"23b Schreiben und Sprechen V";"mod.mmp-SRSP05.HS26_BS.003";"20251126T123000Z";"20251126T154500Z";"26.11.2025 13:30:00";"26.11.2025 16:45:00";"Petra Hasler";"Atelier";"mmp23b"
"24c1 Medienrecht / Medien-Betriebswirtschaftslehre II - Medienrecht 2";"modk.mmp-MR2.V02.HS26_BS.001";"20250915T071500Z";"20250915T103000Z";"15.09.2025 09:15:00";"15.09.2025 12:30:00";"Daniel Köhler";"I 0.30";"mmp24c1"
"24c1 Medienrecht / Medien-Betriebswirtschaftslehre II - Medienrecht 2";"modk.mmp-MR2.V02.HS26_BS.001";"20250918T113000Z";"20250918T144500Z";"18.09.2025 13:30:00";"18.09.2025 16:45:00";"Daniel Köhler";"I 0.30";"mmp24c1"
"24c1 Medienrecht / Medien-Betriebswirtschaftslehre II - Medienrecht 2";"modk.mmp-MR2.V02.HS26_BS.001";"20251028T081500Z";"20251028T113000Z";"28.10.2025 09:15:00";"28.10.2025 12:30:00";"Daniel Köhler";"I 0.31";"mmp24c1"
"24c1 Medienrecht / Medien-Betriebswirtschaftslehre II - Medienrecht 2";"modk.mmp-MR2.V02.HS26_BS.001";"20251104T123000Z";"20251104T154500Z";"04.11.2025 13:30:00";"04.11.2025 16:45:00";"Daniel Köhler";"I 0.31";"mmp24c1"
"24c1 Medienrecht / Medien-Betriebswirtschaftslehre II - Medienrecht 2";"modk.mmp-MR2.V02.HS26_BS.001";"20251201T081500Z";"20251201T113000Z";"01.12.2025 09:15:00";"01.12.2025 12:30:00";"Daniel Köhler";"I 0.31";"mmp24c1"
"24c1 Medienrecht / Medien-Betriebswirtschaftslehre II - Medienrecht 2";"modk.mmp-MR2.V02.HS26_BS.001";"20251202T081500Z";"20251202T113000Z";"02.12.2025 09:15:00";"02.12.2025 12:30:00";"Daniel Köhler";"I 0.31";"mmp24c1"
"24c1 Medienrecht / Medien-Betriebswirtschaftslehre II - Medienrecht 2";"modk.mmp-MR2.V02.HS26_BS.001";"20251209T123000Z";"20251209T154500Z";"09.12.2025 13:30:00";"09.12.2025 16:45:00";"Daniel Köhler";"I 0.31";"mmp24c1"
"24c1 Medienrecht / Medien-Betriebswirtschaftslehre II - Medienrecht 2";"modk.mmp-MR2.V02.HS26_BS.001";"20251215T123000Z";"20251215T154500Z";"15.12.2025 13:30:00";"15.12.2025 16:45:00";"Daniel Köhler";"I 0.31";"mmp24c1"
"24c2 Markt- und Medienforschung / Medienethik II - Medienethik 2";"modk.mmp-MEDETH2.V04.HS26_BS.002";"20250915T071500Z";"20250915T103000Z";"15.09.2025 09:15:00";"15.09.2025 12:30:00";"Marie-Therese Mäder";"I 0.31";"mmp24c2"
"24c2 Markt- und Medienforschung / Medienethik II - Medienethik 2";"modk.mmp-MEDETH2.V04.HS26_BS.002";"20251015T113000Z";"20251015T144500Z";"15.10.2025 13:30:00";"15.10.2025 16:45:00";"Marie-Therese Mäder";"I 0.30";"mmp24c2"
"24c2 Markt- und Medienforschung / Medienethik II - Medienethik 2";"modk.mmp-MEDETH2.V04.HS26_BS.002";"20251103T081500Z";"20251103T113000Z";"03.11.2025 09:15:00";"03.11.2025 12:30:00";"Marie-Therese Mäder";"I 0.31";"mmp24c2"
"24c2 Markt- und Medienforschung / Medienethik II - Medienethik 2";"modk.mmp-MEDETH2.V04.HS26_BS.002";"20251201T081500Z";"20251201T113000Z";"01.12.2025 09:15:00";"01.12.2025 12:30:00";"Marie-Therese Mäder";"I 0.30";"mmp24c2"
"24c2 Markt- und Medienforschung / Medienethik II - Medienethik 2";"modk.mmp-MEDETH2.V04.HS26_BS.002";"20251209T123000Z";"20251209T154500Z";"09.12.2025 13:30:00";"09.12.2025 16:45:00";"Marie-Therese Mäder";"I 0.30";"mmp24c2"
"24c2 Markt- und Medienforschung / Medienethik II - Medienethik 2";"modk.mmp-MEDETH2.V04.HS26_BS.002";"20251215T123000Z";"20251215T154500Z";"15.12.2025 13:30:00";"15.12.2025 16:45:00";"Marie-Therese Mäder";"I 0.30";"mmp24c2"
"24b Audiovisuelles Erzählen III";"mod.mmp-AVE03.HS26_BS.003";"20250915T071500Z";"20250915T103000Z";"15.09.2025 09:15:00";"15.09.2025 12:30:00";"Merle Jothe/Andrin Egger";"140";"mmp24b"
"24b Audiovisuelles Erzählen III";"mod.mmp-AVE03.HS26_BS.003";"20250915T113000Z";"20250915T144500Z";"15.09.2025 13:30:00";"15.09.2025 16:45:00";"Merle Jothe/Andrin Egger";"140";"mmp24b"
"24b Audiovisuelles Erzählen III";"mod.mmp-AVE03.HS26_BS.003";"20251008T071500Z";"20251008T103000Z";"08.10.2025 09:15:00";"08.10.2025 12:30:00";"Merle Jothe/Andrin Egger";"250/140";"mmp24b"
"24b Audiovisuelles Erzählen III";"mod.mmp-AVE03.HS26_BS.003";"20251008T113000Z";"20251008T144500Z";"08.10.2025 13:30:00";"08.10.2025 16:45:00";"Merle Jothe/Andrin Egger";"250/140";"mmp24b"
"24b Audiovisuelles Erzählen III";"mod.mmp-AVE03.HS26_BS.003";"20251020T071500Z";"20251020T103000Z";"20.10.2025 09:15:00";"20.10.2025 12:30:00";"Merle Jothe/Andrin Egger";"tba";"mmp24b"
"24b Audiovisuelles Erzählen III";"mod.mmp-AVE03.HS26_BS.003";"20251020T113000Z";"20251020T144500Z";"20.10.2025 13:30:00";"20.10.2025 16:45:00";"Merle Jothe/Andrin Egger";"tba";"mmp24b"
"24b Audiovisuelles Erzählen III";"mod.mmp-AVE03.HS26_BS.003";"20251021T071500Z";"20251021T103000Z";"21.10.2025 09:15:00";"21.10.2025 12:30:00";"Merle Jothe/Andrin Egger";"tba";"mmp24b"
"24b Audiovisuelles Erzählen III";"mod.mmp-AVE03.HS26_BS.003";"20251021T113000Z";"20251021T144500Z";"21.10.2025 13:30:00";"21.10.2025 16:45:00";"Merle Jothe/Andrin Egger";"tba";"mmp24b"
"24b Audiovisuelles Erzählen III";"mod.mmp-AVE03.HS26_BS.003";"20251022T071500Z";"20251022T103000Z";"22.10.2025 09:15:00";"22.10.2025 12:30:00";"Merle Jothe/Andrin Egger";"tba";"mmp24b"
"24b Audiovisuelles Erzählen III";"mod.mmp-AVE03.HS26_BS.003";"20251022T113000Z";"20251022T144500Z";"22.10.2025 13:30:00";"22.10.2025 16:45:00";"Merle Jothe/Andrin Egger";"tba";"mmp24b"
"24b Audiovisuelles Erzählen III";"mod.mmp-AVE03.HS26_BS.003";"20251023T071500Z";"20251023T103000Z";"23.10.2025 09:15:00";"23.10.2025 12:30:00";"Merle Jothe/Andrin Egger";"tba";"mmp24b"
"24b Audiovisuelles Erzählen III";"mod.mmp-AVE03.HS26_BS.003";"20251023T113000Z";"20251023T144500Z";"23.10.2025 13:30:00";"23.10.2025 16:45:00";"Merle Jothe/Andrin Egger";"tba";"mmp24b"
"24b Audiovisuelles Erzählen III";"mod.mmp-AVE03.HS26_BS.003";"20251024T071500Z";"20251024T103000Z";"24.10.2025 09:15:00";"24.10.2025 12:30:00";"Merle Jothe/Andrin Egger";"tba";"mmp24b"
"24b Audiovisuelles Erzählen III";"mod.mmp-AVE03.HS26_BS.003";"20251024T113000Z";"20251024T144500Z";"24.10.2025 13:30:00";"24.10.2025 16:45:00";"Merle Jothe/Andrin Egger";"tba";"mmp24b"
"24b Audiovisuelles Erzählen III";"mod.mmp-AVE03.HS26_BS.003";"20251105T123000Z";"20251105T154500Z";"05.11.2025 13:30:00";"05.11.2025 16:45:00";"Merle Jothe/Andrin Egger";"140";"mmp24b"
"24b Audiovisuelles Erzählen III";"mod.mmp-AVE03.HS26_BS.003";"20251218T081500Z";"20251218T113000Z";"18.12.2025 09:15:00";"18.12.2025 12:30:00";"Merle Jothe/Andrin Egger";"online";"mmp24b"
"24b Audiovisuelles Erzählen III";"mod.mmp-AVE03.HS26_BS.003";"20251218T123000Z";"20251218T154500Z";"18.12.2025 13:30:00";"18.12.2025 16:45:00";"Merle Jothe/Andrin Egger";"Atelier";"mmp24b"
"24cv Corporate Communications II: Relations – Instrumente der Corporate Communications";"modk.mmp-CHUKRIKO.V1.HS26_BS.004";"20250915T071500Z";"20250915T103000Z";"15.09.2025 09:15:00";"15.09.2025 12:30:00";"Sebastian Drews";"Z0.03";"mmp24cv"
"24cv Corporate Communications II: Relations – Instrumente der Corporate Communications";"modk.mmp-CHUKRIKO.V1.HS26_BS.004";"20250915T113000Z";"20250915T144500Z";"15.09.2025 13:30:00";"15.09.2025 16:45:00";"Sebastian Drews";"Z0.03";"mmp24cv"
"24cv Corporate Communications II: Relations – Instrumente der Corporate Communications";"modk.mmp-CHUKRIKO.V1.HS26_BS.004";"20251007T071500Z";"20251007T103000Z";"07.10.2025 09:15:00";"07.10.2025 12:30:00";"Sebastian Drews";"SIBB";"mmp24cv"
"24cv Corporate Communications II: Relations – Instrumente der Corporate Communications";"modk.mmp-CHUKRIKO.V1.HS26_BS.004";"20251124T123000Z";"20251124T154500Z";"24.11.2025 13:30:00";"24.11.2025 16:45:00";"Sebastian Drews";"Z0.03";"mmp24cv"
"24cv Corporate Communications II: Relations – Instrumente der Corporate Communications";"modk.mmp-CHUKRIKO.V1.HS26_BS.004";"20260105T081500Z";"20260106T113000Z";"05.01.2026 09:15:00";"06.01.2026 12:30:00";"Sebastian Drews";"Z0.03";"mmp24cv"
"25c1 DesignThinking";"modk.mmp-DESTHI.HS26_BS.001";"20250915T113000Z";"20250915T144500Z";"15.09.2025 13:30:00";"15.09.2025 16:45:00";"Sebastian Drews";"ganze Eduzone";"mmp25c1"
"25c1 DesignThinking";"modk.mmp-DESTHI.HS26_BS.001";"20250916T071500Z";"20250916T103000Z";"16.09.2025 09:15:00";"16.09.2025 12:30:00";"Sebastian Drews";"ganze Eduzone";"mmp25c1"
"25c1 DesignThinking";"modk.mmp-DESTHI.HS26_BS.001";"20250916T113000Z";"20250916T144500Z";"16.09.2025 13:30:00";"16.09.2025 16:45:00";"Sebastian Drews";"ganze Eduzone";"mmp25c1"
"25c1 DesignThinking";"modk.mmp-DESTHI.HS26_BS.001";"20250917T071500Z";"20250917T103000Z";"17.09.2025 09:15:00";"17.09.2025 12:30:00";"Sebastian Drews";"ganze Eduzone";"mmp25c1"
"25c1 DesignThinking";"modk.mmp-DESTHI.HS26_BS.001";"20250917T113000Z";"20250917T144500Z";"17.09.2025 13:30:00";"17.09.2025 16:45:00";"Sebastian Drews";"ganze Eduzone";"mmp25c1"
"25c1 DesignThinking";"modk.mmp-DESTHI.HS26_BS.001";"20250918T071500Z";"20250918T103000Z";"18.09.2025 09:15:00";"18.09.2025 12:30:00";"Sebastian Drews";"ganze Eduzone";"mmp25c1"
"25c1 DesignThinking";"modk.mmp-DESTHI.HS26_BS.001";"20250918T113000Z";"20250918T144500Z";"18.09.2025 13:30:00";"18.09.2025 16:45:00";"Sebastian Drews";"ganze Eduzone";"mmp25c1"
"25c2 DesignThinking";"modk.mmp-DESTHI.HS26_BS.002";"20250915T113000Z";"20250915T144500Z";"15.09.2025 13:30:00";"15.09.2025 16:45:00";"Sebastian Drews";"ganze Eduzone";"mmp25c2"
"25c2 DesignThinking";"modk.mmp-DESTHI.HS26_BS.002";"20250916T071500Z";"20250916T103000Z";"16.09.2025 09:15:00";"16.09.2025 12:30:00";"Sebastian Drews";"ganze Eduzone";"mmp25c2"
"25c2 DesignThinking";"modk.mmp-DESTHI.HS26_BS.002";"20250916T113000Z";"20250916T144500Z";"16.09.2025 13:30:00";"16.09.2025 16:45:00";"Sebastian Drews";"ganze Eduzone";"mmp25c2"
"25c2 DesignThinking";"modk.mmp-DESTHI.HS26_BS.002";"20250917T071500Z";"20250917T103000Z";"17.09.2025 09:15:00";"17.09.2025 12:30:00";"Sebastian Drews";"ganze Eduzone";"mmp25c2"
"25c2 DesignThinking";"modk.mmp-DESTHI.HS26_BS.002";"20250917T113000Z";"20250917T144500Z";"17.09.2025 13:30:00";"17.09.2025 16:45:00";"Sebastian Drews";"ganze Eduzone";"mmp25c2"
"25c2 DesignThinking";"modk.mmp-DESTHI.HS26_BS.002";"20250918T071500Z";"20250918T103000Z";"18.09.2025 09:15:00";"18.09.2025 12:30:00";"Sebastian Drews";"ganze Eduzone";"mmp25c2"
"25c2 DesignThinking";"modk.mmp-DESTHI.HS26_BS.002";"20250918T113000Z";"20250918T144500Z";"18.09.2025 13:30:00";"18.09.2025 16:45:00";"Sebastian Drews";"ganze Eduzone";"mmp25c2"
"25b DesignThinking";"modk.mmp-DESTHI.HS26_BS.003";"20250915T113000Z";"20250915T144500Z";"15.09.2025 13:30:00";"15.09.2025 16:45:00";"Sebastian Drews";"Atelier/250";"mmp25b"
"25b DesignThinking";"modk.mmp-DESTHI.HS26_BS.003";"20250916T071500Z";"20250916T103000Z";"16.09.2025 09:15:00";"16.09.2025 12:30:00";"Sebastian Drews";"Atelier/250/130";"mmp25b"
"25b DesignThinking";"modk.mmp-DESTHI.HS26_BS.003";"20250916T113000Z";"20250916T144500Z";"16.09.2025 13:30:00";"16.09.2025 16:45:00";"Sebastian Drews";"Atelier/250/130";"mmp25b"
"25b DesignThinking";"modk.mmp-DESTHI.HS26_BS.003";"20250917T071500Z";"20250917T103000Z";"17.09.2025 09:15:00";"17.09.2025 12:30:00";"Sebastian Drews";"Atelier/250/130";"mmp25b"
"25b DesignThinking";"modk.mmp-DESTHI.HS26_BS.003";"20250917T113000Z";"20250917T144500Z";"17.09.2025 13:30:00";"17.09.2025 16:45:00";"Sebastian Drews";"Atelier/250/130";"mmp25b"
"25b DesignThinking";"modk.mmp-DESTHI.HS26_BS.003";"20250918T071500Z";"20250918T103000Z";"18.09.2025 09:15:00";"18.09.2025 12:30:00";"Sebastian Drews";"Atelier/250/130";"mmp25b"
"25b DesignThinking";"modk.mmp-DESTHI.HS26_BS.003";"20250918T113000Z";"20250918T144500Z";"18.09.2025 13:30:00";"18.09.2025 16:45:00";"Sebastian Drews";"Atelier/250/130";"mmp25b"
"25cv DesignThinking und Teambuilding";"modk.mmp-DESTHI.HS26_BS.004";"20250915T113000Z";"20250915T144500Z";"15.09.2025 13:30:00";"15.09.2025 16:45:00";"Sebastian Drews";"Z2.02";"mmp25cv"
"25cv DesignThinking und Teambuilding";"modk.mmp-DESTHI.HS26_BS.004";"20250916T071500Z";"20250916T103000Z";"16.09.2025 09:15:00";"16.09.2025 12:30:00";"Sebastian Drews";"Z2.02";"mmp25cv"
"25cv DesignThinking und Teambuilding";"modk.mmp-DESTHI.HS26_BS.004";"20250916T113000Z";"20250916T144500Z";"16.09.2025 13:30:00";"16.09.2025 16:45:00";"Sebastian Drews";"Z2.02";"mmp25cv"
"25cv DesignThinking und Teambuilding";"modk.mmp-DESTHI.HS26_BS.004";"20250917T071500Z";"20250917T103000Z";"17.09.2025 09:15:00";"17.09.2025 12:30:00";"Sebastian Drews";"Z2.02";"mmp25cv"
"25cv DesignThinking und Teambuilding";"modk.mmp-DESTHI.HS26_BS.004";"20250917T113000Z";"20250917T144500Z";"17.09.2025 13:30:00";"17.09.2025 16:45:00";"Sebastian Drews";"Z2.02";"mmp25cv"
"25cv DesignThinking und Teambuilding";"modk.mmp-DESTHI.HS26_BS.004";"20250918T071500Z";"20250918T103000Z";"18.09.2025 09:15:00";"18.09.2025 12:30:00";"Sebastian Drews";"Z2.02";"mmp25cv"
"25cv DesignThinking und Teambuilding";"modk.mmp-DESTHI.HS26_BS.004";"20250918T113000Z";"20250918T144500Z";"18.09.2025 13:30:00";"18.09.2025 16:45:00";"Sebastian Drews";"Z2.02";"mmp25cv"
"24c1 Markt- und Medienforschung / Medienethik II - Medienethik 2";"modk.mmp-MEDETH2.V04.HS26_BS.001";"20250915T113000Z";"20250915T144500Z";"15.09.2025 13:30:00";"15.09.2025 16:45:00";"Marie-Therese Mäder";"I 0.31";"mmp24c1"
"24c1 Markt- und Medienforschung / Medienethik II - Medienethik 2";"modk.mmp-MEDETH2.V04.HS26_BS.001";"20251015T071500Z";"20251015T103000Z";"15.10.2025 09:15:00";"15.10.2025 12:30:00";"Marie-Therese Mäder";"I 0.30";"mmp24c1"
"24c1 Markt- und Medienforschung / Medienethik II - Medienethik 2";"modk.mmp-MEDETH2.V04.HS26_BS.001";"20251103T123000Z";"20251103T154500Z";"03.11.2025 13:30:00";"03.11.2025 16:45:00";"Marie-Therese Mäder";"I 0.31";"mmp24c1"
"24c1 Markt- und Medienforschung / Medienethik II - Medienethik 2";"modk.mmp-MEDETH2.V04.HS26_BS.001";"20251201T123000Z";"20251201T154500Z";"01.12.2025 13:30:00";"01.12.2025 16:45:00";"Marie-Therese Mäder";"I 0.30";"mmp24c1"
"24c1 Markt- und Medienforschung / Medienethik II - Medienethik 2";"modk.mmp-MEDETH2.V04.HS26_BS.001";"20251209T081500Z";"20251209T113000Z";"09.12.2025 09:15:00";"09.12.2025 12:30:00";"Marie-Therese Mäder";"I 0.30";"mmp24c1"
"24c1 Markt- und Medienforschung / Medienethik II - Medienethik 2";"modk.mmp-MEDETH2.V04.HS26_BS.001";"20251215T081500Z";"20251215T113000Z";"15.12.2025 09:15:00";"15.12.2025 12:30:00";"Marie-Therese Mäder";"I 0.30";"mmp24c1"
"24c2 Medienrecht / Medien-Betriebswirtschaftslehre II - Medienrecht 2";"modk.mmp-MR2.V02.HS26_BS.002";"20250915T113000Z";"20250915T144500Z";"15.09.2025 13:30:00";"15.09.2025 16:45:00";"Daniel Köhler";"I 0.30";"mmp24c2"
"24c2 Medienrecht / Medien-Betriebswirtschaftslehre II - Medienrecht 2";"modk.mmp-MR2.V02.HS26_BS.002";"20250918T071500Z";"20250918T103000Z";"18.09.2025 09:15:00";"18.09.2025 12:30:00";"Daniel Köhler";"I 0.30";"mmp24c2"
"24c2 Medienrecht / Medien-Betriebswirtschaftslehre II - Medienrecht 2";"modk.mmp-MR2.V02.HS26_BS.002";"20251028T123000Z";"20251028T154500Z";"28.10.2025 13:30:00";"28.10.2025 16:45:00";"Daniel Köhler";"I 0.31";"mmp24c2"
"24c2 Medienrecht / Medien-Betriebswirtschaftslehre II - Medienrecht 2";"modk.mmp-MR2.V02.HS26_BS.002";"20251104T081500Z";"20251104T113000Z";"04.11.2025 09:15:00";"04.11.2025 12:30:00";"Daniel Köhler";"I 0.31";"mmp24c2"
"24c2 Medienrecht / Medien-Betriebswirtschaftslehre II - Medienrecht 2";"modk.mmp-MR2.V02.HS26_BS.002";"20251201T123000Z";"20251201T154500Z";"01.12.2025 13:30:00";"01.12.2025 16:45:00";"Daniel Köhler";"I 0.31";"mmp24c2"
"24c2 Medienrecht / Medien-Betriebswirtschaftslehre II - Medienrecht 2";"modk.mmp-MR2.V02.HS26_BS.002";"20251202T123000Z";"20251202T154500Z";"02.12.2025 13:30:00";"02.12.2025 16:45:00";"Daniel Köhler";"I 0.31";"mmp24c2"
"24c2 Medienrecht / Medien-Betriebswirtschaftslehre II - Medienrecht 2";"modk.mmp-MR2.V02.HS26_BS.002";"20251209T081500Z";"20251209T113000Z";"09.12.2025 09:15:00";"09.12.2025 12:30:00";"Daniel Köhler";"I 0.31";"mmp24c2"
"24c2 Medienrecht / Medien-Betriebswirtschaftslehre II - Medienrecht 2";"modk.mmp-MR2.V02.HS26_BS.002";"20251215T081500Z";"20251215T113000Z";"15.12.2025 09:15:00";"15.12.2025 12:30:00";"Daniel Köhler";"I 0.31";"mmp24c2"
"24c1 Corporate Communications II: Change- und Kriesenkommunikation";"modk.mmp-CHUKRIKO.V1.HS26_BS.001";"20250916T071500Z";"20250916T103000Z";"16.09.2025 09:15:00";"16.09.2025 12:30:00";"Sebastian Drews";"I 0.31";"mmp24c1"
"24c1 Corporate Communications II: Change- und Kriesenkommunikation";"modk.mmp-CHUKRIKO.V1.HS26_BS.001";"20250916T113000Z";"20250916T144500Z";"16.09.2025 13:30:00";"16.09.2025 16:45:00";"Sebastian Drews";"I 0.31";"mmp24c1"
"24c1 Corporate Communications II: Change- und Kriesenkommunikation";"modk.mmp-CHUKRIKO.V1.HS26_BS.001";"20251015T113000Z";"20251015T144500Z";"15.10.2025 13:30:00";"15.10.2025 16:45:00";"Sebastian Drews";"I 0.31";"mmp24c1"
"24c1 Corporate Communications II: Change- und Kriesenkommunikation";"modk.mmp-CHUKRIKO.V1.HS26_BS.001";"20251127T123000Z";"20251127T154500Z";"27.11.2025 13:30:00";"27.11.2025 16:45:00";"Sebastian Drews";"I 0.02/03";"mmp24c1"
"24c1 Corporate Communications II: Change- und Kriesenkommunikation";"modk.mmp-CHUKRIKO.V1.HS26_BS.001";"20251202T123000Z";"20251202T154500Z";"02.12.2025 13:30:00";"02.12.2025 16:45:00";"Sebastian Drews";"I 0.30";"mmp24c1"
"24c1 Corporate Communications II: Change- und Kriesenkommunikation";"modk.mmp-CHUKRIKO.V1.HS26_BS.001";"20251210T123000Z";"20251210T154500Z";"10.12.2025 13:30:00";"10.12.2025 16:45:00";"Sebastian Drews";"I 0.05";"mmp24c1"
"24c1 Corporate Communications II: Change- und Kriesenkommunikation";"modk.mmp-CHUKRIKO.V1.HS26_BS.001";"20251211T123000Z";"20251211T154500Z";"11.12.2025 13:30:00";"11.12.2025 16:45:00";"Sebastian Drews";"I 0.31";"mmp24c1"
"24c2 Audiovisuelles Erzählen III";"mod.mmp-AVE03.HS26_BS.002";"20250916T071500Z";"20250916T103000Z";"16.09.2025 09:15:00";"16.09.2025 12:30:00";"Merle Jothe/Andrin Egger";"I 0.30";"mmp24c2"
"24c2 Audiovisuelles Erzählen III";"mod.mmp-AVE03.HS26_BS.002";"20250916T113000Z";"20250916T144500Z";"16.09.2025 13:30:00";"16.09.2025 16:45:00";"Merle Jothe/Andrin Egger";"I 0.30";"mmp24c2"
"24c2 Audiovisuelles Erzählen III";"mod.mmp-AVE03.HS26_BS.002";"20251008T071500Z";"20251008T103000Z";"08.10.2025 09:15:00";"08.10.2025 12:30:00";"Merle Jothe/Andrin Egger";"I 0.04/05, I 0.11";"mmp24c2"
"24c2 Audiovisuelles Erzählen III";"mod.mmp-AVE03.HS26_BS.002";"20251008T113000Z";"20251008T144500Z";"08.10.2025 13:30:00";"08.10.2025 16:45:00";"Merle Jothe/Andrin Egger";"I 0.04/05, I 0.11";"mmp24c2"
"24c2 Audiovisuelles Erzählen III";"mod.mmp-AVE03.HS26_BS.002";"20251020T071500Z";"20251020T103000Z";"20.10.2025 09:15:00";"20.10.2025 12:30:00";"Merle Jothe/Andrin Egger";"tba";"mmp24c2"
"24c2 Audiovisuelles Erzählen III";"mod.mmp-AVE03.HS26_BS.002";"20251020T113000Z";"20251020T144500Z";"20.10.2025 13:30:00";"20.10.2025 16:45:00";"Merle Jothe/Andrin Egger";"tba";"mmp24c2"
"24c2 Audiovisuelles Erzählen III";"mod.mmp-AVE03.HS26_BS.002";"20251021T071500Z";"20251021T103000Z";"21.10.2025 09:15:00";"21.10.2025 12:30:00";"Merle Jothe/Andrin Egger";"tba";"mmp24c2"
"24c2 Audiovisuelles Erzählen III";"mod.mmp-AVE03.HS26_BS.002";"20251021T113000Z";"20251021T144500Z";"21.10.2025 13:30:00";"21.10.2025 16:45:00";"Merle Jothe/Andrin Egger";"tba";"mmp24c2"
"24c2 Audiovisuelles Erzählen III";"mod.mmp-AVE03.HS26_BS.002";"20251022T071500Z";"20251022T103000Z";"22.10.2025 09:15:00";"22.10.2025 12:30:00";"Merle Jothe/Andrin Egger";"tba";"mmp24c2"
"24c2 Audiovisuelles Erzählen III";"mod.mmp-AVE03.HS26_BS.002";"20251022T113000Z";"20251022T144500Z";"22.10.2025 13:30:00";"22.10.2025 16:45:00";"Merle Jothe/Andrin Egger";"tba";"mmp24c2"
"24c2 Audiovisuelles Erzählen III";"mod.mmp-AVE03.HS26_BS.002";"20251023T071500Z";"20251023T103000Z";"23.10.2025 09:15:00";"23.10.2025 12:30:00";"Merle Jothe/Andrin Egger";"tba";"mmp24c2"
"24c2 Audiovisuelles Erzählen III";"mod.mmp-AVE03.HS26_BS.002";"20251023T113000Z";"20251023T144500Z";"23.10.2025 13:30:00";"23.10.2025 16:45:00";"Merle Jothe/Andrin Egger";"tba";"mmp24c2"
"24c2 Audiovisuelles Erzählen III";"mod.mmp-AVE03.HS26_BS.002";"20251024T071500Z";"20251024T103000Z";"24.10.2025 09:15:00";"24.10.2025 12:30:00";"Merle Jothe/Andrin Egger";"tba";"mmp24c2"
"24c2 Audiovisuelles Erzählen III";"mod.mmp-AVE03.HS26_BS.002";"20251024T113000Z";"20251024T144500Z";"24.10.2025 13:30:00";"24.10.2025 16:45:00";"Merle Jothe/Andrin Egger";"tba";"mmp24c2"
"24c2 Audiovisuelles Erzählen III";"mod.mmp-AVE03.HS26_BS.002";"20251104T123000Z";"20251104T154500Z";"04.11.2025 13:30:00";"04.11.2025 16:45:00";"Merle Jothe/Andrin Egger";"I 0.30";"mmp24c2"
"24c2 Audiovisuelles Erzählen III";"mod.mmp-AVE03.HS26_BS.002";"20251216T081500Z";"20251216T113000Z";"16.12.2025 09:15:00";"16.12.2025 12:30:00";"Merle Jothe/Andrin Egger";"I0.03/I0.04";"mmp24c2"
"24c2 Audiovisuelles Erzählen III";"mod.mmp-AVE03.HS26_BS.002";"20251216T123000Z";"20251216T154500Z";"16.12.2025 13:30:00";"16.12.2025 16:45:00";"Merle Jothe/Andrin Egger";"online";"mmp24c2"
"24b Markt- und Medienforschung / Medienethik II -KomWiFo2";"modk.mmp-KOMWIFO2.V04.HS26_BS.003";"20250916T071500Z";"20250916T103000Z";"16.09.2025 09:15:00";"16.09.2025 12:30:00";"Amina Ovcina Cajacob";"140";"mmp24b"
"24b Markt- und Medienforschung / Medienethik II -KomWiFo2";"modk.mmp-KOMWIFO2.V04.HS26_BS.003";"20251001T071500Z";"20251001T103000Z";"01.10.2025 09:15:00";"01.10.2025 12:30:00";"Amina Ovcina Cajacob";"Effingerstrasse";"mmp24b"
"24b Markt- und Medienforschung / Medienethik II -KomWiFo2";"modk.mmp-KOMWIFO2.V04.HS26_BS.003";"20251028T123000Z";"20251028T154500Z";"28.10.2025 13:30:00";"28.10.2025 16:45:00";"Amina Ovcina Cajacob";"010";"mmp24b"
"24b Markt- und Medienforschung / Medienethik II -KomWiFo2";"modk.mmp-KOMWIFO2.V04.HS26_BS.003";"20251203T123000Z";"20251203T154500Z";"03.12.2025 13:30:00";"03.12.2025 16:45:00";"Amina Ovcina Cajacob";"Atelier";"mmp24b"
"24b Markt- und Medienforschung / Medienethik II -KomWiFo2";"modk.mmp-KOMWIFO2.V04.HS26_BS.003";"20251211T123000Z";"20251211T154500Z";"11.12.2025 13:30:00";"11.12.2025 16:45:00";"Amina Ovcina Cajacob";"010";"mmp24b"
"24b Markt- und Medienforschung / Medienethik II -KomWiFo2";"modk.mmp-KOMWIFO2.V04.HS26_BS.003";"20251216T081500Z";"20251216T113000Z";"16.12.2025 09:15:00";"16.12.2025 12:30:00";"Amina Ovcina Cajacob";"140";"mmp24b"
"24cv Medien-BWL I";"modk.mmp-MEBWL1.HS26_BS.001";"20250916T071500Z";"20250916T103000Z";"16.09.2025 09:15:00";"16.09.2025 12:30:00";"Marius Hagger";"Z0.03";"mmp24cv"
"24cv Medien-BWL I";"modk.mmp-MEBWL1.HS26_BS.001";"20250923T113000Z";"20250923T144500Z";"23.09.2025 13:30:00";"23.09.2025 16:45:00";"Marius Hagger";"Z0.03";"mmp24cv"
"24cv Medien-BWL I";"modk.mmp-MEBWL1.HS26_BS.001";"20251103T081500Z";"20251103T113000Z";"03.11.2025 09:15:00";"03.11.2025 12:30:00";"Marius Hagger";"online";"mmp24cv"
"24cv Medien-BWL I";"modk.mmp-MEBWL1.HS26_BS.001";"20251124T081500Z";"20251124T113000Z";"24.11.2025 09:15:00";"24.11.2025 12:30:00";"Marius Hagger";"Z0.03";"mmp24cv"
"24cv Medien-BWL I";"modk.mmp-MEBWL1.HS26_BS.001";"20251216T081500Z";"20251216T113000Z";"16.12.2025 09:15:00";"16.12.2025 12:30:00";"Marius Hagger";"Z0.03";"mmp24cv"
"24cv Medien-BWL I";"modk.mmp-MEBWL1.HS26_BS.001";"20260105T123000Z";"18991230T163539Z";"05.01.2026 13:30:00";"30.12.1899 17:35:39";"Marius Hagger";"Z0.03";"mmp24cv"
"24cv Medien-BWL I";"modk.mmp-MEBWL1.HS26_BS.001";"20260106T081500Z";"20260107T113000Z";"06.01.2026 09:15:00";"07.01.2026 12:30:00";"Marius Hagger";"Z0.03";"mmp24cv"
"24cv Medien-BWL I";"modk.mmp-MEBWL1.HS26_BS.001";"20260106T123000Z";"18991230T163539Z";"06.01.2026 13:30:00";"30.12.1899 17:35:39";"Marius Hagger";"Z0.03";"mmp24cv"
"24cv Audiovisuelles Erzählen III";"mod.mmp-AVE03.HS26_BS.004";"20250916T113000Z";"20250916T144500Z";"16.09.2025 13:30:00";"16.09.2025 16:45:00";"Merle Jothe/Andrin Egger";"Z0.03";"mmp24cv"
"24cv Audiovisuelles Erzählen III";"mod.mmp-AVE03.HS26_BS.004";"20251006T071500Z";"20251006T103000Z";"06.10.2025 09:15:00";"06.10.2025 12:30:00";"Merle Jothe/Andrin Egger";"Z0.03/Z2.01";"mmp24cv"
"24cv Audiovisuelles Erzählen III";"mod.mmp-AVE03.HS26_BS.004";"20251006T113000Z";"20251006T144500Z";"06.10.2025 13:30:00";"06.10.2025 16:45:00";"Merle Jothe/Andrin Egger";"Z0.03/Z2.01";"mmp24cv"
"24cv Audiovisuelles Erzählen III";"mod.mmp-AVE03.HS26_BS.004";"20251020T071500Z";"20251020T103000Z";"20.10.2025 09:15:00";"20.10.2025 12:30:00";"Merle Jothe/Andrin Egger";"Berlin";"mmp24cv"
"24cv Audiovisuelles Erzählen III";"mod.mmp-AVE03.HS26_BS.004";"20251020T113000Z";"20251020T144500Z";"20.10.2025 13:30:00";"20.10.2025 16:45:00";"Merle Jothe/Andrin Egger";"Berlin";"mmp24cv"
"24cv Audiovisuelles Erzählen III";"mod.mmp-AVE03.HS26_BS.004";"20251021T071500Z";"20251021T103000Z";"21.10.2025 09:15:00";"21.10.2025 12:30:00";"Merle Jothe/Andrin Egger";"Berlin";"mmp24cv"
"24cv Audiovisuelles Erzählen III";"mod.mmp-AVE03.HS26_BS.004";"20251021T113000Z";"20251021T144500Z";"21.10.2025 13:30:00";"21.10.2025 16:45:00";"Merle Jothe/Andrin Egger";"Berlin";"mmp24cv"
"24cv Audiovisuelles Erzählen III";"mod.mmp-AVE03.HS26_BS.004";"20251022T071500Z";"20251022T103000Z";"22.10.2025 09:15:00";"22.10.2025 12:30:00";"Merle Jothe/Andrin Egger";"Berlin";"mmp24cv"
"24cv Audiovisuelles Erzählen III";"mod.mmp-AVE03.HS26_BS.004";"20251022T113000Z";"20251022T144500Z";"22.10.2025 13:30:00";"22.10.2025 16:45:00";"Merle Jothe/Andrin Egger";"Berlin";"mmp24cv"
"24cv Audiovisuelles Erzählen III";"mod.mmp-AVE03.HS26_BS.004";"20251023T071500Z";"20251023T103000Z";"23.10.2025 09:15:00";"23.10.2025 12:30:00";"Merle Jothe/Andrin Egger";"Berlin";"mmp24cv"
"24cv Audiovisuelles Erzählen III";"mod.mmp-AVE03.HS26_BS.004";"20251023T113000Z";"20251023T144500Z";"23.10.2025 13:30:00";"23.10.2025 16:45:00";"Merle Jothe/Andrin Egger";"Berlin";"mmp24cv"
"24cv Audiovisuelles Erzählen III";"mod.mmp-AVE03.HS26_BS.004";"20251024T071500Z";"20251024T103000Z";"24.10.2025 09:15:00";"24.10.2025 12:30:00";"Merle Jothe/Andrin Egger";"Berlin";"mmp24cv"
"24cv Audiovisuelles Erzählen III";"mod.mmp-AVE03.HS26_BS.004";"20251024T113000Z";"20251024T144500Z";"24.10.2025 13:30:00";"24.10.2025 16:45:00";"Merle Jothe/Andrin Egger";"Berlin";"mmp24cv"
"24cv Audiovisuelles Erzählen III";"mod.mmp-AVE03.HS26_BS.004";"20251103T123000Z";"20251103T154500Z";"03.11.2025 13:30:00";"03.11.2025 16:45:00";"Merle Jothe/Andrin Egger";"Z0.03";"mmp24cv"
"24cv Audiovisuelles Erzählen III";"mod.mmp-AVE03.HS26_BS.004";"20251208T081500Z";"20251208T113000Z";"08.12.2025 09:15:00";"08.12.2025 12:30:00";"Merle Jothe/Andrin Egger";"Z0.03";"mmp24cv"
"24cv Audiovisuelles Erzählen III";"mod.mmp-AVE03.HS26_BS.004";"20251208T123000Z";"20251208T154500Z";"08.12.2025 13:30:00";"08.12.2025 16:45:00";"Merle Jothe/Andrin Egger";"onine";"mmp24cv"
"24c1 Audiovisuelles Erzählen III";"mod.mmp-AVE03.HS26_BS.001";"20250917T071500Z";"20250917T103000Z";"17.09.2025 09:15:00";"17.09.2025 12:30:00";"Merle Jothe/Andrin Egger";"extern";"mmp24c1"
"24c1 Audiovisuelles Erzählen III";"mod.mmp-AVE03.HS26_BS.001";"20250917T113000Z";"20250917T144500Z";"17.09.2025 13:30:00";"17.09.2025 16:45:00";"Merle Jothe/Andrin Egger";"online";"mmp24c1"
"24c1 Audiovisuelles Erzählen III";"mod.mmp-AVE03.HS26_BS.001";"20251009T071500Z";"20251009T103000Z";"09.10.2025 09:15:00";"09.10.2025 12:30:00";"Merle Jothe/Andrin Egger";"I 0.30, I 0.11";"mmp24c1"
"24c1 Audiovisuelles Erzählen III";"mod.mmp-AVE03.HS26_BS.001";"20251009T113000Z";"20251009T144500Z";"09.10.2025 13:30:00";"09.10.2025 16:45:00";"Merle Jothe/Andrin Egger";"I 0.30, I 0.11";"mmp24c1"
"24c1 Audiovisuelles Erzählen III";"mod.mmp-AVE03.HS26_BS.001";"20251020T071500Z";"20251020T103000Z";"20.10.2025 09:15:00";"20.10.2025 12:30:00";"Merle Jothe/Andrin Egger";"tba";"mmp24c1"
"24c1 Audiovisuelles Erzählen III";"mod.mmp-AVE03.HS26_BS.001";"20251020T113000Z";"20251020T144500Z";"20.10.2025 13:30:00";"20.10.2025 16:45:00";"Merle Jothe/Andrin Egger";"tba";"mmp24c1"
"24c1 Audiovisuelles Erzählen III";"mod.mmp-AVE03.HS26_BS.001";"20251021T071500Z";"20251021T103000Z";"21.10.2025 09:15:00";"21.10.2025 12:30:00";"Merle Jothe/Andrin Egger";"tba";"mmp24c1"
"24c1 Audiovisuelles Erzählen III";"mod.mmp-AVE03.HS26_BS.001";"20251021T113000Z";"20251021T144500Z";"21.10.2025 13:30:00";"21.10.2025 16:45:00";"Merle Jothe/Andrin Egger";"tba";"mmp24c1"
"24c1 Audiovisuelles Erzählen III";"mod.mmp-AVE03.HS26_BS.001";"20251022T071500Z";"20251022T103000Z";"22.10.2025 09:15:00";"22.10.2025 12:30:00";"Merle Jothe/Andrin Egger";"tba";"mmp24c1"
"24c1 Audiovisuelles Erzählen III";"mod.mmp-AVE03.HS26_BS.001";"20251022T113000Z";"20251022T144500Z";"22.10.2025 13:30:00";"22.10.2025 16:45:00";"Merle Jothe/Andrin Egger";"tba";"mmp24c1"
"24c1 Audiovisuelles Erzählen III";"mod.mmp-AVE03.HS26_BS.001";"20251023T071500Z";"20251023T103000Z";"23.10.2025 09:15:00";"23.10.2025 12:30:00";"Merle Jothe/Andrin Egger";"tba";"mmp24c1"
"24c1 Audiovisuelles Erzählen III";"mod.mmp-AVE03.HS26_BS.001";"20251023T113000Z";"20251023T144500Z";"23.10.2025 13:30:00";"23.10.2025 16:45:00";"Merle Jothe/Andrin Egger";"tba";"mmp24c1"
"24c1 Audiovisuelles Erzählen III";"mod.mmp-AVE03.HS26_BS.001";"20251024T071500Z";"20251024T103000Z";"24.10.2025 09:15:00";"24.10.2025 12:30:00";"Merle Jothe/Andrin Egger";"tba";"mmp24c1"
"24c1 Audiovisuelles Erzählen III";"mod.mmp-AVE03.HS26_BS.001";"20251024T113000Z";"20251024T144500Z";"24.10.2025 13:30:00";"24.10.2025 16:45:00";"Merle Jothe/Andrin Egger";"tba";"mmp24c1"
"24c1 Audiovisuelles Erzählen III";"mod.mmp-AVE03.HS26_BS.001";"20251104T081500Z";"20251104T113000Z";"04.11.2025 09:15:00";"04.11.2025 12:30:00";"Merle Jothe/Andrin Egger";"I 0.30";"mmp24c1"
"24c1 Audiovisuelles Erzählen III";"mod.mmp-AVE03.HS26_BS.001";"20251216T081500Z";"20251216T113000Z";"16.12.2025 09:15:00";"16.12.2025 12:30:00";"Merle Jothe/Andrin Egger";"online";"mmp24c1"
"24c1 Audiovisuelles Erzählen III";"mod.mmp-AVE03.HS26_BS.001";"20251216T123000Z";"20251216T154500Z";"16.12.2025 13:30:00";"16.12.2025 16:45:00";"Merle Jothe/Andrin Egger";"I0.03/I0.04";"mmp24c1"
"24c2 Corporate Communications II: Change- und Kriesenkommunikation";"modk.mmp-CHUKRIKO.V1.HS26_BS.002";"20250917T071500Z";"20250917T103000Z";"17.09.2025 09:15:00";"17.09.2025 12:30:00";"Sebastian Drews";"I 0.31";"mmp24c2"
"24c2 Corporate Communications II: Change- und Kriesenkommunikation";"modk.mmp-CHUKRIKO.V1.HS26_BS.002";"20250917T113000Z";"20250917T144500Z";"17.09.2025 13:30:00";"17.09.2025 16:45:00";"Sebastian Drews";"I 0.31";"mmp24c2"
"24c2 Corporate Communications II: Change- und Kriesenkommunikation";"modk.mmp-CHUKRIKO.V1.HS26_BS.002";"20251015T071500Z";"20251015T103000Z";"15.10.2025 09:15:00";"15.10.2025 12:30:00";"Sebastian Drews";"I 0.31";"mmp24c2"
"24c2 Corporate Communications II: Change- und Kriesenkommunikation";"modk.mmp-CHUKRIKO.V1.HS26_BS.002";"20251127T081500Z";"20251127T113000Z";"27.11.2025 09:15:00";"27.11.2025 12:30:00";"Sebastian Drews";"I 0.02/03";"mmp24c2"
"24c2 Corporate Communications II: Change- und Kriesenkommunikation";"modk.mmp-CHUKRIKO.V1.HS26_BS.002";"20251202T081500Z";"20251202T113000Z";"02.12.2025 09:15:00";"02.12.2025 12:30:00";"Sebastian Drews";"I 0.30";"mmp24c2"
"24c2 Corporate Communications II: Change- und Kriesenkommunikation";"modk.mmp-CHUKRIKO.V1.HS26_BS.002";"20251210T081500Z";"20251210T113000Z";"10.12.2025 09:15:00";"10.12.2025 12:30:00";"Sebastian Drews";"I 0.05";"mmp24c2"
"24c2 Corporate Communications II: Change- und Kriesenkommunikation";"modk.mmp-CHUKRIKO.V1.HS26_BS.002";"20251211T081500Z";"20251211T113000Z";"11.12.2025 09:15:00";"11.12.2025 12:30:00";"Sebastian Drews";"I 0.31";"mmp24c2"
"24b Medienrecht / Medien-Betriebswirtschaftslehre II - Medienrecht 2";"modk.mmp-MR2.V02.HS26_BS.003";"20250917T071500Z";"20250917T103000Z";"17.09.2025 09:15:00";"17.09.2025 12:30:00";"Daniel Köhler";"010";"mmp24b"
"24b Medienrecht / Medien-Betriebswirtschaftslehre II - Medienrecht 2";"modk.mmp-MR2.V02.HS26_BS.003";"20250924T071500Z";"20250924T103000Z";"24.09.2025 09:15:00";"24.09.2025 12:30:00";"Daniel Köhler";"Schwarztorstrasse 48";"mmp24b"
"24b Medienrecht / Medien-Betriebswirtschaftslehre II - Medienrecht 2";"modk.mmp-MR2.V02.HS26_BS.003";"20251001T113000Z";"20251001T144500Z";"01.10.2025 13:30:00";"01.10.2025 16:45:00";"Daniel Köhler";"Effingerstrasse";"mmp24b"
"24b Medienrecht / Medien-Betriebswirtschaftslehre II - Medienrecht 2";"modk.mmp-MR2.V02.HS26_BS.003";"20251027T081500Z";"20251027T113000Z";"27.10.2025 09:15:00";"27.10.2025 12:30:00";"Daniel Köhler";"010";"mmp24b"
"24b Medienrecht / Medien-Betriebswirtschaftslehre II - Medienrecht 2";"modk.mmp-MR2.V02.HS26_BS.003";"20251105T081500Z";"20251105T113000Z";"05.11.2025 09:15:00";"05.11.2025 12:30:00";"Daniel Köhler";"140";"mmp24b"
"24b Medienrecht / Medien-Betriebswirtschaftslehre II - Medienrecht 2";"modk.mmp-MR2.V02.HS26_BS.003";"20251113T123000Z";"20251113T154500Z";"13.11.2025 13:30:00";"13.11.2025 16:45:00";"Daniel Köhler";"Schwarztorstrasse";"mmp24b"
"24b Medienrecht / Medien-Betriebswirtschaftslehre II - Medienrecht 2";"modk.mmp-MR2.V02.HS26_BS.003";"20251203T081500Z";"20251203T113000Z";"03.12.2025 09:15:00";"03.12.2025 12:30:00";"Daniel Köhler";"010";"mmp24b"
"24b Medienrecht / Medien-Betriebswirtschaftslehre II - Medienrecht 2";"modk.mmp-MR2.V02.HS26_BS.003";"20251208T123000Z";"20251208T154500Z";"08.12.2025 13:30:00";"08.12.2025 16:45:00";"Daniel Köhler";"010";"mmp24b"
"24b Markt- und Medienforschung / Medienethik II - Medienethik 2";"modk.mmp-MEDETH2.V04.HS26_BS.003";"20250917T113000Z";"20250917T144500Z";"17.09.2025 13:30:00";"17.09.2025 16:45:00";"Marie-Therese Mäder";"010";"mmp24b"
"24b Markt- und Medienforschung / Medienethik II - Medienethik 2";"modk.mmp-MEDETH2.V04.HS26_BS.003";"20251014T113000Z";"20251014T144500Z";"14.10.2025 13:30:00";"14.10.2025 16:45:00";"Marie-Therese Mäder";"Schwarztorstrasse";"mmp24b"
"24b Markt- und Medienforschung / Medienethik II - Medienethik 2";"modk.mmp-MEDETH2.V04.HS26_BS.003";"20251103T123000Z";"20251103T154500Z";"03.11.2025 13:30:00";"03.11.2025 16:45:00";"Marie-Therese Mäder";"010";"mmp24b"
"24b Markt- und Medienforschung / Medienethik II - Medienethik 2";"modk.mmp-MEDETH2.V04.HS26_BS.003";"20251120T123000Z";"20251120T154500Z";"20.11.2025 13:30:00";"20.11.2025 16:45:00";"Marie-Therese Mäder";"Atelier";"mmp24b"
"24c1 Markt- und Medienforschung / Medienethik II -KomWiFo2";"modk.mmp-KOMWIFO2.V04.HS26_BS.001";"20250918T071500Z";"20250918T103000Z";"18.09.2025 09:15:00";"18.09.2025 12:30:00";"Amina Ovcina Cajacob";"I 0.31";"mmp24c1"
"24c1 Markt- und Medienforschung / Medienethik II -KomWiFo2";"modk.mmp-KOMWIFO2.V04.HS26_BS.001";"20250924T071500Z";"20250924T103000Z";"24.09.2025 09:15:00";"24.09.2025 12:30:00";"Amina Ovcina Cajacob";"I 0.31";"mmp24c1"
"24c1 Markt- und Medienforschung / Medienethik II -KomWiFo2";"modk.mmp-KOMWIFO2.V04.HS26_BS.001";"20250925T071500Z";"20250925T103000Z";"25.09.2025 09:15:00";"25.09.2025 12:30:00";"Amina Ovcina Cajacob";"I 0.11";"mmp24c1"
"24c1 Markt- und Medienforschung / Medienethik II -KomWiFo2";"modk.mmp-KOMWIFO2.V04.HS26_BS.001";"20251105T123000Z";"20251105T154500Z";"05.11.2025 13:30:00";"05.11.2025 16:45:00";"Amina Ovcina Cajacob";"I 0.31";"mmp24c1"
"24c1 Markt- und Medienforschung / Medienethik II -KomWiFo2";"modk.mmp-KOMWIFO2.V04.HS26_BS.001";"20251210T081500Z";"20251210T113000Z";"10.12.2025 09:15:00";"10.12.2025 12:30:00";"Amina Ovcina Cajacob";"I 0.11";"mmp24c1"
"24c1 Markt- und Medienforschung / Medienethik II -KomWiFo2";"modk.mmp-KOMWIFO2.V04.HS26_BS.001";"20251211T081500Z";"20251211T113000Z";"11.12.2025 09:15:00";"11.12.2025 12:30:00";"Amina Ovcina Cajacob";"I 0.30";"mmp24c1"
"24b Corporate Communications II: Change- und Kriesenkommunikation";"modk.mmp-CHUKRIKO.V1.HS26_BS.003";"20250918T071500Z";"20250918T103000Z";"18.09.2025 09:15:00";"18.09.2025 12:30:00";"Sebastian Drews";"010";"mmp24b"
"24b Corporate Communications II: Change- und Kriesenkommunikation";"modk.mmp-CHUKRIKO.V1.HS26_BS.003";"20250918T113000Z";"20250918T144500Z";"18.09.2025 13:30:00";"18.09.2025 16:45:00";"Sebastian Drews";"010";"mmp24b"
"24b Corporate Communications II: Change- und Kriesenkommunikation";"modk.mmp-CHUKRIKO.V1.HS26_BS.003";"20251014T071500Z";"20251014T103000Z";"14.10.2025 09:15:00";"14.10.2025 12:30:00";"Sebastian Drews";"Schwarztorstrasse";"mmp24b"
"24b Corporate Communications II: Change- und Kriesenkommunikation";"modk.mmp-CHUKRIKO.V1.HS26_BS.003";"20251103T081500Z";"20251103T113000Z";"03.11.2025 09:15:00";"03.11.2025 12:30:00";"Sebastian Drews";"010";"mmp24b"
"24b Corporate Communications II: Change- und Kriesenkommunikation";"modk.mmp-CHUKRIKO.V1.HS26_BS.003";"20251125T081500Z";"20251125T113000Z";"25.11.2025 09:15:00";"25.11.2025 12:30:00";"Sebastian Drews";"Atelier";"mmp24b"
"24b Corporate Communications II: Change- und Kriesenkommunikation";"modk.mmp-CHUKRIKO.V1.HS26_BS.003";"20251209T081500Z";"20251209T113000Z";"09.12.2025 09:15:00";"09.12.2025 12:30:00";"Sebastian Drews";"010";"mmp24b"
"24b Corporate Communications II: Change- und Kriesenkommunikation";"modk.mmp-CHUKRIKO.V1.HS26_BS.003";"20260108T123000Z";"20260108T154500Z";"08.01.2026 13:30:00";"08.01.2026 16:45:00";"Sebastian Drews";"010";"mmp24b"
"24c2 Markt- und Medienforschung / Medienethik II -KomWiFo2";"modk.mmp-KOMWIFO2.V04.HS26_BS.002";"20250918T113000Z";"20250918T144500Z";"18.09.2025 13:30:00";"18.09.2025 16:45:00";"Amina Ovcina Cajacob";"I 0.31";"mmp24c2"
"24c2 Markt- und Medienforschung / Medienethik II -KomWiFo2";"modk.mmp-KOMWIFO2.V04.HS26_BS.002";"20250924T113000Z";"20250924T144500Z";"24.09.2025 13:30:00";"24.09.2025 16:45:00";"Amina Ovcina Cajacob";"I 0.31";"mmp24c2"
"24c2 Markt- und Medienforschung / Medienethik II -KomWiFo2";"modk.mmp-KOMWIFO2.V04.HS26_BS.002";"20250925T113000Z";"20250925T144500Z";"25.09.2025 13:30:00";"25.09.2025 16:45:00";"Amina Ovcina Cajacob";"I 0.11";"mmp24c2"
"24c2 Markt- und Medienforschung / Medienethik II -KomWiFo2";"modk.mmp-KOMWIFO2.V04.HS26_BS.002";"20251105T081500Z";"20251105T113000Z";"05.11.2025 09:15:00";"05.11.2025 12:30:00";"Amina Ovcina Cajacob";"I 0.31";"mmp24c2"
"24c2 Markt- und Medienforschung / Medienethik II -KomWiFo2";"modk.mmp-KOMWIFO2.V04.HS26_BS.002";"20251210T123000Z";"20251210T154500Z";"10.12.2025 13:30:00";"10.12.2025 16:45:00";"Amina Ovcina Cajacob";"I 0.11";"mmp24c2"
"24c2 Markt- und Medienforschung / Medienethik II -KomWiFo2";"modk.mmp-KOMWIFO2.V04.HS26_BS.002";"20251211T123000Z";"20251211T154500Z";"11.12.2025 13:30:00";"11.12.2025 16:45:00";"Amina Ovcina Cajacob";"I 0.30";"mmp24c2"
"25c1 Corporate Communications I";"modk.mmp-GKCC.HS26_BS.001";"20250919T071500Z";"20250919T103000Z";"19.09.2025 09:15:00";"19.09.2025 12:30:00";"Sebastian Drews";"I 0.30";"mmp25c1"
"25c1 Corporate Communications I";"modk.mmp-GKCC.HS26_BS.001";"20250919T113000Z";"20250919T144500Z";"19.09.2025 13:30:00";"19.09.2025 16:45:00";"Sebastian Drews";"I 0.30";"mmp25c1"
"25c1 Corporate Communications I";"modk.mmp-GKCC.HS26_BS.001";"20250925T071500Z";"20250925T103000Z";"25.09.2025 09:15:00";"25.09.2025 12:30:00";"Sebastian Drews";"I 0.31";"mmp25c1"
"25c1 Corporate Communications I";"modk.mmp-GKCC.HS26_BS.001";"20251009T071500Z";"20251009T103000Z";"09.10.2025 09:15:00";"09.10.2025 12:30:00";"Sebastian Drews";"I 0.04/05";"mmp25c1"
"25c1 Corporate Communications I";"modk.mmp-GKCC.HS26_BS.001";"20251009T113000Z";"20251009T144500Z";"09.10.2025 13:30:00";"09.10.2025 16:45:00";"Sebastian Drews";"I 0.04/05";"mmp25c1"
"25c1 Corporate Communications I";"modk.mmp-GKCC.HS26_BS.001";"20251106T081500Z";"20251106T113000Z";"06.11.2025 09:15:00";"06.11.2025 12:30:00";"Sebastian Drews";"I 0.02";"mmp25c1"
"25c1 Corporate Communications I";"modk.mmp-GKCC.HS26_BS.001";"20251216T123000Z";"20251216T154500Z";"16.12.2025 13:30:00";"16.12.2025 16:45:00";"Sebastian Drews";"A1.02";"mmp25c1"
"25c1 Corporate Communications I";"modk.mmp-GKCC.HS26_BS.001";"20260107T081500Z";"20260107T113000Z";"07.01.2026 09:15:00";"07.01.2026 12:30:00";"Sebastian Drews";"I 0.02/03";"mmp25c1"
"25c2 Corporate Communications I";"modk.mmp-GKCC.HS26_BS.002";"20250919T071500Z";"20250919T103000Z";"19.09.2025 09:15:00";"19.09.2025 12:30:00";"Sebastian Drews";"I 0.31";"mmp25c2"
"25c2 Corporate Communications I";"modk.mmp-GKCC.HS26_BS.002";"20250919T113000Z";"20250919T144500Z";"19.09.2025 13:30:00";"19.09.2025 16:45:00";"Sebastian Drews";"I 0.31";"mmp25c2"
"25c2 Corporate Communications I";"modk.mmp-GKCC.HS26_BS.002";"20250925T113000Z";"20250925T144500Z";"25.09.2025 13:30:00";"25.09.2025 16:45:00";"Sebastian Drews";"I 0.31";"mmp25c2"
"25c2 Corporate Communications I";"modk.mmp-GKCC.HS26_BS.002";"20251009T071500Z";"20251009T103000Z";"09.10.2025 09:15:00";"09.10.2025 12:30:00";"Sebastian Drews";"I 0.04/05";"mmp25c2"
"25c2 Corporate Communications I";"modk.mmp-GKCC.HS26_BS.002";"20251009T113000Z";"20251009T144500Z";"09.10.2025 13:30:00";"09.10.2025 16:45:00";"Sebastian Drews";"I 0.04/05";"mmp25c2"
"25c2 Corporate Communications I";"modk.mmp-GKCC.HS26_BS.002";"20251106T123000Z";"20251106T154500Z";"06.11.2025 13:30:00";"06.11.2025 16:45:00";"Sebastian Drews";"I 0.02";"mmp25c2"
"25c2 Corporate Communications I";"modk.mmp-GKCC.HS26_BS.002";"20251216T081500Z";"20251216T113000Z";"16.12.2025 09:15:00";"16.12.2025 12:30:00";"Sebastian Drews";"A1.02";"mmp25c2"
"25c2 Corporate Communications I";"modk.mmp-GKCC.HS26_BS.002";"20260107T081500Z";"20260107T113000Z";"07.01.2026 09:15:00";"07.01.2026 12:30:00";"Sebastian Drews";"I 0.02/03";"mmp25c2"
"25b Corporate Communications I";"modk.mmp-GKCC.HS26_BS.003";"20250919T071500Z";"20250919T103000Z";"19.09.2025 09:15:00";"19.09.2025 12:30:00";"Sebastian Drews";"010";"mmp25b"
"25b Corporate Communications I";"modk.mmp-GKCC.HS26_BS.003";"20250919T113000Z";"20250919T144500Z";"19.09.2025 13:30:00";"19.09.2025 16:45:00";"Sebastian Drews";"010";"mmp25b"
"25b Corporate Communications I";"modk.mmp-GKCC.HS26_BS.003";"20250924T071500Z";"20250924T103000Z";"24.09.2025 09:15:00";"24.09.2025 12:30:00";"Sebastian Drews";"010";"mmp25b"
"25b Corporate Communications I";"modk.mmp-GKCC.HS26_BS.003";"20250924T113000Z";"20250924T144500Z";"24.09.2025 13:30:00";"24.09.2025 16:45:00";"Sebastian Drews";"010";"mmp25b"
"25b Corporate Communications I";"modk.mmp-GKCC.HS26_BS.003";"20251006T071500Z";"20251006T103000Z";"06.10.2025 09:15:00";"06.10.2025 12:30:00";"Sebastian Drews";"010";"mmp25b"
"25b Corporate Communications I";"modk.mmp-GKCC.HS26_BS.003";"20251006T113000Z";"20251006T144500Z";"06.10.2025 13:30:00";"06.10.2025 16:45:00";"Sebastian Drews";"010";"mmp25b"
"25b Corporate Communications I";"modk.mmp-GKCC.HS26_BS.003";"20251217T081500Z";"20251217T113000Z";"17.12.2025 09:15:00";"17.12.2025 12:30:00";"Sebastian Drews";"010";"mmp25b"
"25b Corporate Communications I";"modk.mmp-GKCC.HS26_BS.003";"20260108T081500Z";"20260108T113000Z";"08.01.2026 09:15:00";"08.01.2026 12:30:00";"Sebastian Drews";"010";"mmp25b"
"25cv Corporate Communications I";"modk.mmp-GKCC.HS26_BS.004";"20250919T071500Z";"20250919T103000Z";"19.09.2025 09:15:00";"19.09.2025 12:30:00";"Sebastian Drews";"Z2.02";"mmp25cv"
"25cv Corporate Communications I";"modk.mmp-GKCC.HS26_BS.004";"20250919T113000Z";"20250919T144500Z";"19.09.2025 13:30:00";"19.09.2025 16:45:00";"Sebastian Drews";"tbd";"mmp25cv"
"25cv Corporate Communications I";"modk.mmp-GKCC.HS26_BS.004";"20250922T071500Z";"20250922T103000Z";"22.09.2025 09:15:00";"22.09.2025 12:30:00";"Sebastian Drews";"Z2.02";"mmp25cv"
"25cv Corporate Communications I";"modk.mmp-GKCC.HS26_BS.004";"20250922T113000Z";"20250922T144500Z";"22.09.2025 13:30:00";"22.09.2025 16:45:00";"Sebastian Drews";"Z2.02";"mmp25cv"
"25cv Corporate Communications I";"modk.mmp-GKCC.HS26_BS.004";"20251013T071500Z";"20251013T103000Z";"13.10.2025 09:15:00";"13.10.2025 12:30:00";"Sebastian Drews";"Z2.02";"mmp25cv"
"25cv Corporate Communications I";"modk.mmp-GKCC.HS26_BS.004";"20251013T113000Z";"20251013T144500Z";"13.10.2025 13:30:00";"13.10.2025 16:45:00";"Sebastian Drews";"Z2.02";"mmp25cv"
"25cv Corporate Communications I";"modk.mmp-GKCC.HS26_BS.004";"20251208T081500Z";"20251208T113000Z";"08.12.2025 09:15:00";"08.12.2025 12:30:00";"Sebastian Drews";"Z2.02";"mmp25cv"
"25c1 Schreiben und Sprechen I";"mod.mmp-SRSP01.V02.HS26_BS.001";"20250922T071500Z";"20250922T103000Z";"22.09.2025 09:15:00";"22.09.2025 12:30:00";"Petra Hasler";"I 0.30";"mmp25c1"
"25c1 Schreiben und Sprechen I";"mod.mmp-SRSP01.V02.HS26_BS.001";"20250922T113000Z";"20250922T144500Z";"22.09.2025 13:30:00";"22.09.2025 16:45:00";"Petra Hasler";"I 0.30";"mmp25c1"
"25c1 Schreiben und Sprechen I";"mod.mmp-SRSP01.V02.HS26_BS.001";"20250923T071500Z";"20250923T103000Z";"23.09.2025 09:15:00";"23.09.2025 12:30:00";"Petra Hasler";"tba";"mmp25c1"
"25c1 Schreiben und Sprechen I";"mod.mmp-SRSP01.V02.HS26_BS.001";"20250924T071500Z";"20250924T103000Z";"24.09.2025 09:15:00";"24.09.2025 12:30:00";"Petra Hasler";"I 0.30";"mmp25c1"
"25c1 Schreiben und Sprechen I";"mod.mmp-SRSP01.V02.HS26_BS.001";"20250924T113000Z";"20250924T144500Z";"24.09.2025 13:30:00";"24.09.2025 16:45:00";"Petra Hasler";"I 0.30";"mmp25c1"
"25c1 Schreiben und Sprechen I";"mod.mmp-SRSP01.V02.HS26_BS.001";"20250929T071500Z";"20250929T103000Z";"29.09.2025 09:15:00";"29.09.2025 12:30:00";"Petra Hasler";"A1.02";"mmp25c1"
"25c1 Schreiben und Sprechen I";"mod.mmp-SRSP01.V02.HS26_BS.001";"20250929T113000Z";"20250929T144500Z";"29.09.2025 13:30:00";"29.09.2025 16:45:00";"Petra Hasler";"A1.02";"mmp25c1"
"25c1 Schreiben und Sprechen I";"mod.mmp-SRSP01.V02.HS26_BS.001";"20251001T071500Z";"20251001T103000Z";"01.10.2025 09:15:00";"01.10.2025 12:30:00";"Petra Hasler";"A1.02, A0.18";"mmp25c1"
"25c1 Schreiben und Sprechen I";"mod.mmp-SRSP01.V02.HS26_BS.001";"20251001T113000Z";"20251001T144500Z";"01.10.2025 13:30:00";"01.10.2025 16:45:00";"Petra Hasler";"A1.02, A0.18";"mmp25c1"
"25c1 Schreiben und Sprechen I";"mod.mmp-SRSP01.V02.HS26_BS.001";"20251002T113000Z";"20251002T144500Z";"02.10.2025 13:30:00";"02.10.2025 16:45:00";"Petra Hasler";"I 0.04/05";"mmp25c1"
"25c1 Schreiben und Sprechen I";"mod.mmp-SRSP01.V02.HS26_BS.001";"20251020T071500Z";"20251020T103000Z";"20.10.2025 09:15:00";"20.10.2025 12:30:00";"Petra Hasler";"I 0.04/05/0,11";"mmp25c1"
"25c1 Schreiben und Sprechen I";"mod.mmp-SRSP01.V02.HS26_BS.001";"20251020T113000Z";"20251020T144500Z";"20.10.2025 13:30:00";"20.10.2025 16:45:00";"Petra Hasler";"I 0.04/05/0,11";"mmp25c1"
"25c1 Schreiben und Sprechen I";"mod.mmp-SRSP01.V02.HS26_BS.001";"20251021T071500Z";"20251021T103000Z";"21.10.2025 09:15:00";"21.10.2025 12:30:00";"Petra Hasler";"I 0.11";"mmp25c1"
"25c1 Schreiben und Sprechen I";"mod.mmp-SRSP01.V02.HS26_BS.001";"20251021T113000Z";"20251021T144500Z";"21.10.2025 13:30:00";"21.10.2025 16:45:00";"Petra Hasler";"I 0.11";"mmp25c1"
"25c1 Schreiben und Sprechen I";"mod.mmp-SRSP01.V02.HS26_BS.001";"20251022T071500Z";"20251022T103000Z";"22.10.2025 09:15:00";"22.10.2025 12:30:00";"Petra Hasler";"I 0.04/05";"mmp25c1"
"25c1 Schreiben und Sprechen I";"mod.mmp-SRSP01.V02.HS26_BS.001";"20251022T113000Z";"20251022T144500Z";"22.10.2025 13:30:00";"22.10.2025 16:45:00";"Petra Hasler";"I 0.30/I0.11";"mmp25c1"
"25c2 Schreiben und Sprechen I";"mod.mmp-SRSP01.V02.HS26_BS.002";"20250922T071500Z";"20250922T103000Z";"22.09.2025 09:15:00";"22.09.2025 12:30:00";"Petra Hasler";"A1.02, A0.18";"mmp25c2"
"25c2 Schreiben und Sprechen I";"mod.mmp-SRSP01.V02.HS26_BS.002";"20250922T113000Z";"20250922T144500Z";"22.09.2025 13:30:00";"22.09.2025 16:45:00";"Petra Hasler";"A1.02, A0.18";"mmp25c2"
"25c2 Schreiben und Sprechen I";"mod.mmp-SRSP01.V02.HS26_BS.002";"20250923T071500Z";"20250923T103000Z";"23.09.2025 09:15:00";"23.09.2025 12:30:00";"Petra Hasler";"A1.02, A0.18";"mmp25c2"
"25c2 Schreiben und Sprechen I";"mod.mmp-SRSP01.V02.HS26_BS.002";"20250923T113000Z";"20250923T144500Z";"23.09.2025 13:30:00";"23.09.2025 16:45:00";"Petra Hasler";"A1.02, A0.18";"mmp25c2"
"25c2 Schreiben und Sprechen I";"mod.mmp-SRSP01.V02.HS26_BS.002";"20250924T071500Z";"20250924T103000Z";"24.09.2025 09:15:00";"24.09.2025 12:30:00";"Petra Hasler";"I 0.04/05";"mmp25c2"
"25c2 Schreiben und Sprechen I";"mod.mmp-SRSP01.V02.HS26_BS.002";"20250924T113000Z";"20250924T144500Z";"24.09.2025 13:30:00";"24.09.2025 16:45:00";"Petra Hasler";"I 0.04/05";"mmp25c2"
"25c2 Schreiben und Sprechen I";"mod.mmp-SRSP01.V02.HS26_BS.002";"20250929T071500Z";"20250929T103000Z";"29.09.2025 09:15:00";"29.09.2025 12:30:00";"Petra Hasler";"I 0.30";"mmp25c2"
"25c2 Schreiben und Sprechen I";"mod.mmp-SRSP01.V02.HS26_BS.002";"20250929T113000Z";"20250929T144500Z";"29.09.2025 13:30:00";"29.09.2025 16:45:00";"Petra Hasler";"I 0.30";"mmp25c2"
"25c2 Schreiben und Sprechen I";"mod.mmp-SRSP01.V02.HS26_BS.002";"20250930T071500Z";"20250930T103000Z";"30.09.2025 09:15:00";"30.09.2025 12:30:00";"Petra Hasler";"A1.02";"mmp25c2"
"25c2 Schreiben und Sprechen I";"mod.mmp-SRSP01.V02.HS26_BS.002";"20250930T113000Z";"20250930T144500Z";"30.09.2025 13:30:00";"30.09.2025 16:45:00";"Petra Hasler";"A1.02";"mmp25c2"
"25c2 Schreiben und Sprechen I";"mod.mmp-SRSP01.V02.HS26_BS.002";"20251002T071500Z";"20251002T103000Z";"02.10.2025 09:15:00";"02.10.2025 12:30:00";"Petra Hasler";"I 0.04/05";"mmp25c2"
"25c2 Schreiben und Sprechen I";"mod.mmp-SRSP01.V02.HS26_BS.002";"20251020T071500Z";"20251020T103000Z";"20.10.2025 09:15:00";"20.10.2025 12:30:00";"Petra Hasler";"Aula";"mmp25c2"
"25c2 Schreiben und Sprechen I";"mod.mmp-SRSP01.V02.HS26_BS.002";"20251020T113000Z";"20251020T144500Z";"20.10.2025 13:30:00";"20.10.2025 16:45:00";"Petra Hasler";"Aula";"mmp25c2"
"25c2 Schreiben und Sprechen I";"mod.mmp-SRSP01.V02.HS26_BS.002";"20251022T071500Z";"20251022T103000Z";"22.10.2025 09:15:00";"22.10.2025 12:30:00";"Petra Hasler";"I 0.30/I0.11";"mmp25c2"
"25c2 Schreiben und Sprechen I";"mod.mmp-SRSP01.V02.HS26_BS.002";"20251022T113000Z";"20251022T144500Z";"22.10.2025 13:30:00";"22.10.2025 16:45:00";"Petra Hasler";"I 0.04/05";"mmp25c2"
"25b Schreiben und Sprechen I";"mod.mmp-SRSP01.V02.HS26_BS.003";"20250922T071500Z";"20250922T103000Z";"22.09.2025 09:15:00";"22.09.2025 12:30:00";"Petra Hasler";"140/130";"mmp25b"
"25b Schreiben und Sprechen I";"mod.mmp-SRSP01.V02.HS26_BS.003";"20250922T113000Z";"20250922T144500Z";"22.09.2025 13:30:00";"22.09.2025 16:45:00";"Petra Hasler";"140/130";"mmp25b"
"25b Schreiben und Sprechen I";"mod.mmp-SRSP01.V02.HS26_BS.003";"20250923T071500Z";"20250923T103000Z";"23.09.2025 09:15:00";"23.09.2025 12:30:00";"Petra Hasler";"140";"mmp25b"
"25b Schreiben und Sprechen I";"mod.mmp-SRSP01.V02.HS26_BS.003";"20250923T113000Z";"20250923T144500Z";"23.09.2025 13:30:00";"23.09.2025 16:45:00";"Petra Hasler";"140";"mmp25b"
"25b Schreiben und Sprechen I";"mod.mmp-SRSP01.V02.HS26_BS.003";"20250925T071500Z";"20250925T103000Z";"25.09.2025 09:15:00";"25.09.2025 12:30:00";"Petra Hasler";"Brückenstrasse";"mmp25b"
"25b Schreiben und Sprechen I";"mod.mmp-SRSP01.V02.HS26_BS.003";"20250925T113000Z";"20250925T144500Z";"25.09.2025 13:30:00";"25.09.2025 16:45:00";"Petra Hasler";"Brückenstrasse";"mmp25b"
"25b Schreiben und Sprechen I";"mod.mmp-SRSP01.V02.HS26_BS.003";"20250929T071500Z";"20250929T103000Z";"29.09.2025 09:15:00";"29.09.2025 12:30:00";"Petra Hasler";"140";"mmp25b"
"25b Schreiben und Sprechen I";"mod.mmp-SRSP01.V02.HS26_BS.003";"20250929T113000Z";"20250929T144500Z";"29.09.2025 13:30:00";"29.09.2025 16:45:00";"Petra Hasler";"140";"mmp25b"
"25b Schreiben und Sprechen I";"mod.mmp-SRSP01.V02.HS26_BS.003";"20251001T113000Z";"20251001T144500Z";"01.10.2025 13:30:00";"01.10.2025 16:45:00";"Petra Hasler";"010";"mmp25b"
"25b Schreiben und Sprechen I";"mod.mmp-SRSP01.V02.HS26_BS.003";"20251020T071500Z";"20251020T103000Z";"20.10.2025 09:15:00";"20.10.2025 12:30:00";"Petra Hasler";"140/250";"mmp25b"
"25b Schreiben und Sprechen I";"mod.mmp-SRSP01.V02.HS26_BS.003";"20251020T113000Z";"20251020T144500Z";"20.10.2025 13:30:00";"20.10.2025 16:45:00";"Petra Hasler";"140/250";"mmp25b"
"25b Schreiben und Sprechen I";"mod.mmp-SRSP01.V02.HS26_BS.003";"20251021T071500Z";"20251021T103000Z";"21.10.2025 09:15:00";"21.10.2025 12:30:00";"Petra Hasler";"140/250";"mmp25b"
"25b Schreiben und Sprechen I";"mod.mmp-SRSP01.V02.HS26_BS.003";"20251021T113000Z";"20251021T144500Z";"21.10.2025 13:30:00";"21.10.2025 16:45:00";"Petra Hasler";"140/250";"mmp25b"
"25b Schreiben und Sprechen I";"mod.mmp-SRSP01.V02.HS26_BS.003";"20251022T071500Z";"20251022T103000Z";"22.10.2025 09:15:00";"22.10.2025 12:30:00";"Petra Hasler";"250";"mmp25b"
"25b Schreiben und Sprechen I";"mod.mmp-SRSP01.V02.HS26_BS.003";"20251022T113000Z";"20251022T144500Z";"22.10.2025 13:30:00";"22.10.2025 16:45:00";"Petra Hasler";"250";"mmp25b"
"24c1 Interaktive Medien III";"mod.mmp-INTEME03.V02.HS26_BS.001";"20250922T071500Z";"20250922T103000Z";"22.09.2025 09:15:00";"22.09.2025 12:30:00";"Wolfgang Bock";"I 0.04/05";"mmp24c1"
"24c1 Interaktive Medien III";"mod.mmp-INTEME03.V02.HS26_BS.001";"20250922T113000Z";"20250922T144500Z";"22.09.2025 13:30:00";"22.09.2025 16:45:00";"Wolfgang Bock";"I 0.04/05";"mmp24c1"
"24c1 Interaktive Medien III";"mod.mmp-INTEME03.V02.HS26_BS.001";"20250923T071500Z";"20250923T103000Z";"23.09.2025 09:15:00";"23.09.2025 12:30:00";"Wolfgang Bock";"I 0.04/05";"mmp24c1"
"24c1 Interaktive Medien III";"mod.mmp-INTEME03.V02.HS26_BS.001";"20250923T113000Z";"20250923T144500Z";"23.09.2025 13:30:00";"23.09.2025 16:45:00";"Wolfgang Bock";"I 0.04/05";"mmp24c1"
"24c1 Interaktive Medien III";"mod.mmp-INTEME03.V02.HS26_BS.001";"20250929T071500Z";"20250929T103000Z";"29.09.2025 09:15:00";"29.09.2025 12:30:00";"Wolfgang Bock";"I 0.02/03";"mmp24c1"
"24c1 Interaktive Medien III";"mod.mmp-INTEME03.V02.HS26_BS.001";"20250929T113000Z";"20250929T144500Z";"29.09.2025 13:30:00";"29.09.2025 16:45:00";"Wolfgang Bock";"I 0.02/03";"mmp24c1"
"24c1 Interaktive Medien III";"mod.mmp-INTEME03.V02.HS26_BS.001";"20250930T071500Z";"20250930T103000Z";"30.09.2025 09:15:00";"30.09.2025 12:30:00";"Wolfgang Bock";"I 0.02/03";"mmp24c1"
"24c1 Interaktive Medien III";"mod.mmp-INTEME03.V02.HS26_BS.001";"20250930T113000Z";"20250930T144500Z";"30.09.2025 13:30:00";"30.09.2025 16:45:00";"Wolfgang Bock";"I 0.02/03";"mmp24c1"
"24c1 Interaktive Medien III";"mod.mmp-INTEME03.V02.HS26_BS.001";"20251001T071500Z";"20251001T103000Z";"01.10.2025 09:15:00";"01.10.2025 12:30:00";"Wolfgang Bock";"I 0.02/03";"mmp24c1"
"24c1 Interaktive Medien III";"mod.mmp-INTEME03.V02.HS26_BS.001";"20251001T113000Z";"20251001T144500Z";"01.10.2025 13:30:00";"01.10.2025 16:45:00";"Wolfgang Bock";"I 0.02/03";"mmp24c1"
"24c1 Interaktive Medien III";"mod.mmp-INTEME03.V02.HS26_BS.001";"20251006T071500Z";"20251006T103000Z";"06.10.2025 09:15:00";"06.10.2025 12:30:00";"Wolfgang Bock";"I 0.02/03";"mmp24c1"
"24c1 Interaktive Medien III";"mod.mmp-INTEME03.V02.HS26_BS.001";"20251006T113000Z";"20251006T144500Z";"06.10.2025 13:30:00";"06.10.2025 16:45:00";"Wolfgang Bock";"I 0.02/03";"mmp24c1"
"24c1 Interaktive Medien III";"mod.mmp-INTEME03.V02.HS26_BS.001";"20251007T071500Z";"20251007T103000Z";"07.10.2025 09:15:00";"07.10.2025 12:30:00";"Wolfgang Bock";"I 0.02/03";"mmp24c1"
"24c1 Interaktive Medien III";"mod.mmp-INTEME03.V02.HS26_BS.001";"20251008T071500Z";"20251008T103000Z";"08.10.2025 09:15:00";"08.10.2025 12:30:00";"Wolfgang Bock";"I 0.02/03";"mmp24c1"
"24c1 Interaktive Medien III";"mod.mmp-INTEME03.V02.HS26_BS.001";"20251008T113000Z";"20251008T144500Z";"08.10.2025 13:30:00";"08.10.2025 16:45:00";"Wolfgang Bock";"I 0.02/03";"mmp24c1"
"24c1 Interaktive Medien III";"mod.mmp-INTEME03.V02.HS26_BS.001";"20251013T071500Z";"20251013T103000Z";"13.10.2025 09:15:00";"13.10.2025 12:30:00";"Wolfgang Bock";"I 0.04/05";"mmp24c1"
"24c1 Interaktive Medien III";"mod.mmp-INTEME03.V02.HS26_BS.001";"20251013T113000Z";"20251013T144500Z";"13.10.2025 13:30:00";"13.10.2025 16:45:00";"Wolfgang Bock";"I 0.04/05";"mmp24c1"
"24c1 Interaktive Medien III";"mod.mmp-INTEME03.V02.HS26_BS.001";"20251014T071500Z";"20251014T103000Z";"14.10.2025 09:15:00";"14.10.2025 12:30:00";"Wolfgang Bock";"I 0.04/05";"mmp24c1"
"24c1 Interaktive Medien III";"mod.mmp-INTEME03.V02.HS26_BS.001";"20251014T113000Z";"20251014T144500Z";"14.10.2025 13:30:00";"14.10.2025 16:45:00";"Wolfgang Bock";"I 0.04/05";"mmp24c1"
"24c1 Interaktive Medien III";"mod.mmp-INTEME03.V02.HS26_BS.001";"20251016T071500Z";"20251016T103000Z";"16.10.2025 09:15:00";"16.10.2025 12:30:00";"Wolfgang Bock";"I 0.04/05";"mmp24c1"
"24c1 Interaktive Medien III";"mod.mmp-INTEME03.V02.HS26_BS.001";"20251016T113000Z";"20251016T144500Z";"16.10.2025 13:30:00";"16.10.2025 16:45:00";"Wolfgang Bock";"I 0.04/05";"mmp24c1"
"24c2 Interaktive Medien III";"mod.mmp-INTEME03.V02.HS26_BS.002";"20250922T071500Z";"20250922T103000Z";"22.09.2025 09:15:00";"22.09.2025 12:30:00";"Wolfgang Bock";"I 0.04/05";"mmp24c2"
"24c2 Interaktive Medien III";"mod.mmp-INTEME03.V02.HS26_BS.002";"20250922T113000Z";"20250922T144500Z";"22.09.2025 13:30:00";"22.09.2025 16:45:00";"Wolfgang Bock";"I 0.04/05";"mmp24c2"
"24c2 Interaktive Medien III";"mod.mmp-INTEME03.V02.HS26_BS.002";"20250923T071500Z";"20250923T103000Z";"23.09.2025 09:15:00";"23.09.2025 12:30:00";"Wolfgang Bock";"I 0.04/05";"mmp24c2"
"24c2 Interaktive Medien III";"mod.mmp-INTEME03.V02.HS26_BS.002";"20250923T113000Z";"20250923T144500Z";"23.09.2025 13:30:00";"23.09.2025 16:45:00";"Wolfgang Bock";"I 0.04/05";"mmp24c2"
"24c2 Interaktive Medien III";"mod.mmp-INTEME03.V02.HS26_BS.002";"20250929T071500Z";"20250929T103000Z";"29.09.2025 09:15:00";"29.09.2025 12:30:00";"Wolfgang Bock";"I 0.02/03";"mmp24c2"
"24c2 Interaktive Medien III";"mod.mmp-INTEME03.V02.HS26_BS.002";"20250929T113000Z";"20250929T144500Z";"29.09.2025 13:30:00";"29.09.2025 16:45:00";"Wolfgang Bock";"I 0.02/03";"mmp24c2"
"24c2 Interaktive Medien III";"mod.mmp-INTEME03.V02.HS26_BS.002";"20250930T071500Z";"20250930T103000Z";"30.09.2025 09:15:00";"30.09.2025 12:30:00";"Wolfgang Bock";"I 0.02/03";"mmp24c2"
"24c2 Interaktive Medien III";"mod.mmp-INTEME03.V02.HS26_BS.002";"20250930T113000Z";"20250930T144500Z";"30.09.2025 13:30:00";"30.09.2025 16:45:00";"Wolfgang Bock";"I 0.02/03";"mmp24c2"
"24c2 Interaktive Medien III";"mod.mmp-INTEME03.V02.HS26_BS.002";"20251001T071500Z";"20251001T103000Z";"01.10.2025 09:15:00";"01.10.2025 12:30:00";"Wolfgang Bock";"I 0.02/03";"mmp24c2"
"24c2 Interaktive Medien III";"mod.mmp-INTEME03.V02.HS26_BS.002";"20251001T113000Z";"20251001T144500Z";"01.10.2025 13:30:00";"01.10.2025 16:45:00";"Wolfgang Bock";"tba";"mmp24c2"
"24c2 Interaktive Medien III";"mod.mmp-INTEME03.V02.HS26_BS.002";"20251006T071500Z";"20251006T103000Z";"06.10.2025 09:15:00";"06.10.2025 12:30:00";"Wolfgang Bock";"I 0.02/03";"mmp24c2"
"24c2 Interaktive Medien III";"mod.mmp-INTEME03.V02.HS26_BS.002";"20251006T113000Z";"20251006T144500Z";"06.10.2025 13:30:00";"06.10.2025 16:45:00";"Wolfgang Bock";"I 0.02/03";"mmp24c2"
"24c2 Interaktive Medien III";"mod.mmp-INTEME03.V02.HS26_BS.002";"20251007T071500Z";"20251007T103000Z";"07.10.2025 09:15:00";"07.10.2025 12:30:00";"Wolfgang Bock";"I 0.02/03";"mmp24c2"
"24c2 Interaktive Medien III";"mod.mmp-INTEME03.V02.HS26_BS.002";"20251009T071500Z";"20251009T103000Z";"09.10.2025 09:15:00";"09.10.2025 12:30:00";"Wolfgang Bock";"I 0.02/03";"mmp24c2"
"24c2 Interaktive Medien III";"mod.mmp-INTEME03.V02.HS26_BS.002";"20251009T113000Z";"20251009T144500Z";"09.10.2025 13:30:00";"09.10.2025 16:45:00";"Wolfgang Bock";"I 0.02/03";"mmp24c2"
"24c2 Interaktive Medien III";"mod.mmp-INTEME03.V02.HS26_BS.002";"20251013T071500Z";"20251013T103000Z";"13.10.2025 09:15:00";"13.10.2025 12:30:00";"Wolfgang Bock";"I 0.04/05";"mmp24c2"
"24c2 Interaktive Medien III";"mod.mmp-INTEME03.V02.HS26_BS.002";"20251013T113000Z";"20251013T144500Z";"13.10.2025 13:30:00";"13.10.2025 16:45:00";"Wolfgang Bock";"I 0.04/05";"mmp24c2"
"24c2 Interaktive Medien III";"mod.mmp-INTEME03.V02.HS26_BS.002";"20251014T071500Z";"20251014T103000Z";"14.10.2025 09:15:00";"14.10.2025 12:30:00";"Wolfgang Bock";"I 0.04/05";"mmp24c2"
"24c2 Interaktive Medien III";"mod.mmp-INTEME03.V02.HS26_BS.002";"20251014T113000Z";"20251014T144500Z";"14.10.2025 13:30:00";"14.10.2025 16:45:00";"Wolfgang Bock";"I 0.04/05";"mmp24c2"
"24c2 Interaktive Medien III";"mod.mmp-INTEME03.V02.HS26_BS.002";"20251016T071500Z";"20251016T103000Z";"16.10.2025 09:15:00";"16.10.2025 12:30:00";"Wolfgang Bock";"I 0.04/05";"mmp24c2"
"24c2 Interaktive Medien III";"mod.mmp-INTEME03.V02.HS26_BS.002";"20251016T113000Z";"20251016T144500Z";"16.10.2025 13:30:00";"16.10.2025 16:45:00";"Wolfgang Bock";"I 0.04/05";"mmp24c2"
"24b Interaktive Medien III";"mod.mmp-INTEME03.V02.HS26_BS.003";"20250922T071500Z";"20250922T103000Z";"22.09.2025 09:15:00";"22.09.2025 12:30:00";"Wolfgang Bock";"Atelier";"mmp24b"
"24b Interaktive Medien III";"mod.mmp-INTEME03.V02.HS26_BS.003";"20250922T113000Z";"20250922T144500Z";"22.09.2025 13:30:00";"22.09.2025 16:45:00";"Wolfgang Bock";"Atelier";"mmp24b"
"24b Interaktive Medien III";"mod.mmp-INTEME03.V02.HS26_BS.003";"20250923T071500Z";"20250923T103000Z";"23.09.2025 09:15:00";"23.09.2025 12:30:00";"Wolfgang Bock";"Atelier";"mmp24b"
"24b Interaktive Medien III";"mod.mmp-INTEME03.V02.HS26_BS.003";"20250923T113000Z";"20250923T144500Z";"23.09.2025 13:30:00";"23.09.2025 16:45:00";"Wolfgang Bock";"Atelier";"mmp24b"
"24b Interaktive Medien III";"mod.mmp-INTEME03.V02.HS26_BS.003";"20250929T071500Z";"20250929T103000Z";"29.09.2025 09:15:00";"29.09.2025 12:30:00";"Wolfgang Bock";"Atelier";"mmp24b"
"24b Interaktive Medien III";"mod.mmp-INTEME03.V02.HS26_BS.003";"20250929T113000Z";"20250929T144500Z";"29.09.2025 13:30:00";"29.09.2025 16:45:00";"Wolfgang Bock";"Atelier";"mmp24b"
"24b Interaktive Medien III";"mod.mmp-INTEME03.V02.HS26_BS.003";"20250930T071500Z";"20250930T103000Z";"30.09.2025 09:15:00";"30.09.2025 12:30:00";"Wolfgang Bock";"Atelier";"mmp24b"
"24b Interaktive Medien III";"mod.mmp-INTEME03.V02.HS26_BS.003";"20250930T113000Z";"20250930T144500Z";"30.09.2025 13:30:00";"30.09.2025 16:45:00";"Wolfgang Bock";"Atelier";"mmp24b"
"24b Interaktive Medien III";"mod.mmp-INTEME03.V02.HS26_BS.003";"20251002T071500Z";"20251002T103000Z";"02.10.2025 09:15:00";"02.10.2025 12:30:00";"Wolfgang Bock";"010";"mmp24b"
"24b Interaktive Medien III";"mod.mmp-INTEME03.V02.HS26_BS.003";"20251002T113000Z";"20251002T144500Z";"02.10.2025 13:30:00";"02.10.2025 16:45:00";"Wolfgang Bock";"010";"mmp24b"
"24b Interaktive Medien III";"mod.mmp-INTEME03.V02.HS26_BS.003";"20251006T071500Z";"20251006T103000Z";"06.10.2025 09:15:00";"06.10.2025 12:30:00";"Wolfgang Bock";"Atelier";"mmp24b"
"24b Interaktive Medien III";"mod.mmp-INTEME03.V02.HS26_BS.003";"20251006T113000Z";"20251006T144500Z";"06.10.2025 13:30:00";"06.10.2025 16:45:00";"Wolfgang Bock";"Atelier";"mmp24b"
"24b Interaktive Medien III";"mod.mmp-INTEME03.V02.HS26_BS.003";"20251007T071500Z";"20251007T103000Z";"07.10.2025 09:15:00";"07.10.2025 12:30:00";"Wolfgang Bock";"Atelier";"mmp24b"
"24b Interaktive Medien III";"mod.mmp-INTEME03.V02.HS26_BS.003";"20251009T071500Z";"20251009T103000Z";"09.10.2025 09:15:00";"09.10.2025 12:30:00";"Wolfgang Bock";"Atelier";"mmp24b"
"24b Interaktive Medien III";"mod.mmp-INTEME03.V02.HS26_BS.003";"20251009T113000Z";"20251009T144500Z";"09.10.2025 13:30:00";"09.10.2025 16:45:00";"Wolfgang Bock";"Atelier";"mmp24b"
"24b Interaktive Medien III";"mod.mmp-INTEME03.V02.HS26_BS.003";"20251013T071500Z";"20251013T103000Z";"13.10.2025 09:15:00";"13.10.2025 12:30:00";"Wolfgang Bock";"010";"mmp24b"
"24b Interaktive Medien III";"mod.mmp-INTEME03.V02.HS26_BS.003";"20251013T113000Z";"20251013T144500Z";"13.10.2025 13:30:00";"13.10.2025 16:45:00";"Wolfgang Bock";"010";"mmp24b"
"24b Interaktive Medien III";"mod.mmp-INTEME03.V02.HS26_BS.003";"20251015T071500Z";"20251015T103000Z";"15.10.2025 09:15:00";"15.10.2025 12:30:00";"Wolfgang Bock";"Atelier";"mmp24b"
"24b Interaktive Medien III";"mod.mmp-INTEME03.V02.HS26_BS.003";"20251015T113000Z";"20251015T144500Z";"15.10.2025 13:30:00";"15.10.2025 16:45:00";"Wolfgang Bock";"Atelier";"mmp24b"
"24b Interaktive Medien III";"mod.mmp-INTEME03.V02.HS26_BS.003";"20251016T071500Z";"20251016T103000Z";"16.10.2025 09:15:00";"16.10.2025 12:30:00";"Wolfgang Bock";"Atelier";"mmp24b"
"24b Interaktive Medien III";"mod.mmp-INTEME03.V02.HS26_BS.003";"20251016T113000Z";"20251016T144500Z";"16.10.2025 13:30:00";"16.10.2025 16:45:00";"Wolfgang Bock";"Atelier";"mmp24b"
"24cv Interaktive Medien III";"mod.mmp-INTEME03.V02.HS26_BS.004";"20250922T071500Z";"20250922T103000Z";"22.09.2025 09:15:00";"22.09.2025 12:30:00";"Wolfgang Bock";"Z0.03";"mmp24cv"
"24cv Interaktive Medien III";"mod.mmp-INTEME03.V02.HS26_BS.004";"20250922T113000Z";"20250922T144500Z";"22.09.2025 13:30:00";"22.09.2025 16:45:00";"Wolfgang Bock";"Z0.03";"mmp24cv"
"24cv Interaktive Medien III";"mod.mmp-INTEME03.V02.HS26_BS.004";"20250923T071500Z";"20250923T103000Z";"23.09.2025 09:15:00";"23.09.2025 12:30:00";"Wolfgang Bock";"Z0.03";"mmp24cv"
"24cv Interaktive Medien III";"mod.mmp-INTEME03.V02.HS26_BS.004";"20250929T071500Z";"20250929T103000Z";"29.09.2025 09:15:00";"29.09.2025 12:30:00";"Wolfgang Bock";"Z0.03";"mmp24cv"
"24cv Interaktive Medien III";"mod.mmp-INTEME03.V02.HS26_BS.004";"20250929T113000Z";"20250929T144500Z";"29.09.2025 13:30:00";"29.09.2025 16:45:00";"Wolfgang Bock";"Z0.03";"mmp24cv"
"24cv Interaktive Medien III";"mod.mmp-INTEME03.V02.HS26_BS.004";"20250930T071500Z";"20250930T103000Z";"30.09.2025 09:15:00";"30.09.2025 12:30:00";"Wolfgang Bock";"Z0.03";"mmp24cv"
"24cv Interaktive Medien III";"mod.mmp-INTEME03.V02.HS26_BS.004";"20250930T113000Z";"20250930T144500Z";"30.09.2025 13:30:00";"30.09.2025 16:45:00";"Wolfgang Bock";"Z0.03";"mmp24cv"
"24cv Interaktive Medien III";"mod.mmp-INTEME03.V02.HS26_BS.004";"20251013T071500Z";"20251013T103000Z";"13.10.2025 09:15:00";"13.10.2025 12:30:00";"Wolfgang Bock";"Z0.03";"mmp24cv"
"24cv Interaktive Medien III";"mod.mmp-INTEME03.V02.HS26_BS.004";"20251013T113000Z";"20251013T144500Z";"13.10.2025 13:30:00";"13.10.2025 16:45:00";"Wolfgang Bock";"Z0.03";"mmp24cv"
"24cv Interaktive Medien III";"mod.mmp-INTEME03.V02.HS26_BS.004";"20251014T071500Z";"20251014T103000Z";"14.10.2025 09:15:00";"14.10.2025 12:30:00";"Wolfgang Bock";"Z0.03";"mmp24cv"
"24cv Interaktive Medien III";"mod.mmp-INTEME03.V02.HS26_BS.004";"20251014T113000Z";"20251014T144500Z";"14.10.2025 13:30:00";"14.10.2025 16:45:00";"Wolfgang Bock";"Z0.03";"mmp24cv"
"25cv Schreiben und Sprechen I";"mod.mmp-SRSP01.V02.HS26_BS.004";"20250923T071500Z";"20250923T103000Z";"23.09.2025 09:15:00";"23.09.2025 12:30:00";"Petra Hasler";"Z2.02";"mmp25cv"
"25cv Schreiben und Sprechen I";"mod.mmp-SRSP01.V02.HS26_BS.004";"20250923T113000Z";"20250923T144500Z";"23.09.2025 13:30:00";"23.09.2025 16:45:00";"Petra Hasler";"Z2.02";"mmp25cv"
"25cv Schreiben und Sprechen I";"mod.mmp-SRSP01.V02.HS26_BS.004";"20250930T071500Z";"20250930T103000Z";"30.09.2025 09:15:00";"30.09.2025 12:30:00";"Petra Hasler";"Z2.02";"mmp25cv"
"25cv Schreiben und Sprechen I";"mod.mmp-SRSP01.V02.HS26_BS.004";"20250930T113000Z";"20250930T144500Z";"30.09.2025 13:30:00";"30.09.2025 16:45:00";"Petra Hasler";"Z2.02";"mmp25cv"
"25cv Schreiben und Sprechen I";"mod.mmp-SRSP01.V02.HS26_BS.004";"20251001T150000Z";"20251001T163000Z";"01.10.2025 17:00:00";"01.10.2025 18:30:00";"Petra Hasler";"tba";"mmp25cv"
"25cv Schreiben und Sprechen I";"mod.mmp-SRSP01.V02.HS26_BS.004";"20251020T071500Z";"20251020T103000Z";"20.10.2025 09:15:00";"20.10.2025 12:30:00";"Petra Hasler";"Z2.02";"mmp25cv"
"25cv Schreiben und Sprechen I";"mod.mmp-SRSP01.V02.HS26_BS.004";"20251021T071500Z";"20251021T103000Z";"21.10.2025 09:15:00";"21.10.2025 12:30:00";"Petra Hasler";"Z2.02/Z2.03";"mmp25cv"
"25cv Schreiben und Sprechen I";"mod.mmp-SRSP01.V02.HS26_BS.004";"20251021T113000Z";"20251021T144500Z";"21.10.2025 13:30:00";"21.10.2025 16:45:00";"Petra Hasler";"Z2.02";"mmp25cv"
"25cv Schreiben und Sprechen I";"mod.mmp-SRSP01.V02.HS26_BS.004";"20251215T081500Z";"20251215T113000Z";"15.12.2025 09:15:00";"15.12.2025 12:30:00";"Petra Hasler";"Z2.02";"mmp25cv"
"25cv Schreiben und Sprechen I";"mod.mmp-SRSP01.V02.HS26_BS.004";"20251215T123000Z";"20251215T154500Z";"15.12.2025 13:30:00";"15.12.2025 16:45:00";"Petra Hasler";"Z2.02";"mmp25cv"
"25cv Schreiben und Sprechen I";"mod.mmp-SRSP01.V02.HS26_BS.004";"20260105T081500Z";"20260106T113000Z";"05.01.2026 09:15:00";"06.01.2026 12:30:00";"Petra Hasler";"Z2.02/Z3.02";"mmp25cv"
"25cv Schreiben und Sprechen I";"mod.mmp-SRSP01.V02.HS26_BS.004";"20260105T123000Z";"18991230T163539Z";"05.01.2026 13:30:00";"30.12.1899 17:35:39";"Petra Hasler";"Z2.02/Z3.02";"mmp25cv"
"25cv Schreiben und Sprechen I";"mod.mmp-SRSP01.V02.HS26_BS.004";"20260106T081500Z";"20260107T113000Z";"06.01.2026 09:15:00";"07.01.2026 12:30:00";"Petra Hasler";"Z2.02/Z3.02";"mmp25cv"
"25cv Schreiben und Sprechen I";"mod.mmp-SRSP01.V02.HS26_BS.004";"20260106T123000Z";"18991230T163539Z";"06.01.2026 13:30:00";"30.12.1899 17:35:39";"Petra Hasler";"Z2.02/Z3.02";"mmp25cv"
"25c2 Mediensystem Schweiz – Medien-BWL Grundlagen";"modk.mmp-MBWLG01.HS26_BS.002";"20250925T071500Z";"20250925T103000Z";"25.09.2025 09:15:00";"25.09.2025 12:30:00";"Marius Hagger ";"I 0.30";"mmp25c2"
"25c2 Mediensystem Schweiz – Medien-BWL Grundlagen";"modk.mmp-MBWLG01.HS26_BS.002";"20251023T071500Z";"20251023T103000Z";"23.10.2025 09:15:00";"23.10.2025 12:30:00";"Marius Hagger ";"I 0.31";"mmp25c2"
"25c2 Mediensystem Schweiz – Medien-BWL Grundlagen";"modk.mmp-MBWLG01.HS26_BS.002";"20251023T150000Z";"20251023T163000Z";"23.10.2025 17:00:00";"23.10.2025 18:30:00";"Marius Hagger ";"ganze Eduzone";"mmp25c2"
"25c2 Mediensystem Schweiz – Medien-BWL Grundlagen";"modk.mmp-MBWLG01.HS26_BS.002";"20251030T081500Z";"20251030T113000Z";"30.10.2025 09:15:00";"30.10.2025 12:30:00";"Marius Hagger ";"I 0.31";"mmp25c2"
"25c2 Mediensystem Schweiz – Medien-BWL Grundlagen";"modk.mmp-MBWLG01.HS26_BS.002";"20251106T081500Z";"20251106T113000Z";"06.11.2025 09:15:00";"06.11.2025 12:30:00";"Marius Hagger ";"I 0.31";"mmp25c2"
"25c2 Mediensystem Schweiz – Medien-BWL Grundlagen";"modk.mmp-MBWLG01.HS26_BS.002";"20251110T081500Z";"20251110T113000Z";"10.11.2025 09:15:00";"10.11.2025 12:30:00";"Marius Hagger ";"I 0.31";"mmp25c2"
"25c2 Mediensystem Schweiz – Medien-BWL Grundlagen";"modk.mmp-MBWLG01.HS26_BS.002";"20251112T123000Z";"20251112T154500Z";"12.11.2025 13:30:00";"12.11.2025 16:45:00";"Marius Hagger ";"I 0.31";"mmp25c2"
"25c2 Mediensystem Schweiz – Medien-BWL Grundlagen";"modk.mmp-MBWLG01.HS26_BS.002";"20251210T081500Z";"20251210T113000Z";"10.12.2025 09:15:00";"10.12.2025 12:30:00";"Marius Hagger ";"I 0.31";"mmp25c2"
"25c2 Mediensystem Schweiz – Medien-BWL Grundlagen";"modk.mmp-MBWLG01.HS26_BS.002";"20251217T123000Z";"20251217T154500Z";"17.12.2025 13:30:00";"17.12.2025 16:45:00";"Marius Hagger ";"I 0.31";"mmp25c2"
"24b Schreiben und Sprechen III";"mod.mmp-SRSP03.HS26_BS.003";"20251124T081500Z";"20251124T113000Z";"24.11.2025 09:15:00";"24.11.2025 12:30:00";"Petra Hasler";"tba";"mmp24b"
"25c1 Mediensystem Schweiz – Medien-BWL Grundlagen";"modk.mmp-MBWLG01.HS26_BS.001";"20250925T113000Z";"20250925T144500Z";"25.09.2025 13:30:00";"25.09.2025 16:45:00";"Marius Hagger ";"I 0.30";"mmp25c1"
"25c1 Mediensystem Schweiz – Medien-BWL Grundlagen";"modk.mmp-MBWLG01.HS26_BS.001";"20251023T113000Z";"20251023T144500Z";"23.10.2025 13:30:00";"23.10.2025 16:45:00";"Marius Hagger ";"I 0.31";"mmp25c1"
"25c1 Mediensystem Schweiz – Medien-BWL Grundlagen";"modk.mmp-MBWLG01.HS26_BS.001";"20251023T150000Z";"20251023T163000Z";"23.10.2025 17:00:00";"23.10.2025 18:30:00";"Marius Hagger ";"ganze Eduzone";"mmp25c1"
"25c1 Mediensystem Schweiz – Medien-BWL Grundlagen";"modk.mmp-MBWLG01.HS26_BS.001";"20251030T123000Z";"20251030T154500Z";"30.10.2025 13:30:00";"30.10.2025 16:45:00";"Marius Hagger ";"I 0.31";"mmp25c1"
"25c1 Mediensystem Schweiz – Medien-BWL Grundlagen";"modk.mmp-MBWLG01.HS26_BS.001";"20251106T123000Z";"20251106T154500Z";"06.11.2025 13:30:00";"06.11.2025 16:45:00";"Marius Hagger ";"I 0.31";"mmp25c1"
"25c1 Mediensystem Schweiz – Medien-BWL Grundlagen";"modk.mmp-MBWLG01.HS26_BS.001";"20251110T123000Z";"20251110T154500Z";"10.11.2025 13:30:00";"10.11.2025 16:45:00";"Marius Hagger ";"I 0.31";"mmp25c1"
"25c1 Mediensystem Schweiz – Medien-BWL Grundlagen";"modk.mmp-MBWLG01.HS26_BS.001";"20251112T081500Z";"20251112T113000Z";"12.11.2025 09:15:00";"12.11.2025 12:30:00";"Marius Hagger ";"I 0.31";"mmp25c1"
"25c1 Mediensystem Schweiz – Medien-BWL Grundlagen";"modk.mmp-MBWLG01.HS26_BS.001";"20251210T123000Z";"20251210T154500Z";"10.12.2025 13:30:00";"10.12.2025 16:45:00";"Marius Hagger ";"I 0.31";"mmp25c1"
"25c1 Mediensystem Schweiz – Medien-BWL Grundlagen";"modk.mmp-MBWLG01.HS26_BS.001";"20251217T081500Z";"20251217T113000Z";"17.12.2025 09:15:00";"17.12.2025 12:30:00";"Marius Hagger ";"I 0.31";"mmp25c1"
"25cv Visualisieren I – Sketch&Draw 1";"modk.mmp-SKEDRA1.V02.HS26_BS.004";"20250929T071500Z";"20250929T103000Z";"29.09.2025 09:15:00";"29.09.2025 12:30:00";"Tanja Hess";"Z2.02";"mmp25cv"
"25cv Visualisieren I – Sketch&Draw 1";"modk.mmp-SKEDRA1.V02.HS26_BS.004";"20250929T113000Z";"20250929T144500Z";"29.09.2025 13:30:00";"29.09.2025 16:45:00";"Tanja Hess";"Z2.02";"mmp25cv"
"25cv Visualisieren I – Mediengestaltung 1";"modk.mmp-MEDGE1.V02.HS26_BS.004";"20251027T081500Z";"20251027T113000Z";"27.10.2025 09:15:00";"27.10.2025 12:30:00";"Tanja Hess";"Z2.02";"mmp25cv"
"25cv Visualisieren I – Mediengestaltung 1";"modk.mmp-MEDGE1.V02.HS26_BS.004";"20251027T123000Z";"20251027T154500Z";"27.10.2025 13:30:00";"27.10.2025 16:45:00";"Tanja Hess";"Z2.02";"mmp25cv"
"25cv Visualisieren I – Mediengestaltung 1";"modk.mmp-MEDGE1.V02.HS26_BS.004";"20251028T081500Z";"20251028T113000Z";"28.10.2025 09:15:00";"28.10.2025 12:30:00";"Tanja Hess";"Z2.02";"mmp25cv"
"25cv Visualisieren I – Mediengestaltung 1";"modk.mmp-MEDGE1.V02.HS26_BS.004";"20251028T123000Z";"20251028T154500Z";"28.10.2025 13:30:00";"28.10.2025 16:45:00";"Tanja Hess";"Z2.02";"mmp25cv"
"25cv Visualisieren I – Sketch&Draw 1";"modk.mmp-SKEDRA1.V02.HS26_BS.004";"20251110T081500Z";"20251110T113000Z";"10.11.2025 09:15:00";"10.11.2025 12:30:00";"Tanja Hess";"Z2.02";"mmp25cv"
"25cv Visualisieren I – Sketch&Draw 1";"modk.mmp-SKEDRA1.V02.HS26_BS.004";"20251110T123000Z";"20251110T154500Z";"10.11.2025 13:30:00";"10.11.2025 16:45:00";"Tanja Hess";"Z2.02";"mmp25cv"
"25cv Visualisieren I – Mediengestaltung 1";"modk.mmp-MEDGE1.V02.HS26_BS.004";"20251201T081500Z";"20251201T113000Z";"01.12.2025 09:15:00";"01.12.2025 12:30:00";"Tanja Hess";"Z2.02";"mmp25cv"
"25cv Visualisieren I – Mediengestaltung 1";"modk.mmp-MEDGE1.V02.HS26_BS.004";"20251201T123000Z";"20251201T154500Z";"01.12.2025 13:30:00";"01.12.2025 16:45:00";"Tanja Hess";"Z2.02";"mmp25cv"
"25cv Visualisieren I – Sketch&Draw 1";"modk.mmp-SKEDRA1.V02.HS26_BS.004";"20251202T081500Z";"20251202T113000Z";"02.12.2025 09:15:00";"02.12.2025 12:30:00";"Tanja Hess";"Z2.02";"mmp25cv"
"25cv Visualisieren I – Sketch&Draw 1";"modk.mmp-SKEDRA1.V02.HS26_BS.004";"20251202T123000Z";"20251202T154500Z";"02.12.2025 13:30:00";"02.12.2025 16:45:00";"Tanja Hess";"Z2.02";"mmp25cv"
"25c1 Audiovisuelles Erzählen I";"mod.mmp-AVE01.HS26_BS.001";"20250930T071500Z";"20250930T103000Z";"30.09.2025 09:15:00";"30.09.2025 12:30:00";"Merle Jothe/Andrin Egger";"I 0.30/I 0.31";"mmp25c1"
"25c1 Audiovisuelles Erzählen I";"mod.mmp-AVE01.HS26_BS.001";"20250930T113000Z";"20250930T144500Z";"30.09.2025 13:30:00";"30.09.2025 16:45:00";"Merle Jothe/Andrin Egger";"I 0.30/I 0.31";"mmp25c1"
"25c1 Audiovisuelles Erzählen I";"mod.mmp-AVE01.HS26_BS.001";"20251002T071500Z";"20251002T103000Z";"02.10.2025 09:15:00";"02.10.2025 12:30:00";"Merle Jothe/Andrin Egger";"I 0.30";"mmp25c1"
"25c1 Audiovisuelles Erzählen I";"mod.mmp-AVE01.HS26_BS.001";"20251007T071500Z";"20251007T103000Z";"07.10.2025 09:15:00";"07.10.2025 12:30:00";"Merle Jothe/Andrin Egger";"I 0.31";"mmp25c1"
"25c1 Audiovisuelles Erzählen I";"mod.mmp-AVE01.HS26_BS.001";"20251008T071500Z";"20251008T103000Z";"08.10.2025 09:15:00";"08.10.2025 12:30:00";"Merle Jothe/Andrin Egger";"I 0.30";"mmp25c1"
"25c1 Audiovisuelles Erzählen I";"mod.mmp-AVE01.HS26_BS.001";"20251008T113000Z";"20251008T144500Z";"08.10.2025 13:30:00";"08.10.2025 16:45:00";"Merle Jothe/Andrin Egger";"I 0.30";"mmp25c1"
"25c1 Audiovisuelles Erzählen I";"mod.mmp-AVE01.HS26_BS.001";"20251016T071500Z";"20251016T103000Z";"16.10.2025 09:15:00";"16.10.2025 12:30:00";"Merle Jothe/Andrin Egger";"I 0.30";"mmp25c1"
"25c1 Audiovisuelles Erzählen I";"mod.mmp-AVE01.HS26_BS.001";"20251016T113000Z";"20251016T144500Z";"16.10.2025 13:30:00";"16.10.2025 16:45:00";"Merle Jothe/Andrin Egger";"I 0.30";"mmp25c1"
"25c1 Audiovisuelles Erzählen I";"mod.mmp-AVE01.HS26_BS.001";"20251124T081500Z";"20251124T113000Z";"24.11.2025 09:15:00";"24.11.2025 12:30:00";"Merle Jothe/Andrin Egger";"Selbststudium";"mmp25c1"
"25c1 Audiovisuelles Erzählen I";"mod.mmp-AVE01.HS26_BS.001";"20251124T123000Z";"20251124T154500Z";"24.11.2025 13:30:00";"24.11.2025 16:45:00";"Merle Jothe/Andrin Egger";"Selbststudium";"mmp25c1"
"25b Audiovisuelles Erzählen I";"mod.mmp-AVE01.HS26_BS.003";"20250930T071500Z";"20250930T103000Z";"30.09.2025 09:15:00";"30.09.2025 12:30:00";"Merle Jothe/Andrin Egger";"140/010";"mmp25b"
"25b Audiovisuelles Erzählen I";"mod.mmp-AVE01.HS26_BS.003";"20250930T113000Z";"20250930T144500Z";"30.09.2025 13:30:00";"30.09.2025 16:45:00";"Merle Jothe/Andrin Egger";"140/010";"mmp25b"
"25b Audiovisuelles Erzählen I";"mod.mmp-AVE01.HS26_BS.003";"20251001T071500Z";"20251001T103000Z";"01.10.2025 09:15:00";"01.10.2025 12:30:00";"Merle Jothe/Andrin Egger";"010/130";"mmp25b"
"25b Audiovisuelles Erzählen I";"mod.mmp-AVE01.HS26_BS.003";"20251008T113000Z";"20251008T144500Z";"08.10.2025 13:30:00";"08.10.2025 16:45:00";"Merle Jothe/Andrin Egger";"010";"mmp25b"
"25b Audiovisuelles Erzählen I";"mod.mmp-AVE01.HS26_BS.003";"20251009T071500Z";"20251009T103000Z";"09.10.2025 09:15:00";"09.10.2025 12:30:00";"Merle Jothe/Andrin Egger";"010";"mmp25b"
"25b Audiovisuelles Erzählen I";"mod.mmp-AVE01.HS26_BS.003";"20251009T113000Z";"20251009T144500Z";"09.10.2025 13:30:00";"09.10.2025 16:45:00";"Merle Jothe/Andrin Egger";"010";"mmp25b"
"25b Audiovisuelles Erzählen I";"mod.mmp-AVE01.HS26_BS.003";"20251015T071500Z";"20251015T103000Z";"15.10.2025 09:15:00";"15.10.2025 12:30:00";"Merle Jothe/Andrin Egger";"010";"mmp25b"
"25b Audiovisuelles Erzählen I";"mod.mmp-AVE01.HS26_BS.003";"20251015T113000Z";"20251015T144500Z";"15.10.2025 13:30:00";"15.10.2025 16:45:00";"Merle Jothe/Andrin Egger";"010";"mmp25b"
"25b Audiovisuelles Erzählen I";"mod.mmp-AVE01.HS26_BS.003";"20251126T081500Z";"20251126T113000Z";"26.11.2025 09:15:00";"26.11.2025 12:30:00";"Merle Jothe/Andrin Egger";"Selbststudium";"mmp25b"
"25b Audiovisuelles Erzählen I";"mod.mmp-AVE01.HS26_BS.003";"20251126T123000Z";"20251126T154500Z";"26.11.2025 13:30:00";"26.11.2025 16:45:00";"Merle Jothe/Andrin Egger";"Selbststudium";"mmp25b"
"25c2 Audiovisuelles Erzählen I";"mod.mmp-AVE01.HS26_BS.002";"20251001T071500Z";"20251001T103000Z";"01.10.2025 09:15:00";"01.10.2025 12:30:00";"Merle Jothe/Andrin Egger";"I 0.30, I 0.04/05";"mmp25c2"
"25c2 Audiovisuelles Erzählen I";"mod.mmp-AVE01.HS26_BS.002";"20251001T113000Z";"20251001T144500Z";"01.10.2025 13:30:00";"01.10.2025 16:45:00";"Merle Jothe/Andrin Egger";"I 0.30, I 0.04/05";"mmp25c2"
"25c2 Audiovisuelles Erzählen I";"mod.mmp-AVE01.HS26_BS.002";"20251002T113000Z";"20251002T144500Z";"02.10.2025 13:30:00";"02.10.2025 16:45:00";"Merle Jothe/Andrin Egger";"I 0.30";"mmp25c2"
"25c2 Audiovisuelles Erzählen I";"mod.mmp-AVE01.HS26_BS.002";"20251007T113000Z";"20251007T144500Z";"07.10.2025 13:30:00";"07.10.2025 16:45:00";"Merle Jothe/Andrin Egger";"I 0.31";"mmp25c2"
"25c2 Audiovisuelles Erzählen I";"mod.mmp-AVE01.HS26_BS.002";"20251008T071500Z";"20251008T103000Z";"08.10.2025 09:15:00";"08.10.2025 12:30:00";"Merle Jothe/Andrin Egger";"I 0.31";"mmp25c2"
"25c2 Audiovisuelles Erzählen I";"mod.mmp-AVE01.HS26_BS.002";"20251008T113000Z";"20251008T144500Z";"08.10.2025 13:30:00";"08.10.2025 16:45:00";"Merle Jothe/Andrin Egger";"I 0.31";"mmp25c2"
"25c2 Audiovisuelles Erzählen I";"mod.mmp-AVE01.HS26_BS.002";"20251016T071500Z";"20251016T103000Z";"16.10.2025 09:15:00";"16.10.2025 12:30:00";"Merle Jothe/Andrin Egger";"I 0.31";"mmp25c2"
"25c2 Audiovisuelles Erzählen I";"mod.mmp-AVE01.HS26_BS.002";"20251016T113000Z";"20251016T144500Z";"16.10.2025 13:30:00";"16.10.2025 16:45:00";"Merle Jothe/Andrin Egger";"I 0.31";"mmp25c2"
"25c2 Audiovisuelles Erzählen I";"mod.mmp-AVE01.HS26_BS.002";"20251124T081500Z";"20251124T113000Z";"24.11.2025 09:15:00";"24.11.2025 12:30:00";"Merle Jothe/Andrin Egger";"Selbststudium";"mmp25c2"
"25c2 Audiovisuelles Erzählen I";"mod.mmp-AVE01.HS26_BS.002";"20251124T123000Z";"20251124T154500Z";"24.11.2025 13:30:00";"24.11.2025 16:45:00";"Merle Jothe/Andrin Egger";"Selbststudium";"mmp25c2"
"25b Mediensystem Schweiz – Medien-BWL Grundlagen";"modk.mmp-MBWLG01.HS26_BS.003";"20251002T071500Z";"20251002T103000Z";"02.10.2025 09:15:00";"02.10.2025 12:30:00";"Marius Hagger ";"140";"mmp25b"
"25b Mediensystem Schweiz – Medien-BWL Grundlagen";"modk.mmp-MBWLG01.HS26_BS.003";"20251029T081500Z";"20251029T113000Z";"29.10.2025 09:15:00";"29.10.2025 12:30:00";"Marius Hagger ";"010";"mmp25b"
"25b Mediensystem Schweiz – Medien-BWL Grundlagen";"modk.mmp-MBWLG01.HS26_BS.003";"20251113T081500Z";"20251113T113000Z";"13.11.2025 09:15:00";"13.11.2025 12:30:00";"Marius Hagger ";"010";"mmp25b"
"25b Mediensystem Schweiz – Medien-BWL Grundlagen";"modk.mmp-MBWLG01.HS26_BS.003";"20251125T123000Z";"20251125T154500Z";"25.11.2025 13:30:00";"25.11.2025 16:45:00";"Marius Hagger ";"010";"mmp25b"
"25b Mediensystem Schweiz – Medien-BWL Grundlagen";"modk.mmp-MBWLG01.HS26_BS.003";"20251127T123000Z";"20251127T154500Z";"27.11.2025 13:30:00";"27.11.2025 16:45:00";"Marius Hagger ";"Effingerstrasse ";"mmp25b"
"25b Mediensystem Schweiz – Medien-BWL Grundlagen";"modk.mmp-MBWLG01.HS26_BS.003";"20251203T123000Z";"20251203T154500Z";"03.12.2025 13:30:00";"03.12.2025 16:45:00";"Marius Hagger ";"010";"mmp25b"
"25b Mediensystem Schweiz – Medien-BWL Grundlagen";"modk.mmp-MBWLG01.HS26_BS.003";"20251208T081500Z";"20251208T113000Z";"08.12.2025 09:15:00";"08.12.2025 12:30:00";"Marius Hagger ";"140";"mmp25b"
"24c2 Schreiben und Sprechen III";"mod.mmp-SRSP03.HS26_BS.002";"20251002T071500Z";"20251002T103000Z";"02.10.2025 09:15:00";"02.10.2025 12:30:00";"Petra Hasler";"I 0.31/0.11";"mmp24c2"
"24c2 Schreiben und Sprechen III";"mod.mmp-SRSP03.HS26_BS.002";"20251002T113000Z";"20251002T144500Z";"02.10.2025 13:30:00";"02.10.2025 16:45:00";"Petra Hasler";"I 0.31/0.11";"mmp24c2"
"24c2 Schreiben und Sprechen III";"mod.mmp-SRSP03.HS26_BS.002";"20251007T113000Z";"20251007T144500Z";"07.10.2025 13:30:00";"07.10.2025 16:45:00";"Petra Hasler";"online";"mmp24c2"
"24c2 Schreiben und Sprechen III";"mod.mmp-SRSP03.HS26_BS.002";"20251027T081500Z";"20251027T113000Z";"27.10.2025 09:15:00";"27.10.2025 12:30:00";"Petra Hasler";"Selbststudium";"mmp24c2"
"24c2 Schreiben und Sprechen III";"mod.mmp-SRSP03.HS26_BS.002";"20251027T123000Z";"20251027T154500Z";"27.10.2025 13:30:00";"27.10.2025 16:45:00";"Petra Hasler";"online";"mmp24c2"
"24c2 Schreiben und Sprechen III";"mod.mmp-SRSP03.HS26_BS.002";"20251028T081500Z";"20251028T113000Z";"28.10.2025 09:15:00";"28.10.2025 12:30:00";"Petra Hasler";"I 0.30";"mmp24c2"
"24c2 Schreiben und Sprechen III";"mod.mmp-SRSP03.HS26_BS.002";"20251029T081500Z";"20251029T113000Z";"29.10.2025 09:15:00";"29.10.2025 12:30:00";"Petra Hasler";"I 0.31";"mmp24c2"
"24c2 Schreiben und Sprechen III";"mod.mmp-SRSP03.HS26_BS.002";"20251029T123000Z";"20251029T154500Z";"29.10.2025 13:30:00";"29.10.2025 16:45:00";"Petra Hasler";"I 0.31";"mmp24c2"
"24c2 Schreiben und Sprechen III";"mod.mmp-SRSP03.HS26_BS.002";"20251030T081500Z";"20251030T113000Z";"30.10.2025 09:15:00";"30.10.2025 12:30:00";"Petra Hasler";"I 0.04/05";"mmp24c2"
"24c2 Schreiben und Sprechen III";"mod.mmp-SRSP03.HS26_BS.002";"20251030T123000Z";"20251030T154500Z";"30.10.2025 13:30:00";"30.10.2025 16:45:00";"Petra Hasler";"I 0.04/05";"mmp24c2"
"24c2 Schreiben und Sprechen III";"mod.mmp-SRSP03.HS26_BS.002";"20251103T123000Z";"20251103T154500Z";"03.11.2025 13:30:00";"03.11.2025 16:45:00";"Petra Hasler";"I 0.30";"mmp24c2"
"24c2 Schreiben und Sprechen III";"mod.mmp-SRSP03.HS26_BS.002";"20251105T123000Z";"20251105T154500Z";"05.11.2025 13:30:00";"05.11.2025 16:45:00";"Petra Hasler";"I 0.30";"mmp24c2"
"24c2 Schreiben und Sprechen III";"mod.mmp-SRSP03.HS26_BS.002";"20251106T081500Z";"20251106T113000Z";"06.11.2025 09:15:00";"06.11.2025 12:30:00";"Petra Hasler";"tba";"mmp24c2"
"24c2 Schreiben und Sprechen III";"mod.mmp-SRSP03.HS26_BS.002";"20251106T123000Z";"20251106T154500Z";"06.11.2025 13:30:00";"06.11.2025 16:45:00";"Petra Hasler";"tba";"mmp24c2"
"24c2 Schreiben und Sprechen III";"mod.mmp-SRSP03.HS26_BS.002";"20251124T081500Z";"20251124T113000Z";"24.11.2025 09:15:00";"24.11.2025 12:30:00";"Petra Hasler";"I 0.30";"mmp24c2"
"24c2 Schreiben und Sprechen III";"mod.mmp-SRSP03.HS26_BS.002";"20251124T123000Z";"20251124T154500Z";"24.11.2025 13:30:00";"24.11.2025 16:45:00";"Petra Hasler";"I 0.30";"mmp24c2"
"24c2 Schreiben und Sprechen III";"mod.mmp-SRSP03.HS26_BS.002";"20251126T081500Z";"20251126T113000Z";"26.11.2025 09:15:00";"26.11.2025 12:30:00";"Petra Hasler";"I 0.11/ Radiostudio";"mmp24c2"
"24c2 Schreiben und Sprechen III";"mod.mmp-SRSP03.HS26_BS.002";"20251126T123000Z";"20251126T154500Z";"26.11.2025 13:30:00";"26.11.2025 16:45:00";"Petra Hasler";"I 0.11/ Radiostudio";"mmp24c2"
"25b Grundlagen der Forschung – Kommunikationswissenschaftliche Forschung und Methoden";"modk.mmp-KOMWIF01.02.HS26_BS.003";"20251002T113000Z";"20251002T144500Z";"02.10.2025 13:30:00";"02.10.2025 16:45:00";"Franziska Oehmer-Pedrazzi/Amina Ovcina Cajacob";"140";"mmp25b"
"25b Grundlagen der Forschung – Kommunikationswissenschaftliche Forschung und Methoden";"modk.mmp-KOMWIF01.02.HS26_BS.003";"20251023T071500Z";"20251023T103000Z";"23.10.2025 09:15:00";"23.10.2025 12:30:00";"Franziska Oehmer-Pedrazzi/Amina Ovcina Cajacob";"010";"mmp25b"
"25b Grundlagen der Forschung – Kommunikationswissenschaftliche Forschung und Methoden";"modk.mmp-KOMWIF01.02.HS26_BS.003";"20251113T123000Z";"20251113T154500Z";"13.11.2025 13:30:00";"13.11.2025 16:45:00";"Franziska Oehmer-Pedrazzi/Amina Ovcina Cajacob";"010";"mmp25b"
"25b Grundlagen der Forschung – Kommunikationswissenschaftliche Forschung und Methoden";"modk.mmp-KOMWIF01.02.HS26_BS.003";"20251127T081500Z";"20251127T113000Z";"27.11.2025 09:15:00";"27.11.2025 12:30:00";"Franziska Oehmer-Pedrazzi/Amina Ovcina Cajacob";"Effingerstrasse";"mmp25b"
"25b Grundlagen der Forschung – Kommunikationswissenschaftliche Forschung und Methoden";"modk.mmp-KOMWIF01.02.HS26_BS.003";"20251202T081500Z";"20251202T113000Z";"02.12.2025 09:15:00";"02.12.2025 12:30:00";"Franziska Oehmer-Pedrazzi/Amina Ovcina Cajacob";"140";"mmp25b"
"25b Grundlagen der Forschung – Kommunikationswissenschaftliche Forschung und Methoden";"modk.mmp-KOMWIF01.02.HS26_BS.003";"20251208T123000Z";"20251208T154500Z";"08.12.2025 13:30:00";"08.12.2025 16:45:00";"Franziska Oehmer-Pedrazzi/Amina Ovcina Cajacob";"140";"mmp25b"
"25cv Audiovisuelles Erzählen I";"mod.mmp-AVE01.HS26_BS.004";"20251006T071500Z";"20251006T103000Z";"06.10.2025 09:15:00";"06.10.2025 12:30:00";"Merle Jothe/Andrin Egger";"Z2.02";"mmp25cv"
"25cv Audiovisuelles Erzählen I";"mod.mmp-AVE01.HS26_BS.004";"20251006T113000Z";"20251006T144500Z";"06.10.2025 13:30:00";"06.10.2025 16:45:00";"Merle Jothe/Andrin Egger";"Z2.02";"mmp25cv"
"25cv Audiovisuelles Erzählen I";"mod.mmp-AVE01.HS26_BS.004";"20251007T071500Z";"20251007T103000Z";"07.10.2025 09:15:00";"07.10.2025 12:30:00";"Merle Jothe/Andrin Egger";"Z2.02/Z0.03";"mmp25cv"
"25cv Audiovisuelles Erzählen I";"mod.mmp-AVE01.HS26_BS.004";"20251007T113000Z";"20251007T144500Z";"07.10.2025 13:30:00";"07.10.2025 16:45:00";"Merle Jothe/Andrin Egger";"Z2.02/Z0.03";"mmp25cv"
"25cv Audiovisuelles Erzählen I";"mod.mmp-AVE01.HS26_BS.004";"20251014T071500Z";"20251014T103000Z";"14.10.2025 09:15:00";"14.10.2025 12:30:00";"Merle Jothe/Andrin Egger";"Z2.02";"mmp25cv"
"25cv Audiovisuelles Erzählen I";"mod.mmp-AVE01.HS26_BS.004";"20251014T113000Z";"20251014T144500Z";"14.10.2025 13:30:00";"14.10.2025 16:45:00";"Merle Jothe/Andrin Egger";"Z2.02/Z0.10/Z2.01";"mmp25cv"
"25cv Audiovisuelles Erzählen I";"mod.mmp-AVE01.HS26_BS.004";"20251020T113000Z";"20251020T144500Z";"20.10.2025 13:30:00";"20.10.2025 16:45:00";"Merle Jothe/Andrin Egger";"online";"mmp25cv"
"25cv Audiovisuelles Erzählen I";"mod.mmp-AVE01.HS26_BS.004";"20251111T081500Z";"20251111T113000Z";"11.11.2025 09:15:00";"11.11.2025 12:30:00";"Merle Jothe/Andrin Egger";"online";"mmp25cv"
"25cv Audiovisuelles Erzählen I";"mod.mmp-AVE01.HS26_BS.004";"20251111T123000Z";"20251111T154500Z";"11.11.2025 13:30:00";"11.11.2025 16:45:00";"Merle Jothe/Andrin Egger";"online ";"mmp25cv"
"25cv Audiovisuelles Erzählen I";"mod.mmp-AVE01.HS26_BS.004";"20251124T081500Z";"20251124T113000Z";"24.11.2025 09:15:00";"24.11.2025 12:30:00";"Merle Jothe/Andrin Egger";"online";"mmp25cv"
"25cv Audiovisuelles Erzählen I";"mod.mmp-AVE01.HS26_BS.004";"20251124T123000Z";"20251124T154500Z";"24.11.2025 13:30:00";"24.11.2025 16:45:00";"Merle Jothe/Andrin Egger";"online";"mmp25cv"
"25b Grundlagen der Forschung – Wissenschaftliches Arbeiten ";"modk.mmp-WISARB01.V01.HS26_BS.003";"20251007T113000Z";"20251007T144500Z";"07.10.2025 13:30:00";"07.10.2025 16:45:00";"Franziska Oehmer-Pedrazzi/Amina Ovcina Cajacob";"140";"mmp25b"
"25b Grundlagen der Forschung – Wissenschaftliches Arbeiten ";"modk.mmp-WISARB01.V01.HS26_BS.003";"20251029T123000Z";"20251029T154500Z";"29.10.2025 13:30:00";"29.10.2025 16:45:00";"Franziska Oehmer-Pedrazzi/Amina Ovcina Cajacob";"010";"mmp25b"
"25b Grundlagen der Forschung – Wissenschaftliches Arbeiten ";"modk.mmp-WISARB01.V01.HS26_BS.003";"20251105T081500Z";"20251105T113000Z";"05.11.2025 09:15:00";"05.11.2025 12:30:00";"Franziska Oehmer-Pedrazzi/Amina Ovcina Cajacob";"010";"mmp25b"
"25b Grundlagen der Forschung – Wissenschaftliches Arbeiten ";"modk.mmp-WISARB01.V01.HS26_BS.003";"20251111T123000Z";"20251111T154500Z";"11.11.2025 13:30:00";"11.11.2025 16:45:00";"Franziska Oehmer-Pedrazzi/Amina Ovcina Cajacob";"010";"mmp25b"
"25b Grundlagen der Forschung – Wissenschaftliches Arbeiten ";"modk.mmp-WISARB01.V01.HS26_BS.003";"20251125T081500Z";"20251125T113000Z";"25.11.2025 09:15:00";"25.11.2025 12:30:00";"Franziska Oehmer-Pedrazzi/Amina Ovcina Cajacob";"010";"mmp25b"
"25b Grundlagen der Forschung – Wissenschaftliches Arbeiten ";"modk.mmp-WISARB01.V01.HS26_BS.003";"20251202T123000Z";"20251202T154500Z";"02.12.2025 13:30:00";"02.12.2025 16:45:00";"Franziska Oehmer-Pedrazzi/Amina Ovcina Cajacob";"140";"mmp25b"
"24c1 Schreiben und Sprechen III";"mod.mmp-SRSP03.HS26_BS.001";"20251007T113000Z";"20251007T144500Z";"07.10.2025 13:30:00";"07.10.2025 16:45:00";"Petra Hasler";"online";"mmp24c1"
"24c1 Schreiben und Sprechen III";"mod.mmp-SRSP03.HS26_BS.001";"20251027T081500Z";"20251027T113000Z";"27.10.2025 09:15:00";"27.10.2025 12:30:00";"Petra Hasler";"Selbststudium";"mmp24c1"
"24c1 Schreiben und Sprechen III";"mod.mmp-SRSP03.HS26_BS.001";"20251027T123000Z";"20251027T154500Z";"27.10.2025 13:30:00";"27.10.2025 16:45:00";"Petra Hasler";"online";"mmp24c1"
"24c1 Schreiben und Sprechen III";"mod.mmp-SRSP03.HS26_BS.001";"20251028T123000Z";"20251028T154500Z";"28.10.2025 13:30:00";"28.10.2025 16:45:00";"Petra Hasler";"I 0.30";"mmp24c1"
"24c1 Schreiben und Sprechen III";"mod.mmp-SRSP03.HS26_BS.001";"20251029T081500Z";"20251029T113000Z";"29.10.2025 09:15:00";"29.10.2025 12:30:00";"Petra Hasler";"I 0.30";"mmp24c1"
"24c1 Schreiben und Sprechen III";"mod.mmp-SRSP03.HS26_BS.001";"20251029T123000Z";"20251029T154500Z";"29.10.2025 13:30:00";"29.10.2025 16:45:00";"Petra Hasler";"I 0.30";"mmp24c1"
"24c1 Schreiben und Sprechen III";"mod.mmp-SRSP03.HS26_BS.001";"20251030T081500Z";"20251030T113000Z";"30.10.2025 09:15:00";"30.10.2025 12:30:00";"Petra Hasler";"I 0.02/03";"mmp24c1"
"24c1 Schreiben und Sprechen III";"mod.mmp-SRSP03.HS26_BS.001";"20251030T123000Z";"20251030T154500Z";"30.10.2025 13:30:00";"30.10.2025 16:45:00";"Petra Hasler";"I 0.02/03";"mmp24c1"
"24c1 Schreiben und Sprechen III";"mod.mmp-SRSP03.HS26_BS.001";"20251103T081500Z";"20251103T113000Z";"03.11.2025 09:15:00";"03.11.2025 12:30:00";"Petra Hasler";"I 0.30";"mmp24c1"
"24c1 Schreiben und Sprechen III";"mod.mmp-SRSP03.HS26_BS.001";"20251105T081500Z";"20251105T113000Z";"05.11.2025 09:15:00";"05.11.2025 12:30:00";"Petra Hasler";"I 0.30";"mmp24c1"
"24c1 Schreiben und Sprechen III";"mod.mmp-SRSP03.HS26_BS.001";"20251106T081500Z";"20251106T113000Z";"06.11.2025 09:15:00";"06.11.2025 12:30:00";"Petra Hasler";"I 0.30/0.11";"mmp24c1"
"24c1 Schreiben und Sprechen III";"mod.mmp-SRSP03.HS26_BS.001";"20251106T123000Z";"20251106T154500Z";"06.11.2025 13:30:00";"06.11.2025 16:45:00";"Petra Hasler";"I 0.30/0.11";"mmp24c1"
"24c1 Schreiben und Sprechen III";"mod.mmp-SRSP03.HS26_BS.001";"20251124T081500Z";"20251124T113000Z";"24.11.2025 09:15:00";"24.11.2025 12:30:00";"Petra Hasler";"I 0.31";"mmp24c1"
"24c1 Schreiben und Sprechen III";"mod.mmp-SRSP03.HS26_BS.001";"20251124T123000Z";"20251124T154500Z";"24.11.2025 13:30:00";"24.11.2025 16:45:00";"Petra Hasler";"I 0.31";"mmp24c1"
"24c1 Schreiben und Sprechen III";"mod.mmp-SRSP03.HS26_BS.001";"20251125T081500Z";"20251125T113000Z";"25.11.2025 09:15:00";"25.11.2025 12:30:00";"Petra Hasler";"I 0.11/ Radiostudio";"mmp24c1"
"24c1 Schreiben und Sprechen III";"mod.mmp-SRSP03.HS26_BS.001";"20251125T123000Z";"20251125T154500Z";"25.11.2025 13:30:00";"25.11.2025 16:45:00";"Petra Hasler";"I 0.11/ Radiostudio";"mmp24c1"
"24cv Schreiben und Sprechen III";"mod.mmp-SRSP03.HS26_BS.004";"20251007T113000Z";"20251007T144500Z";"07.10.2025 13:30:00";"07.10.2025 16:45:00";"Petra Hasler";"online";"mmp24cv"
"24cv Schreiben und Sprechen III";"mod.mmp-SRSP03.HS26_BS.004";"20251027T081500Z";"20251027T113000Z";"27.10.2025 09:15:00";"27.10.2025 12:30:00";"Petra Hasler";"Z0.03";"mmp24cv"
"24cv Schreiben und Sprechen III";"mod.mmp-SRSP03.HS26_BS.004";"20251027T123000Z";"20251027T154500Z";"27.10.2025 13:30:00";"27.10.2025 16:45:00";"Petra Hasler";"Z0.03";"mmp24cv"
"24cv Schreiben und Sprechen III";"mod.mmp-SRSP03.HS26_BS.004";"20251028T081500Z";"20251028T113000Z";"28.10.2025 09:15:00";"28.10.2025 12:30:00";"Petra Hasler";"Z0.03";"mmp24cv"
"24cv Schreiben und Sprechen III";"mod.mmp-SRSP03.HS26_BS.004";"20251028T123000Z";"20251028T154500Z";"28.10.2025 13:30:00";"28.10.2025 16:45:00";"Petra Hasler";"Z0.03";"mmp24cv"
"24cv Schreiben und Sprechen III";"mod.mmp-SRSP03.HS26_BS.004";"20251104T081500Z";"20251104T113000Z";"04.11.2025 09:15:00";"04.11.2025 12:30:00";"Petra Hasler";"Z0.03";"mmp24cv"
"24cv Schreiben und Sprechen III";"mod.mmp-SRSP03.HS26_BS.004";"20251104T123000Z";"20251104T154500Z";"04.11.2025 13:30:00";"04.11.2025 16:45:00";"Petra Hasler";"Z0.03";"mmp24cv"
"24cv Schreiben und Sprechen III";"mod.mmp-SRSP03.HS26_BS.004";"20251125T081500Z";"20251125T113000Z";"25.11.2025 09:15:00";"25.11.2025 12:30:00";"Petra Hasler";"Z0.03";"mmp24cv"
"24cv Schreiben und Sprechen III";"mod.mmp-SRSP03.HS26_BS.004";"20251125T123000Z";"20251125T154500Z";"25.11.2025 13:30:00";"25.11.2025 16:45:00";"Petra Hasler";"Z0.03";"mmp24cv"
"24cv Schreiben und Sprechen III";"mod.mmp-SRSP03.HS26_BS.004";"20251216T123000Z";"20251216T154500Z";"16.12.2025 13:30:00";"16.12.2025 16:45:00";"Petra Hasler";"Z0.03";"mmp24cv"
"25c1 Visualisieren I – Mediengestaltung 1";"modk.mmp-MEDGE1.V02.HS26_BS.001";"20251013T071500Z";"20251013T103000Z";"13.10.2025 09:15:00";"13.10.2025 12:30:00";"Tanja Hess";"I 0.02/03";"mmp25c1"
"25c1 Visualisieren I – Mediengestaltung 1";"modk.mmp-MEDGE1.V02.HS26_BS.001";"20251013T113000Z";"20251013T144500Z";"13.10.2025 13:30:00";"13.10.2025 16:45:00";"Tanja Hess";"I 0.02/03";"mmp25c1"
"25c1 Visualisieren I – Mediengestaltung 1";"modk.mmp-MEDGE1.V02.HS26_BS.001";"20251014T071500Z";"20251014T103000Z";"14.10.2025 09:15:00";"14.10.2025 12:30:00";"Tanja Hess";"I 0.02/03";"mmp25c1"
"25c1 Visualisieren I – Mediengestaltung 1";"modk.mmp-MEDGE1.V02.HS26_BS.001";"20251014T113000Z";"20251014T144500Z";"14.10.2025 13:30:00";"14.10.2025 16:45:00";"Tanja Hess";"I 0.02/03";"mmp25c1"
"25c1 Visualisieren I – Mediengestaltung 1";"modk.mmp-MEDGE1.V02.HS26_BS.001";"20251015T071500Z";"20251015T103000Z";"15.10.2025 09:15:00";"15.10.2025 12:30:00";"Tanja Hess";"I 0.02/03";"mmp25c1"
"25c1 Visualisieren I – Mediengestaltung 1";"modk.mmp-MEDGE1.V02.HS26_BS.001";"20251015T113000Z";"20251015T144500Z";"15.10.2025 13:30:00";"15.10.2025 16:45:00";"Tanja Hess";"I 0.02/03";"mmp25c1"
"25c1 Visualisieren I – Sketch&Draw 1";"modk.mmp-SKEDRA1.V02.HS26_BS.001";"20251027T081500Z";"20251027T113000Z";"27.10.2025 09:15:00";"27.10.2025 12:30:00";"Tanja Hess";"I 0.02/03";"mmp25c1"
"25c1 Visualisieren I – Sketch&Draw 1";"modk.mmp-SKEDRA1.V02.HS26_BS.001";"20251027T123000Z";"20251027T154500Z";"27.10.2025 13:30:00";"27.10.2025 16:45:00";"Tanja Hess";"I 0.02/03";"mmp25c1"
"25c1 Visualisieren I – Sketch&Draw 1";"modk.mmp-SKEDRA1.V02.HS26_BS.001";"20251028T081500Z";"20251028T113000Z";"28.10.2025 09:15:00";"28.10.2025 12:30:00";"Tanja Hess";"I 0.02/03";"mmp25c1"
"25c1 Visualisieren I – Sketch&Draw 1";"modk.mmp-SKEDRA1.V02.HS26_BS.001";"20251028T123000Z";"20251028T154500Z";"28.10.2025 13:30:00";"28.10.2025 16:45:00";"Tanja Hess";"I 0.02/03";"mmp25c1"
"25c1 Visualisieren I – Sketch&Draw 1";"modk.mmp-SKEDRA1.V02.HS26_BS.001";"20251029T081500Z";"20251029T113000Z";"29.10.2025 09:15:00";"29.10.2025 12:30:00";"Tanja Hess";"I 0.02/03";"mmp25c1"
"25c1 Visualisieren I – Sketch&Draw 1";"modk.mmp-SKEDRA1.V02.HS26_BS.001";"20251029T123000Z";"20251029T154500Z";"29.10.2025 13:30:00";"29.10.2025 16:45:00";"Tanja Hess";"I 0.02/03";"mmp25c1"
"25c2 Visualisieren I – Mediengestaltung 1";"modk.mmp-MEDGE1.V02.HS26_BS.002";"20251013T071500Z";"20251013T103000Z";"13.10.2025 09:15:00";"13.10.2025 12:30:00";"Tanja Hess";"I 0.02/03";"mmp25c2"
"25c2 Visualisieren I – Mediengestaltung 1";"modk.mmp-MEDGE1.V02.HS26_BS.002";"20251013T113000Z";"20251013T144500Z";"13.10.2025 13:30:00";"13.10.2025 16:45:00";"Tanja Hess";"I 0.02/03";"mmp25c2"
"25c2 Visualisieren I – Mediengestaltung 1";"modk.mmp-MEDGE1.V02.HS26_BS.002";"20251014T071500Z";"20251014T103000Z";"14.10.2025 09:15:00";"14.10.2025 12:30:00";"Tanja Hess";"I 0.02/03";"mmp25c2"
"25c2 Visualisieren I – Mediengestaltung 1";"modk.mmp-MEDGE1.V02.HS26_BS.002";"20251014T113000Z";"20251014T144500Z";"14.10.2025 13:30:00";"14.10.2025 16:45:00";"Tanja Hess";"I 0.02/03";"mmp25c2"
"25c2 Visualisieren I – Mediengestaltung 1";"modk.mmp-MEDGE1.V02.HS26_BS.002";"20251015T071500Z";"20251015T103000Z";"15.10.2025 09:15:00";"15.10.2025 12:30:00";"Tanja Hess";"I 0.02/03";"mmp25c2"
"25c2 Visualisieren I – Mediengestaltung 1";"modk.mmp-MEDGE1.V02.HS26_BS.002";"20251015T113000Z";"20251015T144500Z";"15.10.2025 13:30:00";"15.10.2025 16:45:00";"Tanja Hess";"I 0.02/03";"mmp25c2"
"25c2 Visualisieren I – Sketch&Draw 1";"modk.mmp-SKEDRA1.V02.HS26_BS.002";"20251027T081500Z";"20251027T113000Z";"27.10.2025 09:15:00";"27.10.2025 12:30:00";"Tanja Hess";"I 0.02/03";"mmp25c2"
"25c2 Visualisieren I – Sketch&Draw 1";"modk.mmp-SKEDRA1.V02.HS26_BS.002";"20251027T123000Z";"20251027T154500Z";"27.10.2025 13:30:00";"27.10.2025 16:45:00";"Tanja Hess";"I 0.02/03";"mmp25c2"
"25c2 Visualisieren I – Sketch&Draw 1";"modk.mmp-SKEDRA1.V02.HS26_BS.002";"20251028T081500Z";"20251028T113000Z";"28.10.2025 09:15:00";"28.10.2025 12:30:00";"Tanja Hess";"I 0.02/03";"mmp25c2"
"25c2 Visualisieren I – Sketch&Draw 1";"modk.mmp-SKEDRA1.V02.HS26_BS.002";"20251028T123000Z";"20251028T154500Z";"28.10.2025 13:30:00";"28.10.2025 16:45:00";"Tanja Hess";"I 0.02/03";"mmp25c2"
"25c2 Visualisieren I – Sketch&Draw 1";"modk.mmp-SKEDRA1.V02.HS26_BS.002";"20251029T081500Z";"20251029T113000Z";"29.10.2025 09:15:00";"29.10.2025 12:30:00";"Tanja Hess";"I 0.02/03";"mmp25c2"
"25c2 Visualisieren I – Sketch&Draw 1";"modk.mmp-SKEDRA1.V02.HS26_BS.002";"20251029T123000Z";"20251029T154500Z";"29.10.2025 13:30:00";"29.10.2025 16:45:00";"Tanja Hess";"I 0.02/03";"mmp25c2"
"25b Visualisieren I – Sketch&Draw 1";"modk.mmp-SKEDRA1.V02.HS26_BS.003";"20251013T071500Z";"20251013T103000Z";"13.10.2025 09:15:00";"13.10.2025 12:30:00";"Tanja Hess";"140";"mmp25b"
"25b Visualisieren I – Sketch&Draw 1";"modk.mmp-SKEDRA1.V02.HS26_BS.003";"20251013T113000Z";"20251013T144500Z";"13.10.2025 13:30:00";"13.10.2025 16:45:00";"Tanja Hess";"140";"mmp25b"
"25b Visualisieren I – Sketch&Draw 1";"modk.mmp-SKEDRA1.V02.HS26_BS.003";"20251014T071500Z";"20251014T103000Z";"14.10.2025 09:15:00";"14.10.2025 12:30:00";"Tanja Hess";"010";"mmp25b"
"25b Visualisieren I – Sketch&Draw 1";"modk.mmp-SKEDRA1.V02.HS26_BS.003";"20251014T113000Z";"20251014T144500Z";"14.10.2025 13:30:00";"14.10.2025 16:45:00";"Tanja Hess";"010";"mmp25b"
"25b Visualisieren I – Sketch&Draw 1";"modk.mmp-SKEDRA1.V02.HS26_BS.003";"20251016T071500Z";"20251016T103000Z";"16.10.2025 09:15:00";"16.10.2025 12:30:00";"Tanja Hess";"010";"mmp25b"
"25b Visualisieren I – Sketch&Draw 1";"modk.mmp-SKEDRA1.V02.HS26_BS.003";"20251016T113000Z";"20251016T144500Z";"16.10.2025 13:30:00";"16.10.2025 16:45:00";"Tanja Hess";"010";"mmp25b"
"25b Visualisieren I – Mediengestaltung 1";"modk.mmp-MEDGE1.V02.HS26_BS.003";"20251027T081500Z";"20251027T113000Z";"27.10.2025 09:15:00";"27.10.2025 12:30:00";"Tanja Hess";"140";"mmp25b"
"25b Visualisieren I – Mediengestaltung 1";"modk.mmp-MEDGE1.V02.HS26_BS.003";"20251027T123000Z";"20251027T154500Z";"27.10.2025 13:30:00";"27.10.2025 16:45:00";"Tanja Hess";"140";"mmp25b"
"25b Visualisieren I – Mediengestaltung 1";"modk.mmp-MEDGE1.V02.HS26_BS.003";"20251028T081500Z";"20251028T113000Z";"28.10.2025 09:15:00";"28.10.2025 12:30:00";"Tanja Hess";"140";"mmp25b"
"25b Visualisieren I – Mediengestaltung 1";"modk.mmp-MEDGE1.V02.HS26_BS.003";"20251028T123000Z";"20251028T154500Z";"28.10.2025 13:30:00";"28.10.2025 16:45:00";"Tanja Hess";"140";"mmp25b"
"25b Visualisieren I – Mediengestaltung 1";"modk.mmp-MEDGE1.V02.HS26_BS.003";"20251030T081500Z";"20251030T113000Z";"30.10.2025 09:15:00";"30.10.2025 12:30:00";"Tanja Hess";"Atelier";"mmp25b"
"25b Visualisieren I – Mediengestaltung 1";"modk.mmp-MEDGE1.V02.HS26_BS.003";"20251030T123000Z";"20251030T154500Z";"30.10.2025 13:30:00";"30.10.2025 16:45:00";"Tanja Hess";"Atelier";"mmp25b"
"23c2 Interaktive Medien V";"mod.mmp-IMV.HS26_BS.002";"20251020T071500Z";"20251020T103000Z";"20.10.2025 09:15:00";"20.10.2025 12:30:00";"Wolfgang Bock";"tba";"mmp23c2"
"23c2 Interaktive Medien V";"mod.mmp-IMV.HS26_BS.002";"20251020T113000Z";"20251020T144500Z";"20.10.2025 13:30:00";"20.10.2025 16:45:00";"Wolfgang Bock";"tba";"mmp23c2"
"23c2 Interaktive Medien V";"mod.mmp-IMV.HS26_BS.002";"20251021T071500Z";"20251021T103000Z";"21.10.2025 09:15:00";"21.10.2025 12:30:00";"Wolfgang Bock";"tba";"mmp23c2"
"23c2 Interaktive Medien V";"mod.mmp-IMV.HS26_BS.002";"20251021T113000Z";"20251021T144500Z";"21.10.2025 13:30:00";"21.10.2025 16:45:00";"Wolfgang Bock";"tba";"mmp23c2"
"23c2 Interaktive Medien V";"mod.mmp-IMV.HS26_BS.002";"20251022T071500Z";"20251022T103000Z";"22.10.2025 09:15:00";"22.10.2025 12:30:00";"Wolfgang Bock";"tba";"mmp23c2"
"23c2 Interaktive Medien V";"mod.mmp-IMV.HS26_BS.002";"20251022T113000Z";"20251022T144500Z";"22.10.2025 13:30:00";"22.10.2025 16:45:00";"Wolfgang Bock";"tba";"mmp23c2"
"23c2 Interaktive Medien V";"mod.mmp-IMV.HS26_BS.002";"20251023T071500Z";"20251023T103000Z";"23.10.2025 09:15:00";"23.10.2025 12:30:00";"Wolfgang Bock";"tba";"mmp23c2"
"23c2 Interaktive Medien V";"mod.mmp-IMV.HS26_BS.002";"20251023T113000Z";"20251023T144500Z";"23.10.2025 13:30:00";"23.10.2025 16:45:00";"Wolfgang Bock";"tba";"mmp23c2"
"23c2 Interaktive Medien V";"mod.mmp-IMV.HS26_BS.002";"20251110T081500Z";"20251110T113000Z";"10.11.2025 09:15:00";"10.11.2025 12:30:00";"Wolfgang Bock";"tba";"mmp23c2"
"23c2 Interaktive Medien V";"mod.mmp-IMV.HS26_BS.002";"20251110T123000Z";"20251110T154500Z";"10.11.2025 13:30:00";"10.11.2025 16:45:00";"Wolfgang Bock";"tba";"mmp23c2"
"23c2 Interaktive Medien V";"mod.mmp-IMV.HS26_BS.002";"20251111T081500Z";"20251111T113000Z";"11.11.2025 09:15:00";"11.11.2025 12:30:00";"Wolfgang Bock";"tba";"mmp23c2"
"23c2 Interaktive Medien V";"mod.mmp-IMV.HS26_BS.002";"20251111T123000Z";"20251111T154500Z";"11.11.2025 13:30:00";"11.11.2025 16:45:00";"Wolfgang Bock";"tba";"mmp23c2"
"23c2 Interaktive Medien V";"mod.mmp-IMV.HS26_BS.002";"20251112T081500Z";"20251112T113000Z";"12.11.2025 09:15:00";"12.11.2025 12:30:00";"Wolfgang Bock";"tba";"mmp23c2"
"23c2 Interaktive Medien V";"mod.mmp-IMV.HS26_BS.002";"20251112T123000Z";"20251112T154500Z";"12.11.2025 13:30:00";"12.11.2025 16:45:00";"Wolfgang Bock";"tba";"mmp23c2"
"23c2 Interaktive Medien V";"mod.mmp-IMV.HS26_BS.002";"20251127T081500Z";"20251127T113000Z";"27.11.2025 09:15:00";"27.11.2025 12:30:00";"Wolfgang Bock";"tba";"mmp23c2"
"23c2 Interaktive Medien V";"mod.mmp-IMV.HS26_BS.002";"20251127T123000Z";"20251127T154500Z";"27.11.2025 13:30:00";"27.11.2025 16:45:00";"Wolfgang Bock";"tba";"mmp23c2"
"23b Interaktive Medien V";"mod.mmp-IMV.HS26_BS.003";"20251020T071500Z";"20251020T103000Z";"20.10.2025 09:15:00";"20.10.2025 12:30:00";"Wolfgang Bock";"Atelier";"mmp23b"
"23b Interaktive Medien V";"mod.mmp-IMV.HS26_BS.003";"20251020T113000Z";"20251020T144500Z";"20.10.2025 13:30:00";"20.10.2025 16:45:00";"Wolfgang Bock";"Atelier";"mmp23b"
"23b Interaktive Medien V";"mod.mmp-IMV.HS26_BS.003";"20251021T071500Z";"20251021T103000Z";"21.10.2025 09:15:00";"21.10.2025 12:30:00";"Wolfgang Bock";"Atelier";"mmp23b"
"23b Interaktive Medien V";"mod.mmp-IMV.HS26_BS.003";"20251021T113000Z";"20251021T144500Z";"21.10.2025 13:30:00";"21.10.2025 16:45:00";"Wolfgang Bock";"Atelier";"mmp23b"
"23b Interaktive Medien V";"mod.mmp-IMV.HS26_BS.003";"20251022T071500Z";"20251022T103000Z";"22.10.2025 09:15:00";"22.10.2025 12:30:00";"Wolfgang Bock";"Atelier";"mmp23b"
"23b Interaktive Medien V";"mod.mmp-IMV.HS26_BS.003";"20251022T113000Z";"20251022T144500Z";"22.10.2025 13:30:00";"22.10.2025 16:45:00";"Wolfgang Bock";"Atelier";"mmp23b"
"23b Interaktive Medien V";"mod.mmp-IMV.HS26_BS.003";"20251023T071500Z";"20251023T103000Z";"23.10.2025 09:15:00";"23.10.2025 12:30:00";"Wolfgang Bock";"Atelier";"mmp23b"
"23b Interaktive Medien V";"mod.mmp-IMV.HS26_BS.003";"20251023T113000Z";"20251023T144500Z";"23.10.2025 13:30:00";"23.10.2025 16:45:00";"Wolfgang Bock";"Atelier";"mmp23b"
"23b Interaktive Medien V";"mod.mmp-IMV.HS26_BS.003";"20251110T081500Z";"20251110T113000Z";"10.11.2025 09:15:00";"10.11.2025 12:30:00";"Wolfgang Bock";"Atelier";"mmp23b"
"23b Interaktive Medien V";"mod.mmp-IMV.HS26_BS.003";"20251110T123000Z";"20251110T154500Z";"10.11.2025 13:30:00";"10.11.2025 16:45:00";"Wolfgang Bock";"Atelier";"mmp23b"
"23b Interaktive Medien V";"mod.mmp-IMV.HS26_BS.003";"20251111T081500Z";"20251111T113000Z";"11.11.2025 09:15:00";"11.11.2025 12:30:00";"Wolfgang Bock";"Atelier";"mmp23b"
"23b Interaktive Medien V";"mod.mmp-IMV.HS26_BS.003";"20251111T123000Z";"20251111T154500Z";"11.11.2025 13:30:00";"11.11.2025 16:45:00";"Wolfgang Bock";"Atelier";"mmp23b"
"23b Interaktive Medien V";"mod.mmp-IMV.HS26_BS.003";"20251113T081500Z";"20251113T113000Z";"13.11.2025 09:15:00";"13.11.2025 12:30:00";"Wolfgang Bock";"Atelier";"mmp23b"
"23b Interaktive Medien V";"mod.mmp-IMV.HS26_BS.003";"20251113T123000Z";"20251113T154500Z";"13.11.2025 13:30:00";"13.11.2025 16:45:00";"Wolfgang Bock";"Atelier";"mmp23b"
"23b Interaktive Medien V";"mod.mmp-IMV.HS26_BS.003";"20251127T081500Z";"20251127T113000Z";"27.11.2025 09:15:00";"27.11.2025 12:30:00";"Wolfgang Bock";"online";"mmp23b"
"23b Interaktive Medien V";"mod.mmp-IMV.HS26_BS.003";"20251127T123000Z";"20251127T154500Z";"27.11.2025 13:30:00";"27.11.2025 16:45:00";"Wolfgang Bock";"online";"mmp23b"
"25c1 Grundlagen der Forschung – Kommunikationswissenschaftliche Forschung und Methoden";"modk.mmp-KOMWIF01.02.HS26_BS.001";"20251023T071500Z";"20251023T103000Z";"23.10.2025 09:15:00";"23.10.2025 12:30:00";"Franziska Oehmer-Pedrazzi/Amina Ovcina Cajacob";"I 0.30";"mmp25c1"
"25c1 Grundlagen der Forschung – Kommunikationswissenschaftliche Forschung und Methoden";"modk.mmp-KOMWIF01.02.HS26_BS.001";"20251030T081500Z";"20251030T113000Z";"30.10.2025 09:15:00";"30.10.2025 12:30:00";"Franziska Oehmer-Pedrazzi/Amina Ovcina Cajacob";"I 0.30";"mmp25c1"
"25c1 Grundlagen der Forschung – Kommunikationswissenschaftliche Forschung und Methoden";"modk.mmp-KOMWIF01.02.HS26_BS.001";"20251112T123000Z";"20251112T154500Z";"12.11.2025 13:30:00";"12.11.2025 16:45:00";"Franziska Oehmer-Pedrazzi/Amina Ovcina Cajacob";"I 0.30";"mmp25c1"
"25c1 Grundlagen der Forschung – Kommunikationswissenschaftliche Forschung und Methoden";"modk.mmp-KOMWIF01.02.HS26_BS.001";"20251120T123000Z";"20251120T154500Z";"20.11.2025 13:30:00";"20.11.2025 16:45:00";"Franziska Oehmer-Pedrazzi/Amina Ovcina Cajacob";"F2.08";"mmp25c1"
"25c1 Grundlagen der Forschung – Kommunikationswissenschaftliche Forschung und Methoden";"modk.mmp-KOMWIF01.02.HS26_BS.001";"20251216T081500Z";"20251216T113000Z";"16.12.2025 09:15:00";"16.12.2025 12:30:00";"Franziska Oehmer-Pedrazzi/Amina Ovcina Cajacob";"I 0.30";"mmp25c1"
"25c1 Grundlagen der Forschung – Kommunikationswissenschaftliche Forschung und Methoden";"modk.mmp-KOMWIF01.02.HS26_BS.001";"20251218T081500Z";"20251218T113000Z";"18.12.2025 09:15:00";"18.12.2025 12:30:00";"Franziska Oehmer-Pedrazzi/Amina Ovcina Cajacob";"I 0.30";"mmp25c1"
"25c2 Grundlagen der Forschung – Kommunikationswissenschaftliche Forschung und Methoden";"modk.mmp-KOMWIF01.02.HS26_BS.002";"20251023T113000Z";"20251023T144500Z";"23.10.2025 13:30:00";"23.10.2025 16:45:00";"Franziska Oehmer-Pedrazzi/Amina Ovcina Cajacob";"I 0.30";"mmp25c2"
"25c2 Grundlagen der Forschung – Kommunikationswissenschaftliche Forschung und Methoden";"modk.mmp-KOMWIF01.02.HS26_BS.002";"20251030T123000Z";"20251030T154500Z";"30.10.2025 13:30:00";"30.10.2025 16:45:00";"Franziska Oehmer-Pedrazzi/Amina Ovcina Cajacob";"I 0.30";"mmp25c2"
"25c2 Grundlagen der Forschung – Kommunikationswissenschaftliche Forschung und Methoden";"modk.mmp-KOMWIF01.02.HS26_BS.002";"20251112T081500Z";"20251112T113000Z";"12.11.2025 09:15:00";"12.11.2025 12:30:00";"Franziska Oehmer-Pedrazzi/Amina Ovcina Cajacob";"I 0.30";"mmp25c2"
"25c2 Grundlagen der Forschung – Kommunikationswissenschaftliche Forschung und Methoden";"modk.mmp-KOMWIF01.02.HS26_BS.002";"20251120T081500Z";"20251120T113000Z";"20.11.2025 09:15:00";"20.11.2025 12:30:00";"Franziska Oehmer-Pedrazzi/Amina Ovcina Cajacob";"F2.07";"mmp25c2"
"25c2 Grundlagen der Forschung – Kommunikationswissenschaftliche Forschung und Methoden";"modk.mmp-KOMWIF01.02.HS26_BS.002";"20251216T123000Z";"20251216T154500Z";"16.12.2025 13:30:00";"16.12.2025 16:45:00";"Franziska Oehmer-Pedrazzi/Amina Ovcina Cajacob";"I 0.30";"mmp25c2"
"25c2 Grundlagen der Forschung – Kommunikationswissenschaftliche Forschung und Methoden";"modk.mmp-KOMWIF01.02.HS26_BS.002";"20251218T123000Z";"20251218T154500Z";"18.12.2025 13:30:00";"18.12.2025 16:45:00";"Franziska Oehmer-Pedrazzi/Amina Ovcina Cajacob";"I 0.30";"mmp25c2"
"25c1 Interaktive Medien I";"mod.mmp-IM1.HS26_BS.001";"20251103T081500Z";"20251103T113000Z";"03.11.2025 09:15:00";"03.11.2025 12:30:00";"Wolfgang Bock";"I 0.02/03";"mmp25c1"
"25c1 Interaktive Medien I";"mod.mmp-IM1.HS26_BS.001";"20251103T123000Z";"20251103T154500Z";"03.11.2025 13:30:00";"03.11.2025 16:45:00";"Wolfgang Bock";"I 0.02/03";"mmp25c1"
"25c1 Interaktive Medien I";"mod.mmp-IM1.HS26_BS.001";"20251104T081500Z";"20251104T113000Z";"04.11.2025 09:15:00";"04.11.2025 12:30:00";"Wolfgang Bock";"I 0.02/03";"mmp25c1"
"25c1 Interaktive Medien I";"mod.mmp-IM1.HS26_BS.001";"20251104T123000Z";"20251104T154500Z";"04.11.2025 13:30:00";"04.11.2025 16:45:00";"Wolfgang Bock";"I 0.02/03";"mmp25c1"
"25c1 Interaktive Medien I";"mod.mmp-IM1.HS26_BS.001";"20251105T081500Z";"20251105T113000Z";"05.11.2025 09:15:00";"05.11.2025 12:30:00";"Wolfgang Bock";"I 0.02/03";"mmp25c1"
"25c1 Interaktive Medien I";"mod.mmp-IM1.HS26_BS.001";"20251105T123000Z";"20251105T154500Z";"05.11.2025 13:30:00";"05.11.2025 16:45:00";"Wolfgang Bock";"I 0.02/03";"mmp25c1"
"25c1 Interaktive Medien I";"mod.mmp-IM1.HS26_BS.001";"20251117T081500Z";"20251117T113000Z";"17.11.2025 09:15:00";"17.11.2025 12:30:00";"Wolfgang Bock";"I 0.04/05";"mmp25c1"
"25c1 Interaktive Medien I";"mod.mmp-IM1.HS26_BS.001";"20251117T123000Z";"20251117T154500Z";"17.11.2025 13:30:00";"17.11.2025 16:45:00";"Wolfgang Bock";"I 0.04/05";"mmp25c1"
"25c1 Interaktive Medien I";"mod.mmp-IM1.HS26_BS.001";"20251118T081500Z";"20251118T113000Z";"18.11.2025 09:15:00";"18.11.2025 12:30:00";"Wolfgang Bock";"I 0.04/05";"mmp25c1"
"25c1 Interaktive Medien I";"mod.mmp-IM1.HS26_BS.001";"20251118T123000Z";"20251118T154500Z";"18.11.2025 13:30:00";"18.11.2025 16:45:00";"Wolfgang Bock";"I 0.04/05";"mmp25c1"
"25c1 Interaktive Medien I";"mod.mmp-IM1.HS26_BS.001";"20251119T081500Z";"20251119T113000Z";"19.11.2025 09:15:00";"19.11.2025 12:30:00";"Wolfgang Bock";"I 0.04/05";"mmp25c1"
"25c1 Interaktive Medien I";"mod.mmp-IM1.HS26_BS.001";"20251119T123000Z";"20251119T154500Z";"19.11.2025 13:30:00";"19.11.2025 16:45:00";"Wolfgang Bock";"I 0.04/05";"mmp25c1"
"25c1 Interaktive Medien I";"mod.mmp-IM1.HS26_BS.001";"20251201T081500Z";"20251201T113000Z";"01.12.2025 09:15:00";"01.12.2025 12:30:00";"Wolfgang Bock";"I 0.02/03";"mmp25c1"
"25c1 Interaktive Medien I";"mod.mmp-IM1.HS26_BS.001";"20251201T123000Z";"20251201T154500Z";"01.12.2025 13:30:00";"01.12.2025 16:45:00";"Wolfgang Bock";"I 0.02/03";"mmp25c1"
"25c1 Interaktive Medien I";"mod.mmp-IM1.HS26_BS.001";"20251202T081500Z";"20251202T113000Z";"02.12.2025 09:15:00";"02.12.2025 12:30:00";"Wolfgang Bock";"I 0.02/03";"mmp25c1"
"25c1 Interaktive Medien I";"mod.mmp-IM1.HS26_BS.001";"20251202T123000Z";"20251202T154500Z";"02.12.2025 13:30:00";"02.12.2025 16:45:00";"Wolfgang Bock";"I 0.02/03";"mmp25c1"
"25c2 Interaktive Medien I";"mod.mmp-IM1.HS26_BS.002";"20251103T081500Z";"20251103T113000Z";"03.11.2025 09:15:00";"03.11.2025 12:30:00";"Wolfgang Bock";"I 0.02/03";"mmp25c2"
"25c2 Interaktive Medien I";"mod.mmp-IM1.HS26_BS.002";"20251103T123000Z";"20251103T154500Z";"03.11.2025 13:30:00";"03.11.2025 16:45:00";"Wolfgang Bock";"I 0.02/03";"mmp25c2"
"25c2 Interaktive Medien I";"mod.mmp-IM1.HS26_BS.002";"20251104T081500Z";"20251104T113000Z";"04.11.2025 09:15:00";"04.11.2025 12:30:00";"Wolfgang Bock";"I 0.02/03";"mmp25c2"
"25c2 Interaktive Medien I";"mod.mmp-IM1.HS26_BS.002";"20251104T123000Z";"20251104T154500Z";"04.11.2025 13:30:00";"04.11.2025 16:45:00";"Wolfgang Bock";"I 0.02/03";"mmp25c2"
"25c2 Interaktive Medien I";"mod.mmp-IM1.HS26_BS.002";"20251105T081500Z";"20251105T113000Z";"05.11.2025 09:15:00";"05.11.2025 12:30:00";"Wolfgang Bock";"I 0.02/03";"mmp25c2"
"25c2 Interaktive Medien I";"mod.mmp-IM1.HS26_BS.002";"20251105T123000Z";"20251105T154500Z";"05.11.2025 13:30:00";"05.11.2025 16:45:00";"Wolfgang Bock";"I 0.02/03";"mmp25c2"
"25c2 Interaktive Medien I";"mod.mmp-IM1.HS26_BS.002";"20251117T081500Z";"20251117T113000Z";"17.11.2025 09:15:00";"17.11.2025 12:30:00";"Wolfgang Bock";"I 0.04/05";"mmp25c2"
"25c2 Interaktive Medien I";"mod.mmp-IM1.HS26_BS.002";"20251117T123000Z";"20251117T154500Z";"17.11.2025 13:30:00";"17.11.2025 16:45:00";"Wolfgang Bock";"I 0.04/05";"mmp25c2"
"25c2 Interaktive Medien I";"mod.mmp-IM1.HS26_BS.002";"20251118T081500Z";"20251118T113000Z";"18.11.2025 09:15:00";"18.11.2025 12:30:00";"Wolfgang Bock";"I 0.04/05";"mmp25c2"
"25c2 Interaktive Medien I";"mod.mmp-IM1.HS26_BS.002";"20251118T123000Z";"20251118T154500Z";"18.11.2025 13:30:00";"18.11.2025 16:45:00";"Wolfgang Bock";"I 0.04/05";"mmp25c2"
"25c2 Interaktive Medien I";"mod.mmp-IM1.HS26_BS.002";"20251119T081500Z";"20251119T113000Z";"19.11.2025 09:15:00";"19.11.2025 12:30:00";"Wolfgang Bock";"I 0.04/05";"mmp25c2"
"25c2 Interaktive Medien I";"mod.mmp-IM1.HS26_BS.002";"20251119T123000Z";"20251119T154500Z";"19.11.2025 13:30:00";"19.11.2025 16:45:00";"Wolfgang Bock";"I 0.04/05";"mmp25c2"
"25c2 Interaktive Medien I";"mod.mmp-IM1.HS26_BS.002";"20251201T081500Z";"20251201T113000Z";"01.12.2025 09:15:00";"01.12.2025 12:30:00";"Wolfgang Bock";"I 0.02/03";"mmp25c2"
"25c2 Interaktive Medien I";"mod.mmp-IM1.HS26_BS.002";"20251201T123000Z";"20251201T154500Z";"01.12.2025 13:30:00";"01.12.2025 16:45:00";"Wolfgang Bock";"I 0.02/03";"mmp25c2"
"25c2 Interaktive Medien I";"mod.mmp-IM1.HS26_BS.002";"20251202T081500Z";"20251202T113000Z";"02.12.2025 09:15:00";"02.12.2025 12:30:00";"Wolfgang Bock";"I 0.02/03";"mmp25c2"
"25c2 Interaktive Medien I";"mod.mmp-IM1.HS26_BS.002";"20251202T123000Z";"20251202T154500Z";"02.12.2025 13:30:00";"02.12.2025 16:45:00";"Wolfgang Bock";"I 0.02/03";"mmp25c2"
"25b Interaktive Medien I";"mod.mmp-IM1.HS26_BS.003";"20251103T081500Z";"20251103T113000Z";"03.11.2025 09:15:00";"03.11.2025 12:30:00";"Wolfgang Bock";"140";"mmp25b"
"25b Interaktive Medien I";"mod.mmp-IM1.HS26_BS.003";"20251103T123000Z";"20251103T154500Z";"03.11.2025 13:30:00";"03.11.2025 16:45:00";"Wolfgang Bock";"140";"mmp25b"
"25b Interaktive Medien I";"mod.mmp-IM1.HS26_BS.003";"20251104T081500Z";"20251104T113000Z";"04.11.2025 09:15:00";"04.11.2025 12:30:00";"Wolfgang Bock";"010";"mmp25b"
"25b Interaktive Medien I";"mod.mmp-IM1.HS26_BS.003";"20251104T123000Z";"20251104T154500Z";"04.11.2025 13:30:00";"04.11.2025 16:45:00";"Wolfgang Bock";"010";"mmp25b"
"25b Interaktive Medien I";"mod.mmp-IM1.HS26_BS.003";"20251106T081500Z";"20251106T113000Z";"06.11.2025 09:15:00";"06.11.2025 12:30:00";"Wolfgang Bock";"010";"mmp25b"
"25b Interaktive Medien I";"mod.mmp-IM1.HS26_BS.003";"20251106T123000Z";"20251106T154500Z";"06.11.2025 13:30:00";"06.11.2025 16:45:00";"Wolfgang Bock";"010";"mmp25b"
"25b Interaktive Medien I";"mod.mmp-IM1.HS26_BS.003";"20251117T081500Z";"20251117T113000Z";"17.11.2025 09:15:00";"17.11.2025 12:30:00";"Wolfgang Bock";"010";"mmp25b"
"25b Interaktive Medien I";"mod.mmp-IM1.HS26_BS.003";"20251117T123000Z";"20251117T154500Z";"17.11.2025 13:30:00";"17.11.2025 16:45:00";"Wolfgang Bock";"010";"mmp25b"
"25b Interaktive Medien I";"mod.mmp-IM1.HS26_BS.003";"20251118T081500Z";"20251118T113000Z";"18.11.2025 09:15:00";"18.11.2025 12:30:00";"Wolfgang Bock";"010";"mmp25b"
"25b Interaktive Medien I";"mod.mmp-IM1.HS26_BS.003";"20251118T123000Z";"20251118T154500Z";"18.11.2025 13:30:00";"18.11.2025 16:45:00";"Wolfgang Bock";"010";"mmp25b"
"25b Interaktive Medien I";"mod.mmp-IM1.HS26_BS.003";"20251119T081500Z";"20251119T113000Z";"19.11.2025 09:15:00";"19.11.2025 12:30:00";"Wolfgang Bock";"010";"mmp25b"
"25b Interaktive Medien I";"mod.mmp-IM1.HS26_BS.003";"20251119T123000Z";"20251119T154500Z";"19.11.2025 13:30:00";"19.11.2025 16:45:00";"Wolfgang Bock";"010";"mmp25b"
"25b Interaktive Medien I";"mod.mmp-IM1.HS26_BS.003";"20251209T081500Z";"20251209T113000Z";"09.12.2025 09:15:00";"09.12.2025 12:30:00";"Wolfgang Bock";"140";"mmp25b"
"25b Interaktive Medien I";"mod.mmp-IM1.HS26_BS.003";"20251209T123000Z";"20251209T154500Z";"09.12.2025 13:30:00";"09.12.2025 16:45:00";"Wolfgang Bock";"140";"mmp25b"
"25b Interaktive Medien I";"mod.mmp-IM1.HS26_BS.003";"20251210T081500Z";"20251210T113000Z";"10.12.2025 09:15:00";"10.12.2025 12:30:00";"Wolfgang Bock";"140";"mmp25b"
"25b Interaktive Medien I";"mod.mmp-IM1.HS26_BS.003";"20251210T123000Z";"20251210T154500Z";"10.12.2025 13:30:00";"10.12.2025 16:45:00";"Wolfgang Bock";"140";"mmp25b"
"25cv Interaktive Medien I";"mod.mmp-IM1.HS26_BS.004";"20251103T081500Z";"20251103T113000Z";"03.11.2025 09:15:00";"03.11.2025 12:30:00";"Wolfgang Bock";"Z2.02";"mmp25cv"
"25cv Interaktive Medien I";"mod.mmp-IM1.HS26_BS.004";"20251103T123000Z";"20251103T154500Z";"03.11.2025 13:30:00";"03.11.2025 16:45:00";"Wolfgang Bock";"Z2.02";"mmp25cv"
"25cv Interaktive Medien I";"mod.mmp-IM1.HS26_BS.004";"20251104T081500Z";"20251104T113000Z";"04.11.2025 09:15:00";"04.11.2025 12:30:00";"Wolfgang Bock";"Z2.02";"mmp25cv"
"25cv Interaktive Medien I";"mod.mmp-IM1.HS26_BS.004";"20251104T123000Z";"20251104T154500Z";"04.11.2025 13:30:00";"04.11.2025 16:45:00";"Wolfgang Bock";"Z2.02";"mmp25cv"
"25cv Interaktive Medien I";"mod.mmp-IM1.HS26_BS.004";"20251117T081500Z";"20251117T113000Z";"17.11.2025 09:15:00";"17.11.2025 12:30:00";"Wolfgang Bock";"Z2.02";"mmp25cv"
"25cv Interaktive Medien I";"mod.mmp-IM1.HS26_BS.004";"20251117T123000Z";"20251117T154500Z";"17.11.2025 13:30:00";"17.11.2025 16:45:00";"Wolfgang Bock";"Z2.02";"mmp25cv"
"25cv Interaktive Medien I";"mod.mmp-IM1.HS26_BS.004";"20251118T081500Z";"20251118T113000Z";"18.11.2025 09:15:00";"18.11.2025 12:30:00";"Wolfgang Bock";"Z2.02";"mmp25cv"
"25cv Interaktive Medien I";"mod.mmp-IM1.HS26_BS.004";"20251118T123000Z";"20251118T154500Z";"18.11.2025 13:30:00";"18.11.2025 16:45:00";"Wolfgang Bock";"Z2.02";"mmp25cv"
"25cv Interaktive Medien I";"mod.mmp-IM1.HS26_BS.004";"20251125T081500Z";"20251125T113000Z";"25.11.2025 09:15:00";"25.11.2025 12:30:00";"Wolfgang Bock";"Z2.02";"mmp25cv"
"25cv Interaktive Medien I";"mod.mmp-IM1.HS26_BS.004";"20251125T123000Z";"20251125T154500Z";"25.11.2025 13:30:00";"25.11.2025 16:45:00";"Wolfgang Bock";"Z2.02";"mmp25cv"
"25c1 Grundlagen der Forschung – Wissenschaftliches Arbeiten ";"modk.mmp-WISARB01.V01.HS26_BS.001";"20251110T081500Z";"20251110T113000Z";"10.11.2025 09:15:00";"10.11.2025 12:30:00";"Franziska Oehmer-Pedrazzi/Amina Ovcina Cajacob";"I 0.30";"mmp25c1"
"25c1 Grundlagen der Forschung – Wissenschaftliches Arbeiten ";"modk.mmp-WISARB01.V01.HS26_BS.001";"20251120T081500Z";"20251120T113000Z";"20.11.2025 09:15:00";"20.11.2025 12:30:00";"Franziska Oehmer-Pedrazzi/Amina Ovcina Cajacob";"F2.08";"mmp25c1"
"25c1 Grundlagen der Forschung – Wissenschaftliches Arbeiten ";"modk.mmp-WISARB01.V01.HS26_BS.001";"20251203T081500Z";"20251203T113000Z";"03.12.2025 09:15:00";"03.12.2025 12:30:00";"Franziska Oehmer-Pedrazzi/Amina Ovcina Cajacob";"I 0.02/03";"mmp25c1"
"25c1 Grundlagen der Forschung – Wissenschaftliches Arbeiten ";"modk.mmp-WISARB01.V01.HS26_BS.001";"20251203T123000Z";"20251203T154500Z";"03.12.2025 13:30:00";"03.12.2025 16:45:00";"Franziska Oehmer-Pedrazzi/Amina Ovcina Cajacob";"I 0.02/03";"mmp25c1"
"25c1 Grundlagen der Forschung – Wissenschaftliches Arbeiten ";"modk.mmp-WISARB01.V01.HS26_BS.001";"20251204T081500Z";"20251204T113000Z";"04.12.2025 09:15:00";"04.12.2025 12:30:00";"Franziska Oehmer-Pedrazzi/Amina Ovcina Cajacob";"I 0.31";"mmp25c1"
"25c1 Grundlagen der Forschung – Wissenschaftliches Arbeiten ";"modk.mmp-WISARB01.V01.HS26_BS.001";"20251209T081500Z";"20251209T113000Z";"09.12.2025 09:15:00";"09.12.2025 12:30:00";"Franziska Oehmer-Pedrazzi/Amina Ovcina Cajacob";"I 0.04/05";"mmp25c1"
"25c1 Grundlagen der Forschung – Wissenschaftliches Arbeiten ";"modk.mmp-WISARB01.V01.HS26_BS.001";"20251209T123000Z";"20251209T154500Z";"09.12.2025 13:30:00";"09.12.2025 16:45:00";"Franziska Oehmer-Pedrazzi/Amina Ovcina Cajacob";"I 0.04/05";"mmp25c1"
"25c1 Grundlagen der Forschung – Wissenschaftliches Arbeiten ";"modk.mmp-WISARB01.V01.HS26_BS.001";"20251217T123000Z";"20251217T154500Z";"17.12.2025 13:30:00";"17.12.2025 16:45:00";"Franziska Oehmer-Pedrazzi/Amina Ovcina Cajacob";"I 0.30";"mmp25c1"
"24c1 Visualisieren III – Mediengestaltung 3";"modk.mmp-MEDGE3.HS26_BS.001";"20251110T081500Z";"20251110T113000Z";"10.11.2025 09:15:00";"10.11.2025 12:30:00";"Tanja Hess";"I 0.02/03";"mmp24c1"
"24c1 Visualisieren III – Mediengestaltung 3";"modk.mmp-MEDGE3.HS26_BS.001";"20251110T123000Z";"20251110T154500Z";"10.11.2025 13:30:00";"10.11.2025 16:45:00";"Tanja Hess";"I 0.02/03";"mmp24c1"
"24c1 Visualisieren III – Mediengestaltung 3";"modk.mmp-MEDGE3.HS26_BS.001";"20251111T081500Z";"20251111T113000Z";"11.11.2025 09:15:00";"11.11.2025 12:30:00";"Tanja Hess";"I 0.02/03";"mmp24c1"
"24c1 Visualisieren III – Mediengestaltung 3";"modk.mmp-MEDGE3.HS26_BS.001";"20251111T123000Z";"20251111T154500Z";"11.11.2025 13:30:00";"11.11.2025 16:45:00";"Tanja Hess";"I 0.02/03";"mmp24c1"
"24c1 Visualisieren III – Mediengestaltung 3";"modk.mmp-MEDGE3.HS26_BS.001";"20251112T081500Z";"20251112T113000Z";"12.11.2025 09:15:00";"12.11.2025 12:30:00";"Tanja Hess";"I 0.02/03";"mmp24c1"
"24c1 Visualisieren III – Mediengestaltung 3";"modk.mmp-MEDGE3.HS26_BS.001";"20251112T123000Z";"20251112T154500Z";"12.11.2025 13:30:00";"12.11.2025 16:45:00";"Tanja Hess";"I 0.02/03";"mmp24c1"
"24c1 Visualisieren III – Mediengestaltung 3";"modk.mmp-MEDGE3.HS26_BS.001";"20251113T081500Z";"20251113T113000Z";"13.11.2025 09:15:00";"13.11.2025 12:30:00";"Tanja Hess";"I 0.02/03";"mmp24c1"
"24c1 Visualisieren III – Mediengestaltung 3";"modk.mmp-MEDGE3.HS26_BS.001";"20251113T123000Z";"20251113T154500Z";"13.11.2025 13:30:00";"13.11.2025 16:45:00";"Tanja Hess";"I 0.02/03";"mmp24c1"
"24c1 Visualisieren III – Sketch&Draw 3";"modk.mmp-SKEDRA3.HS26_BS.001";"20251117T081500Z";"20251117T113000Z";"17.11.2025 09:15:00";"17.11.2025 12:30:00";"Tanja Hess";"I 0.02/03";"mmp24c1"
"24c1 Visualisieren III – Sketch&Draw 3";"modk.mmp-SKEDRA3.HS26_BS.001";"20251117T123000Z";"20251117T154500Z";"17.11.2025 13:30:00";"17.11.2025 16:45:00";"Tanja Hess";"I 0.02/03";"mmp24c1"
"24c1 Visualisieren III – Sketch&Draw 3";"modk.mmp-SKEDRA3.HS26_BS.001";"20251118T081500Z";"20251118T113000Z";"18.11.2025 09:15:00";"18.11.2025 12:30:00";"Tanja Hess";"I 0.02/03";"mmp24c1"
"24c1 Visualisieren III – Sketch&Draw 3";"modk.mmp-SKEDRA3.HS26_BS.001";"20251118T123000Z";"20251118T154500Z";"18.11.2025 13:30:00";"18.11.2025 16:45:00";"Tanja Hess";"I 0.02/03";"mmp24c1"
"24c1 Visualisieren III – Sketch&Draw 3";"modk.mmp-SKEDRA3.HS26_BS.001";"20251119T081500Z";"20251119T113000Z";"19.11.2025 09:15:00";"19.11.2025 12:30:00";"Tanja Hess";"I 0.02/03";"mmp24c1"
"24c1 Visualisieren III – Sketch&Draw 3";"modk.mmp-SKEDRA3.HS26_BS.001";"20251119T123000Z";"20251119T154500Z";"19.11.2025 13:30:00";"19.11.2025 16:45:00";"Tanja Hess";"I 0.02/03";"mmp24c1"
"24c1 Visualisieren III – Sketch&Draw 3";"modk.mmp-SKEDRA3.HS26_BS.001";"20251120T081500Z";"20251120T113000Z";"20.11.2025 09:15:00";"20.11.2025 12:30:00";"Tanja Hess";"H2.12";"mmp24c1"
"24c1 Visualisieren III – Sketch&Draw 3";"modk.mmp-SKEDRA3.HS26_BS.001";"20251120T123000Z";"20251120T154500Z";"20.11.2025 13:30:00";"20.11.2025 16:45:00";"Tanja Hess";"H2.12";"mmp24c1"
"24c2 Visualisieren III – Mediengestaltung 3";"modk.mmp-MEDGE3.HS26_BS.002";"20251110T081500Z";"20251110T113000Z";"10.11.2025 09:15:00";"10.11.2025 12:30:00";"Tanja Hess";"I 0.02/03";"mmp24c2"
"24c2 Visualisieren III – Mediengestaltung 3";"modk.mmp-MEDGE3.HS26_BS.002";"20251110T123000Z";"20251110T154500Z";"10.11.2025 13:30:00";"10.11.2025 16:45:00";"Tanja Hess";"I 0.02/03";"mmp24c2"
"24c2 Visualisieren III – Mediengestaltung 3";"modk.mmp-MEDGE3.HS26_BS.002";"20251111T081500Z";"20251111T113000Z";"11.11.2025 09:15:00";"11.11.2025 12:30:00";"Tanja Hess";"I 0.02/03";"mmp24c2"
"24c2 Visualisieren III – Mediengestaltung 3";"modk.mmp-MEDGE3.HS26_BS.002";"20251111T123000Z";"20251111T154500Z";"11.11.2025 13:30:00";"11.11.2025 16:45:00";"Tanja Hess";"I 0.02/03";"mmp24c2"
"24c2 Visualisieren III – Mediengestaltung 3";"modk.mmp-MEDGE3.HS26_BS.002";"20251112T081500Z";"20251112T113000Z";"12.11.2025 09:15:00";"12.11.2025 12:30:00";"Tanja Hess";"I 0.02/03";"mmp24c2"
"24c2 Visualisieren III – Mediengestaltung 3";"modk.mmp-MEDGE3.HS26_BS.002";"20251112T123000Z";"20251112T154500Z";"12.11.2025 13:30:00";"12.11.2025 16:45:00";"Tanja Hess";"I 0.02/03";"mmp24c2"
"24c2 Visualisieren III – Mediengestaltung 3";"modk.mmp-MEDGE3.HS26_BS.002";"20251113T081500Z";"20251113T113000Z";"13.11.2025 09:15:00";"13.11.2025 12:30:00";"Tanja Hess";"I 0.02/03";"mmp24c2"
"24c2 Visualisieren III – Mediengestaltung 3";"modk.mmp-MEDGE3.HS26_BS.002";"20251113T123000Z";"20251113T154500Z";"13.11.2025 13:30:00";"13.11.2025 16:45:00";"Tanja Hess";"I 0.02/03";"mmp24c2"
"24c2 Visualisieren III – Sketch&Draw 3";"modk.mmp-SKEDRA3.HS26_BS.002";"20251117T081500Z";"20251117T113000Z";"17.11.2025 09:15:00";"17.11.2025 12:30:00";"Tanja Hess";"I 0.02/03";"mmp24c2"
"24c2 Visualisieren III – Sketch&Draw 3";"modk.mmp-SKEDRA3.HS26_BS.002";"20251117T123000Z";"20251117T154500Z";"17.11.2025 13:30:00";"17.11.2025 16:45:00";"Tanja Hess";"I 0.02/03";"mmp24c2"
"24c2 Visualisieren III – Sketch&Draw 3";"modk.mmp-SKEDRA3.HS26_BS.002";"20251118T081500Z";"20251118T113000Z";"18.11.2025 09:15:00";"18.11.2025 12:30:00";"Tanja Hess";"I 0.02/03";"mmp24c2"
"24c2 Visualisieren III – Sketch&Draw 3";"modk.mmp-SKEDRA3.HS26_BS.002";"20251118T123000Z";"20251118T154500Z";"18.11.2025 13:30:00";"18.11.2025 16:45:00";"Tanja Hess";"I 0.02/03";"mmp24c2"
"24c2 Visualisieren III – Sketch&Draw 3";"modk.mmp-SKEDRA3.HS26_BS.002";"20251119T081500Z";"20251119T113000Z";"19.11.2025 09:15:00";"19.11.2025 12:30:00";"Tanja Hess";"I 0.02/03";"mmp24c2"
"24c2 Visualisieren III – Sketch&Draw 3";"modk.mmp-SKEDRA3.HS26_BS.002";"20251119T123000Z";"20251119T154500Z";"19.11.2025 13:30:00";"19.11.2025 16:45:00";"Tanja Hess";"I 0.02/03";"mmp24c2"
"24c2 Visualisieren III – Sketch&Draw 3";"modk.mmp-SKEDRA3.HS26_BS.002";"20251120T081500Z";"20251120T113000Z";"20.11.2025 09:15:00";"20.11.2025 12:30:00";"Tanja Hess";"H2.12";"mmp24c2"
"24c2 Visualisieren III – Sketch&Draw 3";"modk.mmp-SKEDRA3.HS26_BS.002";"20251120T123000Z";"20251120T154500Z";"20.11.2025 13:30:00";"20.11.2025 16:45:00";"Tanja Hess";"H2.12";"mmp24c2"
"24b Visualisieren III – Sketch&Draw 3";"modk.mmp-SKEDRA3.HS26_BS.003";"20251110T081500Z";"20251110T113000Z";"10.11.2025 09:15:00";"10.11.2025 12:30:00";"Tanja Hess";"140";"mmp24b"
"24b Visualisieren III – Sketch&Draw 3";"modk.mmp-SKEDRA3.HS26_BS.003";"20251110T123000Z";"20251110T154500Z";"10.11.2025 13:30:00";"10.11.2025 16:45:00";"Tanja Hess";"140";"mmp24b"
"24b Visualisieren III – Sketch&Draw 3";"modk.mmp-SKEDRA3.HS26_BS.003";"20251111T081500Z";"20251111T113000Z";"11.11.2025 09:15:00";"11.11.2025 12:30:00";"Tanja Hess";"140";"mmp24b"
"24b Visualisieren III – Sketch&Draw 3";"modk.mmp-SKEDRA3.HS26_BS.003";"20251111T123000Z";"20251111T154500Z";"11.11.2025 13:30:00";"11.11.2025 16:45:00";"Tanja Hess";"140";"mmp24b"
"24b Visualisieren III – Sketch&Draw 3";"modk.mmp-SKEDRA3.HS26_BS.003";"20251112T081500Z";"20251112T113000Z";"12.11.2025 09:15:00";"12.11.2025 12:30:00";"Tanja Hess";"Atelier";"mmp24b"
"24b Visualisieren III – Sketch&Draw 3";"modk.mmp-SKEDRA3.HS26_BS.003";"20251112T123000Z";"20251112T154500Z";"12.11.2025 13:30:00";"12.11.2025 16:45:00";"Tanja Hess";"Atelier";"mmp24b"
"24b Visualisieren III – Sketch&Draw 3";"modk.mmp-SKEDRA3.HS26_BS.003";"20251113T081500Z";"20251113T113000Z";"13.11.2025 09:15:00";"13.11.2025 12:30:00";"Tanja Hess";"Schwarztorstrasse";"mmp24b"
"24b Visualisieren III – Mediengestaltung 3";"modk.mmp-MEDGE3.HS26_BS.003";"20251117T081500Z";"20251117T113000Z";"17.11.2025 09:15:00";"17.11.2025 12:30:00";"Tanja Hess";"140";"mmp24b"
"24b Visualisieren III – Mediengestaltung 3";"modk.mmp-MEDGE3.HS26_BS.003";"20251117T123000Z";"20251117T154500Z";"17.11.2025 13:30:00";"17.11.2025 16:45:00";"Tanja Hess";"140";"mmp24b"
"24b Visualisieren III – Mediengestaltung 3";"modk.mmp-MEDGE3.HS26_BS.003";"20251118T081500Z";"20251118T113000Z";"18.11.2025 09:15:00";"18.11.2025 12:30:00";"Tanja Hess";"211";"mmp24b"
"24b Visualisieren III – Mediengestaltung 3";"modk.mmp-MEDGE3.HS26_BS.003";"20251118T123000Z";"20251118T154500Z";"18.11.2025 13:30:00";"18.11.2025 16:45:00";"Tanja Hess";"211";"mmp24b"
"24b Visualisieren III – Mediengestaltung 3";"modk.mmp-MEDGE3.HS26_BS.003";"20251119T081500Z";"20251119T113000Z";"19.11.2025 09:15:00";"19.11.2025 12:30:00";"Tanja Hess";"Atelier";"mmp24b"
"24b Visualisieren III – Mediengestaltung 3";"modk.mmp-MEDGE3.HS26_BS.003";"20251119T123000Z";"20251119T154500Z";"19.11.2025 13:30:00";"19.11.2025 16:45:00";"Tanja Hess";"Atelier";"mmp24b"
"24b Visualisieren III – Mediengestaltung 3";"modk.mmp-MEDGE3.HS26_BS.003";"20251120T081500Z";"20251120T113000Z";"20.11.2025 09:15:00";"20.11.2025 12:30:00";"Tanja Hess";"Atelier";"mmp24b"
"24b Visualisieren III – Mediengestaltung 3";"modk.mmp-MEDGE3.HS26_BS.003";"20251217T081500Z";"20251217T113000Z";"17.12.2025 09:15:00";"17.12.2025 12:30:00";"Tanja Hess";"140";"mmp24b"
"24b Visualisieren III – Mediengestaltung 3";"modk.mmp-MEDGE3.HS26_BS.003";"20251217T123000Z";"20251217T154500Z";"17.12.2025 13:30:00";"17.12.2025 16:45:00";"Tanja Hess";"140";"mmp24b"
"24cv Visualisieren III – Sketch&Draw 3";"modk.mmp-SKEDRA3.HS26_BS.004";"20251110T081500Z";"20251110T113000Z";"10.11.2025 09:15:00";"10.11.2025 12:30:00";"Tanja Hess";"Z0.03";"mmp24cv"
"24cv Visualisieren III – Sketch&Draw 3";"modk.mmp-SKEDRA3.HS26_BS.004";"20251110T123000Z";"20251110T154500Z";"10.11.2025 13:30:00";"10.11.2025 16:45:00";"Tanja Hess";"Z0.03";"mmp24cv"
"24cv Visualisieren III – Sketch&Draw 3";"modk.mmp-SKEDRA3.HS26_BS.004";"20251111T081500Z";"20251111T113000Z";"11.11.2025 09:15:00";"11.11.2025 12:30:00";"Tanja Hess";"Z0.03";"mmp24cv"
"24cv Visualisieren III – Sketch&Draw 3";"modk.mmp-SKEDRA3.HS26_BS.004";"20251111T123000Z";"20251111T154500Z";"11.11.2025 13:30:00";"11.11.2025 16:45:00";"Tanja Hess";"Z0.03";"mmp24cv"
"24cv Visualisieren III – Mediengestaltung 3";"modk.mmp-MEDGE3.HS26_BS.004";"20251117T081500Z";"20251117T113000Z";"17.11.2025 09:15:00";"17.11.2025 12:30:00";"Tanja Hess";"Z0.03";"mmp24cv"
"24cv Visualisieren III – Mediengestaltung 3";"modk.mmp-MEDGE3.HS26_BS.004";"20251117T123000Z";"20251117T154500Z";"17.11.2025 13:30:00";"17.11.2025 16:45:00";"Tanja Hess";"Z0.03";"mmp24cv"
"24cv Visualisieren III – Mediengestaltung 3";"modk.mmp-MEDGE3.HS26_BS.004";"20251118T081500Z";"20251118T113000Z";"18.11.2025 09:15:00";"18.11.2025 12:30:00";"Tanja Hess";"Z0.03";"mmp24cv"
"24cv Visualisieren III – Mediengestaltung 3";"modk.mmp-MEDGE3.HS26_BS.004";"20251118T123000Z";"20251118T154500Z";"18.11.2025 13:30:00";"18.11.2025 16:45:00";"Tanja Hess";"Z0.03";"mmp24cv"
"24cv Visualisieren III – Sketch&Draw 3";"modk.mmp-SKEDRA3.HS26_BS.004";"20251215T081500Z";"20251215T113000Z";"15.12.2025 09:15:00";"15.12.2025 12:30:00";"Tanja Hess";"Z0.03";"mmp24cv"
"24cv Visualisieren III – Sketch&Draw 3";"modk.mmp-SKEDRA3.HS26_BS.004";"20251215T123000Z";"20251215T154500Z";"15.12.2025 13:30:00";"15.12.2025 16:45:00";"Tanja Hess";"Z0.03";"mmp24cv"
"25c2 Grundlagen der Forschung – Wissenschaftliches Arbeiten ";"modk.mmp-WISARB01.V01.HS26_BS.002";"20251110T123000Z";"20251110T154500Z";"10.11.2025 13:30:00";"10.11.2025 16:45:00";"Franziska Oehmer-Pedrazzi/Amina Ovcina Cajacob";"I 0.30";"mmp25c2"
"25c2 Grundlagen der Forschung – Wissenschaftliches Arbeiten ";"modk.mmp-WISARB01.V01.HS26_BS.002";"20251120T123000Z";"20251120T154500Z";"20.11.2025 13:30:00";"20.11.2025 16:45:00";"Franziska Oehmer-Pedrazzi/Amina Ovcina Cajacob";"F2.10";"mmp25c2"
"25c2 Grundlagen der Forschung – Wissenschaftliches Arbeiten ";"modk.mmp-WISARB01.V01.HS26_BS.002";"20251203T081500Z";"20251203T113000Z";"03.12.2025 09:15:00";"03.12.2025 12:30:00";"Franziska Oehmer-Pedrazzi/Amina Ovcina Cajacob";"I 0.02/03";"mmp25c2"
"25c2 Grundlagen der Forschung – Wissenschaftliches Arbeiten ";"modk.mmp-WISARB01.V01.HS26_BS.002";"20251203T123000Z";"20251203T154500Z";"03.12.2025 13:30:00";"03.12.2025 16:45:00";"Franziska Oehmer-Pedrazzi/Amina Ovcina Cajacob";"I 0.02/03";"mmp25c2"
"25c2 Grundlagen der Forschung – Wissenschaftliches Arbeiten ";"modk.mmp-WISARB01.V01.HS26_BS.002";"20251204T123000Z";"20251204T154500Z";"04.12.2025 13:30:00";"04.12.2025 16:45:00";"Franziska Oehmer-Pedrazzi/Amina Ovcina Cajacob";"I 0.31";"mmp25c2"
"25c2 Grundlagen der Forschung – Wissenschaftliches Arbeiten ";"modk.mmp-WISARB01.V01.HS26_BS.002";"20251209T081500Z";"20251209T113000Z";"09.12.2025 09:15:00";"09.12.2025 12:30:00";"Franziska Oehmer-Pedrazzi/Amina Ovcina Cajacob";"I 0.04/05";"mmp25c2"
"25c2 Grundlagen der Forschung – Wissenschaftliches Arbeiten ";"modk.mmp-WISARB01.V01.HS26_BS.002";"20251209T123000Z";"20251209T154500Z";"09.12.2025 13:30:00";"09.12.2025 16:45:00";"Franziska Oehmer-Pedrazzi/Amina Ovcina Cajacob";"I 0.04/05";"mmp25c2"
"25b Mediensystem Schweiz – Medienrechtliche Grundlagen";"modk.mmp-MERECG01.V01.HS26_BS.003";"20251120T081500Z";"20251120T113000Z";"20.11.2025 09:15:00";"20.11.2025 12:30:00";"Daniel Köhler";"010";"mmp25b"
"25b Mediensystem Schweiz – Medienrechtliche Grundlagen";"modk.mmp-MERECG01.V01.HS26_BS.003";"20251120T123000Z";"20251120T154500Z";"20.11.2025 13:30:00";"20.11.2025 16:45:00";"Daniel Köhler";"010";"mmp25b"
"25b Mediensystem Schweiz – Medienrechtliche Grundlagen";"modk.mmp-MERECG01.V01.HS26_BS.003";"20251124T081500Z";"20251124T113000Z";"24.11.2025 09:15:00";"24.11.2025 12:30:00";"Daniel Köhler";"010";"mmp25b"
"25b Mediensystem Schweiz – Medienrechtliche Grundlagen";"modk.mmp-MERECG01.V01.HS26_BS.003";"20251124T123000Z";"20251124T154500Z";"24.11.2025 13:30:00";"24.11.2025 16:45:00";"Daniel Köhler";"010";"mmp25b"
"25b Mediensystem Schweiz – Medienrechtliche Grundlagen";"modk.mmp-MERECG01.V01.HS26_BS.003";"20260106T081500Z";"20260107T113000Z";"06.01.2026 09:15:00";"07.01.2026 12:30:00";"Daniel Köhler";"010";"mmp25b"
"23c2 Visualisieren V";"mod.mmp-VISUA05.01.HS26_BS.002";"20251124T081500Z";"20251124T113000Z";"24.11.2025 09:15:00";"24.11.2025 12:30:00";"Tanja Hess";"tba";"mmp23c2"
"23c2 Visualisieren V";"mod.mmp-VISUA05.01.HS26_BS.002";"20251124T123000Z";"20251124T154500Z";"24.11.2025 13:30:00";"24.11.2025 16:45:00";"Tanja Hess";"tba";"mmp23c2"
"23c2 Visualisieren V";"mod.mmp-VISUA05.01.HS26_BS.002";"20251125T081500Z";"20251125T113000Z";"25.11.2025 09:15:00";"25.11.2025 12:30:00";"Tanja Hess";"tba";"mmp23c2"
"23c2 Visualisieren V";"mod.mmp-VISUA05.01.HS26_BS.002";"20251125T123000Z";"20251125T154500Z";"25.11.2025 13:30:00";"25.11.2025 16:45:00";"Tanja Hess";"tba";"mmp23c2"
"23c2 Visualisieren V";"mod.mmp-VISUA05.01.HS26_BS.002";"20251208T081500Z";"20251208T113000Z";"08.12.2025 09:15:00";"08.12.2025 12:30:00";"Tanja Hess";"tba";"mmp23c2"
"23c2 Visualisieren V";"mod.mmp-VISUA05.01.HS26_BS.002";"20251208T123000Z";"20251208T154500Z";"08.12.2025 13:30:00";"08.12.2025 16:45:00";"Tanja Hess";"tba";"mmp23c2"
"23c2 Visualisieren V";"mod.mmp-VISUA05.01.HS26_BS.002";"20251209T081500Z";"20251209T113000Z";"09.12.2025 09:15:00";"09.12.2025 12:30:00";"Tanja Hess";"tba";"mmp23c2"
"23c2 Visualisieren V";"mod.mmp-VISUA05.01.HS26_BS.002";"20251209T123000Z";"20251209T154500Z";"09.12.2025 13:30:00";"09.12.2025 16:45:00";"Tanja Hess";"tba";"mmp23c2"
"23c2 Visualisieren V";"mod.mmp-VISUA05.01.HS26_BS.002";"20251210T081500Z";"20251210T113000Z";"10.12.2025 09:15:00";"10.12.2025 12:30:00";"Tanja Hess";"tba";"mmp23c2"
"23c2 Visualisieren V";"mod.mmp-VISUA05.01.HS26_BS.002";"20251210T123000Z";"20251210T154500Z";"10.12.2025 13:30:00";"10.12.2025 16:45:00";"Tanja Hess";"tba";"mmp23c2"
"23c2 Visualisieren V";"mod.mmp-VISUA05.01.HS26_BS.002";"20251211T081500Z";"20251211T113000Z";"11.12.2025 09:15:00";"11.12.2025 12:30:00";"Tanja Hess";"tba";"mmp23c2"
"23c2 Visualisieren V";"mod.mmp-VISUA05.01.HS26_BS.002";"20251211T123000Z";"20251211T154500Z";"11.12.2025 13:30:00";"11.12.2025 16:45:00";"Tanja Hess";"tba";"mmp23c2"
"23b Visualisieren V";"mod.mmp-VISUA05.01.HS26_BS.003";"20251124T081500Z";"20251124T113000Z";"24.11.2025 09:15:00";"24.11.2025 12:30:00";"Tanja Hess";"140";"mmp23b"
"23b Visualisieren V";"mod.mmp-VISUA05.01.HS26_BS.003";"20251124T123000Z";"20251124T154500Z";"24.11.2025 13:30:00";"24.11.2025 16:45:00";"Tanja Hess";"140";"mmp23b"
"23b Visualisieren V";"mod.mmp-VISUA05.01.HS26_BS.003";"20251125T081500Z";"20251125T113000Z";"25.11.2025 09:15:00";"25.11.2025 12:30:00";"Tanja Hess";"140";"mmp23b"
"23b Visualisieren V";"mod.mmp-VISUA05.01.HS26_BS.003";"20251125T123000Z";"20251125T154500Z";"25.11.2025 13:30:00";"25.11.2025 16:45:00";"Tanja Hess";"140";"mmp23b"
"23b Visualisieren V";"mod.mmp-VISUA05.01.HS26_BS.003";"20251208T081500Z";"20251208T113000Z";"08.12.2025 09:15:00";"08.12.2025 12:30:00";"Tanja Hess";"Atelier";"mmp23b"
"23b Visualisieren V";"mod.mmp-VISUA05.01.HS26_BS.003";"20251208T123000Z";"20251208T154500Z";"08.12.2025 13:30:00";"08.12.2025 16:45:00";"Tanja Hess";"Atelier";"mmp23b"
"23b Visualisieren V";"mod.mmp-VISUA05.01.HS26_BS.003";"20251209T081500Z";"20251209T113000Z";"09.12.2025 09:15:00";"09.12.2025 12:30:00";"Tanja Hess";"Atelier";"mmp23b"
"23b Visualisieren V";"mod.mmp-VISUA05.01.HS26_BS.003";"20251209T123000Z";"20251209T154500Z";"09.12.2025 13:30:00";"09.12.2025 16:45:00";"Tanja Hess";"Atelier";"mmp23b"
"23b Visualisieren V";"mod.mmp-VISUA05.01.HS26_BS.003";"20251210T081500Z";"20251210T113000Z";"10.12.2025 09:15:00";"10.12.2025 12:30:00";"Tanja Hess";"Atelier";"mmp23b"
"23b Visualisieren V";"mod.mmp-VISUA05.01.HS26_BS.003";"20251210T123000Z";"20251210T154500Z";"10.12.2025 13:30:00";"10.12.2025 16:45:00";"Tanja Hess";"Atelier";"mmp23b"
"23b Visualisieren V";"mod.mmp-VISUA05.01.HS26_BS.003";"20251211T081500Z";"20251211T113000Z";"11.12.2025 09:15:00";"11.12.2025 12:30:00";"Tanja Hess";"Atelier";"mmp23b"
"23b Visualisieren V";"mod.mmp-VISUA05.01.HS26_BS.003";"20251211T123000Z";"20251211T154500Z";"11.12.2025 13:30:00";"11.12.2025 16:45:00";"Tanja Hess";"Atelier";"mmp23b"
"25c1 Mediensystem Schweiz – Medienrechtliche Grundlagen";"modk.mmp-MERECG01.V01.HS26_BS.001";"20251125T081500Z";"20251125T113000Z";"25.11.2025 09:15:00";"25.11.2025 12:30:00";"Daniel Köhler";"I 0.04/05";"mmp25c1"
"25c1 Mediensystem Schweiz – Medienrechtliche Grundlagen";"modk.mmp-MERECG01.V01.HS26_BS.001";"20251125T123000Z";"20251125T154500Z";"25.11.2025 13:30:00";"25.11.2025 16:45:00";"Daniel Köhler";"I 0.04/05";"mmp25c1"
"25c1 Mediensystem Schweiz – Medienrechtliche Grundlagen";"modk.mmp-MERECG01.V01.HS26_BS.001";"20251126T081500Z";"20251126T113000Z";"26.11.2025 09:15:00";"26.11.2025 12:30:00";"Daniel Köhler";"I 0.04/05";"mmp25c1"
"25c1 Mediensystem Schweiz – Medienrechtliche Grundlagen";"modk.mmp-MERECG01.V01.HS26_BS.001";"20251126T123000Z";"20251126T154500Z";"26.11.2025 13:30:00";"26.11.2025 16:45:00";"Daniel Köhler";"I 0.04/05";"mmp25c1"
"25c1 Mediensystem Schweiz – Medienrechtliche Grundlagen";"modk.mmp-MERECG01.V01.HS26_BS.001";"20260105T081500Z";"20260106T113000Z";"05.01.2026 09:15:00";"06.01.2026 12:30:00";"Daniel Köhler";"online";"mmp25c1"
"25c2 Mediensystem Schweiz – Medienrechtliche Grundlagen";"modk.mmp-MERECG01.V01.HS26_BS.002";"20251125T081500Z";"20251125T113000Z";"25.11.2025 09:15:00";"25.11.2025 12:30:00";"Daniel Köhler";"I 0.04/05";"mmp25c2"
"25c2 Mediensystem Schweiz – Medienrechtliche Grundlagen";"modk.mmp-MERECG01.V01.HS26_BS.002";"20251125T123000Z";"20251125T154500Z";"25.11.2025 13:30:00";"25.11.2025 16:45:00";"Daniel Köhler";"I 0.04/05";"mmp25c2"
"25c2 Mediensystem Schweiz – Medienrechtliche Grundlagen";"modk.mmp-MERECG01.V01.HS26_BS.002";"20251126T081500Z";"20251126T113000Z";"26.11.2025 09:15:00";"26.11.2025 12:30:00";"Daniel Köhler";"I 0.04/05";"mmp25c2"
"25c2 Mediensystem Schweiz – Medienrechtliche Grundlagen";"modk.mmp-MERECG01.V01.HS26_BS.002";"20251126T123000Z";"20251126T154500Z";"26.11.2025 13:30:00";"26.11.2025 16:45:00";"Daniel Köhler";"I 0.04/05";"mmp25c2"
"25c2 Mediensystem Schweiz – Medienrechtliche Grundlagen";"modk.mmp-MERECG01.V01.HS26_BS.002";"20260105T081500Z";"20260106T113000Z";"05.01.2026 09:15:00";"06.01.2026 12:30:00";"Daniel Köhler";"online";"mmp25c2"
"24cv Medienrecht I";"modk.mmp-MR1.HS26_BS.001";"20251201T081500Z";"20251201T113000Z";"01.12.2025 09:15:00";"01.12.2025 12:30:00";"Daniel Köhler";"Z0.03";"mmp24cv"
"24cv Medienrecht I";"modk.mmp-MR1.HS26_BS.001";"20251201T123000Z";"20251201T154500Z";"01.12.2025 13:30:00";"01.12.2025 16:45:00";"Daniel Köhler";"Z0.03";"mmp24cv"
"24cv Medienrecht I";"modk.mmp-MR1.HS26_BS.001";"20251202T081500Z";"20251202T113000Z";"02.12.2025 09:15:00";"02.12.2025 12:30:00";"Daniel Köhler";"Z0.03";"mmp24cv"
"24cv Medienrecht I";"modk.mmp-MR1.HS26_BS.001";"20251202T123000Z";"20251202T154500Z";"02.12.2025 13:30:00";"02.12.2025 16:45:00";"Daniel Köhler";"Z0.03";"mmp24cv"
"24cv Medienrecht I";"modk.mmp-MR1.HS26_BS.001";"20251209T081500Z";"20251209T113000Z";"09.12.2025 09:15:00";"09.12.2025 12:30:00";"Daniel Köhler";"Z0.03";"mmp24cv"
"24cv Medienrecht I";"modk.mmp-MR1.HS26_BS.001";"20251209T123000Z";"20251209T154500Z";"09.12.2025 13:30:00";"09.12.2025 16:45:00";"Daniel Köhler";"Z0.03";"mmp24cv"
"24c1 Medienrecht / Medien-Betriebswirtschaftslehre II - Medien-Betriebswirtschaftslehre";"modk.mmp-MEBWL2.V02.HS26_BS.001";"20251203T081500Z";"20251203T113000Z";"03.12.2025 09:15:00";"03.12.2025 12:30:00";"Marius Hagger";"I 0.04/05";"mmp24c1"
"24c1 Medienrecht / Medien-Betriebswirtschaftslehre II - Medien-Betriebswirtschaftslehre";"modk.mmp-MEBWL2.V02.HS26_BS.001";"20251203T123000Z";"20251203T154500Z";"03.12.2025 13:30:00";"03.12.2025 16:45:00";"Marius Hagger";"I 0.04/05";"mmp24c1"
"24c1 Medienrecht / Medien-Betriebswirtschaftslehre II - Medien-Betriebswirtschaftslehre";"modk.mmp-MEBWL2.V02.HS26_BS.001";"20251204T081500Z";"20251204T113000Z";"04.12.2025 09:15:00";"04.12.2025 12:30:00";"Marius Hagger";"I 0.04/05";"mmp24c1"
"24c1 Medienrecht / Medien-Betriebswirtschaftslehre II - Medien-Betriebswirtschaftslehre";"modk.mmp-MEBWL2.V02.HS26_BS.001";"20251204T123000Z";"20251204T154500Z";"04.12.2025 13:30:00";"04.12.2025 16:45:00";"Marius Hagger";"I 0.04/05";"mmp24c1"
"24c1 Medienrecht / Medien-Betriebswirtschaftslehre II - Medien-Betriebswirtschaftslehre";"modk.mmp-MEBWL2.V02.HS26_BS.001";"20251208T081500Z";"20251208T113000Z";"08.12.2025 09:15:00";"08.12.2025 12:30:00";"Marius Hagger";"I 0.04/05";"mmp24c1"
"24c1 Medienrecht / Medien-Betriebswirtschaftslehre II - Medien-Betriebswirtschaftslehre";"modk.mmp-MEBWL2.V02.HS26_BS.001";"20251208T123000Z";"20251208T154500Z";"08.12.2025 13:30:00";"08.12.2025 16:45:00";"Marius Hagger";"I 0.04/05";"mmp24c1"
"24c2 Medienrecht / Medien-Betriebswirtschaftslehre II - Medien-Betriebswirtschaftslehre";"modk.mmp-MEBWL2.V02.HS26_BS.002";"20251203T081500Z";"20251203T113000Z";"03.12.2025 09:15:00";"03.12.2025 12:30:00";"Marius Hagger";"I 0.04/05";"mmp24c2"
"24c2 Medienrecht / Medien-Betriebswirtschaftslehre II - Medien-Betriebswirtschaftslehre";"modk.mmp-MEBWL2.V02.HS26_BS.002";"20251203T123000Z";"20251203T154500Z";"03.12.2025 13:30:00";"03.12.2025 16:45:00";"Marius Hagger";"I 0.04/05";"mmp24c2"
"24c2 Medienrecht / Medien-Betriebswirtschaftslehre II - Medien-Betriebswirtschaftslehre";"modk.mmp-MEBWL2.V02.HS26_BS.002";"20251204T081500Z";"20251204T113000Z";"04.12.2025 09:15:00";"04.12.2025 12:30:00";"Marius Hagger";"I 0.04/05";"mmp24c2"
"24c2 Medienrecht / Medien-Betriebswirtschaftslehre II - Medien-Betriebswirtschaftslehre";"modk.mmp-MEBWL2.V02.HS26_BS.002";"20251204T123000Z";"20251204T154500Z";"04.12.2025 13:30:00";"04.12.2025 16:45:00";"Marius Hagger";"I 0.04/05";"mmp24c2"
"24c2 Medienrecht / Medien-Betriebswirtschaftslehre II - Medien-Betriebswirtschaftslehre";"modk.mmp-MEBWL2.V02.HS26_BS.002";"20251208T081500Z";"20251208T113000Z";"08.12.2025 09:15:00";"08.12.2025 12:30:00";"Marius Hagger";"I 0.04/05";"mmp24c2"
"24c2 Medienrecht / Medien-Betriebswirtschaftslehre II - Medien-Betriebswirtschaftslehre";"modk.mmp-MEBWL2.V02.HS26_BS.002";"20251208T123000Z";"20251208T154500Z";"08.12.2025 13:30:00";"08.12.2025 16:45:00";"Marius Hagger";"I 0.04/05";"mmp24c2"
"24b Medienrecht / Medien-Betriebswirtschaftslehre II - Medien-Betriebswirtschaftslehre";"modk.mmp-MEBWL2.V02.HS26_BS.003";"20251210T081500Z";"20251210T113000Z";"10.12.2025 09:15:00";"10.12.2025 12:30:00";"Marius Hagger";"010";"mmp24b"
"24b Medienrecht / Medien-Betriebswirtschaftslehre II - Medien-Betriebswirtschaftslehre";"modk.mmp-MEBWL2.V02.HS26_BS.003";"20251210T123000Z";"20251210T154500Z";"10.12.2025 13:30:00";"10.12.2025 16:45:00";"Marius Hagger";"010";"mmp24b"
"24b Medienrecht / Medien-Betriebswirtschaftslehre II - Medien-Betriebswirtschaftslehre";"modk.mmp-MEBWL2.V02.HS26_BS.003";"20251215T081500Z";"20251215T113000Z";"15.12.2025 09:15:00";"15.12.2025 12:30:00";"Marius Hagger";"140";"mmp24b"
"24b Medienrecht / Medien-Betriebswirtschaftslehre II - Medien-Betriebswirtschaftslehre";"modk.mmp-MEBWL2.V02.HS26_BS.003";"20251215T123000Z";"20251215T154500Z";"15.12.2025 13:30:00";"15.12.2025 16:45:00";"Marius Hagger";"140";"mmp24b"
"24b Medienrecht / Medien-Betriebswirtschaftslehre II - Medien-Betriebswirtschaftslehre";"modk.mmp-MEBWL2.V02.HS26_BS.003";"20260106T081500Z";"20260107T113000Z";"06.01.2026 09:15:00";"07.01.2026 12:30:00";"Marius Hagger";"online";"mmp24b"
"24b Medienrecht / Medien-Betriebswirtschaftslehre II - Medien-Betriebswirtschaftslehre";"modk.mmp-MEBWL2.V02.HS26_BS.003";"20260106T123000Z";"18991230T163539Z";"06.01.2026 13:30:00";"30.12.1899 17:35:39";"Marius Hagger";"online";"mmp24b"