"Kursname 113";"Anlassnummer";"Startzeit";"Endzeit";"StartzeitN";"EndzeitN";"Modulleitung";"Raum";"Klasse"
"23cv Markt- und Medienforschung II";"modk.mmp-KOMWIFO2.V03.HS26_BS.001";"20260907T071500Z";"20260907T103000Z";"07.09.2026 09:15:00";"07.09.2026 12:30:00";"Amina Ovcina Cajacob";"online";"mmp23cv"
"23cv Markt- und Medienforschung II";"modk.mmp-KOMWIFO2.V03.HS26_BS.001";"20260915T071500Z";"20260915T103000Z";"15.09.2026 09:15:00";"15.09.2026 12:30:00";"Amina Ovcina Cajacob";"Z2.03";"mmp23cv"
"24c1 Schreiben und Sprechen V";"mod.mmp-SRSP05.HS26_BS.001";"20260907T113000Z";"20260907T144500Z";"07.09.2026 13:30:00";"07.09.2026 16:45:00";"Petra Hasler";"online";"mmp24c1"
"24c1 Schreiben und Sprechen V";"mod.mmp-SRSP05.HS26_BS.001";"20260909T071500Z";"20260909T103000Z";"09.09.2026 09:15:00";"09.09.2026 12:30:00";"Petra Hasler";"ganze Eduzone / I-0,11 / I0,08 / Radiostudio";"mmp24c1"
"24c1 Schreiben und Sprechen V";"mod.mmp-SRSP05.HS26_BS.001";"20260909T113000Z";"20260909T144500Z";"09.09.2026 13:30:00";"09.09.2026 16:45:00";"Petra Hasler";"ganze Eduzone / I-0,11 / I0,08 / Radiostudio";"mmp24c1"
"24c1 Schreiben und Sprechen V";"mod.mmp-SRSP05.HS26_BS.001";"20260914T071500Z";"20260914T103000Z";"14.09.2026 09:15:00";"14.09.2026 12:30:00";"Petra Hasler";"tba";"mmp24c1"
"24c1 Schreiben und Sprechen V";"mod.mmp-SRSP05.HS26_BS.001";"20260914T113000Z";"20260914T144500Z";"14.09.2026 13:30:00";"14.09.2026 16:45:00";"Petra Hasler";"online";"mmp24c1"
"24c1 Schreiben und Sprechen V";"mod.mmp-SRSP05.HS26_BS.001";"20260915T071500Z";"20260915T103000Z";"15.09.2026 09:15:00";"15.09.2026 12:30:00";"Petra Hasler";"online";"mmp24c1"
"24c1 Schreiben und Sprechen V";"mod.mmp-SRSP05.HS26_BS.001";"20260915T113000Z";"20260915T144500Z";"15.09.2026 13:30:00";"15.09.2026 16:45:00";"Petra Hasler";"tba";"mmp24c1"
"24c1 Schreiben und Sprechen V";"mod.mmp-SRSP05.HS26_BS.001";"20260916T071500Z";"20260916T103000Z";"16.09.2026 09:15:00";"16.09.2026 12:30:00";"Petra Hasler";"A1.02";"mmp24c1"
"24c1 Schreiben und Sprechen V";"mod.mmp-SRSP05.HS26_BS.001";"20260916T113000Z";"20260916T144500Z";"16.09.2026 13:30:00";"16.09.2026 16:45:00";"Petra Hasler";"A1.02";"mmp24c1"
"24c1 Schreiben und Sprechen V";"mod.mmp-SRSP05.HS26_BS.001";"20261005T071500Z";"20261005T103000Z";"05.10.2026 09:15:00";"05.10.2026 12:30:00";"Petra Hasler";"online";"mmp24c1"
"24c1 Schreiben und Sprechen V";"mod.mmp-SRSP05.HS26_BS.001";"20261005T113000Z";"20261005T144500Z";"05.10.2026 13:30:00";"05.10.2026 16:45:00";"Petra Hasler";"online";"mmp24c1"
"24c1 Schreiben und Sprechen V";"mod.mmp-SRSP05.HS26_BS.001";"20261006T071500Z";"20261006T103000Z";"06.10.2026 09:15:00";"06.10.2026 12:30:00";"Petra Hasler";"I 0.04/05";"mmp24c1"
"24c1 Schreiben und Sprechen V";"mod.mmp-SRSP05.HS26_BS.001";"20261006T113000Z";"20261006T144500Z";"06.10.2026 13:30:00";"06.10.2026 16:45:00";"Petra Hasler";"I 0.04/05";"mmp24c1"
"24c1 Schreiben und Sprechen V";"mod.mmp-SRSP05.HS26_BS.001";"20261007T071500Z";"20261007T103000Z";"07.10.2026 09:15:00";"07.10.2026 12:30:00";"Petra Hasler";"A1,02";"mmp24c1"
"24c1 Schreiben und Sprechen V";"mod.mmp-SRSP05.HS26_BS.001";"20261007T113000Z";"20261007T144500Z";"07.10.2026 13:30:00";"07.10.2026 16:45:00";"Petra Hasler";"A1,02";"mmp24c1"
"24c1 Schreiben und Sprechen V";"mod.mmp-SRSP05.HS26_BS.001";"20261112T081500Z";"20261112T113000Z";"12.11.2026 09:15:00";"12.11.2026 12:30:00";"Petra Hasler";"I 0.04/05";"mmp24c1"
"24c1 Schreiben und Sprechen V";"mod.mmp-SRSP05.HS26_BS.001";"20261112T123000Z";"20261112T154500Z";"12.11.2026 13:30:00";"12.11.2026 16:45:00";"Petra Hasler";"I 0.04/05";"mmp24c1"
"24c1 Schreiben und Sprechen V";"mod.mmp-SRSP05.HS26_BS.001";"20261125T081500Z";"20261125T113000Z";"25.11.2026 09:15:00";"25.11.2026 12:30:00";"Petra Hasler";"I 0.30/I 031";"mmp24c1"
"24c1 Schreiben und Sprechen V";"mod.mmp-SRSP05.HS26_BS.001";"20261125T123000Z";"20261125T154500Z";"25.11.2026 13:30:00";"25.11.2026 16:45:00";"Petra Hasler";"I 0.30/I 031";"mmp24c1"
"24c2 Schreiben und Sprechen V";"mod.mmp-SRSP05.HS26_BS.002";"20260907T113000Z";"20260907T144500Z";"07.09.2026 13:30:00";"07.09.2026 16:45:00";"Petra Hasler";"online";"mmp24c2"
"24c2 Schreiben und Sprechen V";"mod.mmp-SRSP05.HS26_BS.002";"20260909T071500Z";"20260909T103000Z";"09.09.2026 09:15:00";"09.09.2026 12:30:00";"Petra Hasler";"ganze Eduzone / I-0,11 / I0,08 / Radiostudio";"mmp24c2"
"24c2 Schreiben und Sprechen V";"mod.mmp-SRSP05.HS26_BS.002";"20260909T113000Z";"20260909T144500Z";"09.09.2026 13:30:00";"09.09.2026 16:45:00";"Petra Hasler";"ganze Eduzone / I-0,11 / I0,08 / Radiostudio";"mmp24c2"
"24c2 Schreiben und Sprechen V";"mod.mmp-SRSP05.HS26_BS.002";"20260914T071500Z";"20260914T103000Z";"14.09.2026 09:15:00";"14.09.2026 12:30:00";"Petra Hasler";"tba";"mmp24c2"
"24c2 Schreiben und Sprechen V";"mod.mmp-SRSP05.HS26_BS.002";"20260914T113000Z";"20260914T144500Z";"14.09.2026 13:30:00";"14.09.2026 16:45:00";"Petra Hasler";"online";"mmp24c2"
"24c2 Schreiben und Sprechen V";"mod.mmp-SRSP05.HS26_BS.002";"20260915T071500Z";"20260915T103000Z";"15.09.2026 09:15:00";"15.09.2026 12:30:00";"Petra Hasler";"online";"mmp24c2"
"24c2 Schreiben und Sprechen V";"mod.mmp-SRSP05.HS26_BS.002";"20260915T113000Z";"20260915T144500Z";"15.09.2026 13:30:00";"15.09.2026 16:45:00";"Petra Hasler";"tba";"mmp24c2"
"24c2 Schreiben und Sprechen V";"mod.mmp-SRSP05.HS26_BS.002";"20260916T071500Z";"20260916T103000Z";"16.09.2026 09:15:00";"16.09.2026 12:30:00";"Petra Hasler";"A1.02 / Bibliothek";"mmp24c2"
"24c2 Schreiben und Sprechen V";"mod.mmp-SRSP05.HS26_BS.002";"20260916T113000Z";"20260916T144500Z";"16.09.2026 13:30:00";"16.09.2026 16:45:00";"Petra Hasler";"A1.02";"mmp24c2"
"24c2 Schreiben und Sprechen V";"mod.mmp-SRSP05.HS26_BS.002";"20261005T071500Z";"20261005T103000Z";"05.10.2026 09:15:00";"05.10.2026 12:30:00";"Petra Hasler";"online";"mmp24c2"
"24c2 Schreiben und Sprechen V";"mod.mmp-SRSP05.HS26_BS.002";"20261005T113000Z";"20261005T144500Z";"05.10.2026 13:30:00";"05.10.2026 16:45:00";"Petra Hasler";"online";"mmp24c2"
"24c2 Schreiben und Sprechen V";"mod.mmp-SRSP05.HS26_BS.002";"20261006T071500Z";"20261006T103000Z";"06.10.2026 09:15:00";"06.10.2026 12:30:00";"Petra Hasler";"I 0.31";"mmp24c2"
"24c2 Schreiben und Sprechen V";"mod.mmp-SRSP05.HS26_BS.002";"20261006T113000Z";"20261006T144500Z";"06.10.2026 13:30:00";"06.10.2026 16:45:00";"Petra Hasler";"I 0.31";"mmp24c2"
"24c2 Schreiben und Sprechen V";"mod.mmp-SRSP05.HS26_BS.002";"20261007T071500Z";"20261007T103000Z";"07.10.2026 09:15:00";"07.10.2026 12:30:00";"Petra Hasler";"A1,02";"mmp24c2"
"24c2 Schreiben und Sprechen V";"mod.mmp-SRSP05.HS26_BS.002";"20261007T113000Z";"20261007T144500Z";"07.10.2026 13:30:00";"07.10.2026 16:45:00";"Petra Hasler";"A1,02";"mmp24c2"
"24c2 Schreiben und Sprechen V";"mod.mmp-SRSP05.HS26_BS.002";"20261112T081500Z";"20261112T113000Z";"12.11.2026 09:15:00";"12.11.2026 12:30:00";"Petra Hasler";"I 0.04/05";"mmp24c2"
"24c2 Schreiben und Sprechen V";"mod.mmp-SRSP05.HS26_BS.002";"20261112T123000Z";"20261112T154500Z";"12.11.2026 13:30:00";"12.11.2026 16:45:00";"Petra Hasler";"I 0.04/05";"mmp24c2"
"24c2 Schreiben und Sprechen V";"mod.mmp-SRSP05.HS26_BS.002";"20261125T081500Z";"20261125T113000Z";"25.11.2026 09:15:00";"25.11.2026 12:30:00";"Petra Hasler";"I 0.30/I 031";"mmp24c2"
"24c2 Schreiben und Sprechen V";"mod.mmp-SRSP05.HS26_BS.002";"20261125T123000Z";"20261125T154500Z";"25.11.2026 13:30:00";"25.11.2026 16:45:00";"Petra Hasler";"I 0.30/I 031";"mmp24c2"
"24b Schreiben und Sprechen V";"mod.mmp-SRSP05.HS26_BS.003";"20260907T113000Z";"20260907T144500Z";"07.09.2026 13:30:00";"07.09.2026 16:45:00";"Petra Hasler";"online";"mmp24b"
"24b Schreiben und Sprechen V";"mod.mmp-SRSP05.HS26_BS.003";"20260908T071500Z";"20260908T103000Z";"08.09.2026 09:15:00";"08.09.2026 12:30:00";"Petra Hasler";"140/010/211/130/250/210/221";"mmp24b"
"24b Schreiben und Sprechen V";"mod.mmp-SRSP05.HS26_BS.003";"20260908T113000Z";"20260908T144500Z";"08.09.2026 13:30:00";"08.09.2026 16:45:00";"Petra Hasler";"140/010/211/130/250/210/221";"mmp24b"
"24b Schreiben und Sprechen V";"mod.mmp-SRSP05.HS26_BS.003";"20260909T071500Z";"20260909T103000Z";"09.09.2026 09:15:00";"09.09.2026 12:30:00";"Petra Hasler";"online";"mmp24b"
"24b Schreiben und Sprechen V";"mod.mmp-SRSP05.HS26_BS.003";"20260909T113000Z";"20260909T144500Z";"09.09.2026 13:30:00";"09.09.2026 16:45:00";"Petra Hasler";"online";"mmp24b"
"24b Schreiben und Sprechen V";"mod.mmp-SRSP05.HS26_BS.003";"20260914T071500Z";"20260914T103000Z";"14.09.2026 09:15:00";"14.09.2026 12:30:00";"Petra Hasler";"online";"mmp24b"
"24b Schreiben und Sprechen V";"mod.mmp-SRSP05.HS26_BS.003";"20260914T113000Z";"20260914T144500Z";"14.09.2026 13:30:00";"14.09.2026 16:45:00";"Petra Hasler";"online";"mmp24b"
"24b Schreiben und Sprechen V";"mod.mmp-SRSP05.HS26_BS.003";"20260916T071500Z";"20260916T103000Z";"16.09.2026 09:15:00";"16.09.2026 12:30:00";"Petra Hasler";"Bibliothek Fellerstrasse";"mmp24b"
"24b Schreiben und Sprechen V";"mod.mmp-SRSP05.HS26_BS.003";"20260916T113000Z";"20260916T144500Z";"16.09.2026 13:30:00";"16.09.2026 16:45:00";"Petra Hasler";"010";"mmp24b"
"24b Schreiben und Sprechen V";"mod.mmp-SRSP05.HS26_BS.003";"20261005T071500Z";"20261005T103000Z";"05.10.2026 09:15:00";"05.10.2026 12:30:00";"Petra Hasler";"online";"mmp24b"
"24b Schreiben und Sprechen V";"mod.mmp-SRSP05.HS26_BS.003";"20261005T113000Z";"20261005T144500Z";"05.10.2026 13:30:00";"05.10.2026 16:45:00";"Petra Hasler";"online";"mmp24b"
"24b Schreiben und Sprechen V";"mod.mmp-SRSP05.HS26_BS.003";"20261006T071500Z";"20261006T103000Z";"06.10.2026 09:15:00";"06.10.2026 12:30:00";"Petra Hasler";"211";"mmp24b"
"24b Schreiben und Sprechen V";"mod.mmp-SRSP05.HS26_BS.003";"20261006T113000Z";"20261006T144500Z";"06.10.2026 13:30:00";"06.10.2026 16:45:00";"Petra Hasler";"211";"mmp24b"
"24b Schreiben und Sprechen V";"mod.mmp-SRSP05.HS26_BS.003";"20261008T071500Z";"20261008T103000Z";"08.10.2026 09:15:00";"08.10.2026 12:30:00";"Petra Hasler";"211/250/130";"mmp24b"
"24b Schreiben und Sprechen V";"mod.mmp-SRSP05.HS26_BS.003";"20261008T113000Z";"20261008T144500Z";"08.10.2026 13:30:00";"08.10.2026 16:45:00";"Petra Hasler";"211/250/130";"mmp24b"
"24b Schreiben und Sprechen V";"mod.mmp-SRSP05.HS26_BS.003";"20261111T081500Z";"20261111T113000Z";"11.11.2026 09:15:00";"11.11.2026 12:30:00";"Petra Hasler";"211";"mmp24b"
"24b Schreiben und Sprechen V";"mod.mmp-SRSP05.HS26_BS.003";"20261111T123000Z";"20261111T154500Z";"11.11.2026 13:30:00";"11.11.2026 16:45:00";"Petra Hasler";"211";"mmp24b"
"24b Schreiben und Sprechen V";"mod.mmp-SRSP05.HS26_BS.003";"20261125T081500Z";"20261125T113000Z";"25.11.2026 09:15:00";"25.11.2026 12:30:00";"Petra Hasler";"211/250";"mmp24b"
"24b Schreiben und Sprechen V";"mod.mmp-SRSP05.HS26_BS.003";"20261125T123000Z";"20261125T154500Z";"25.11.2026 13:30:00";"25.11.2026 16:45:00";"Petra Hasler";"211/250";"mmp24b"
"23cv Schreiben und Sprechen V";"mod.mmp-SRSP05.HS26_BS.004";"20260907T113000Z";"20260907T144500Z";"07.09.2026 13:30:00";"07.09.2026 16:45:00";"Petra Hasler";"online";"mmp23cv"
"23cv Schreiben und Sprechen V";"mod.mmp-SRSP05.HS26_BS.004";"20260908T071500Z";"20260908T103000Z";"08.09.2026 09:15:00";"08.09.2026 12:30:00";"Petra Hasler";"in Bern";"mmp23cv"
"23cv Schreiben und Sprechen V";"mod.mmp-SRSP05.HS26_BS.004";"20260908T113000Z";"20260908T144500Z";"08.09.2026 13:30:00";"08.09.2026 16:45:00";"Petra Hasler";"in Bern";"mmp23cv"
"23cv Schreiben und Sprechen V";"mod.mmp-SRSP05.HS26_BS.004";"20260914T071500Z";"20260914T103000Z";"14.09.2026 09:15:00";"14.09.2026 12:30:00";"Petra Hasler";"online";"mmp23cv"
"23cv Schreiben und Sprechen V";"mod.mmp-SRSP05.HS26_BS.004";"20260914T113000Z";"20260914T144500Z";"14.09.2026 13:30:00";"14.09.2026 16:45:00";"Petra Hasler";"online";"mmp23cv"
"23cv Schreiben und Sprechen V";"mod.mmp-SRSP05.HS26_BS.004";"20260915T113000Z";"20260915T144500Z";"15.09.2026 13:30:00";"15.09.2026 16:45:00";"Petra Hasler";"Z2.03";"mmp23cv"
"23cv Schreiben und Sprechen V";"mod.mmp-SRSP05.HS26_BS.004";"20261005T113000Z";"20261005T144500Z";"05.10.2026 13:30:00";"05.10.2026 16:45:00";"Petra Hasler";"online";"mmp23cv"
"23cv Schreiben und Sprechen V";"mod.mmp-SRSP05.HS26_BS.004";"20261006T071500Z";"20261006T103000Z";"06.10.2026 09:15:00";"06.10.2026 12:30:00";"Petra Hasler";"Z2.03";"mmp23cv"
"23cv Schreiben und Sprechen V";"mod.mmp-SRSP05.HS26_BS.004";"20261006T113000Z";"20261006T144500Z";"06.10.2026 13:30:00";"06.10.2026 16:45:00";"Petra Hasler";"Z2.03";"mmp23cv"
"23cv Schreiben und Sprechen V";"mod.mmp-SRSP05.HS26_BS.004";"20261019T071500Z";"20261019T103000Z";"19.10.2026 09:15:00";"19.10.2026 12:30:00";"Petra Hasler";"Z2.03";"mmp23cv"
"23cv Schreiben und Sprechen V";"mod.mmp-SRSP05.HS26_BS.004";"20261123T081500Z";"20261123T113000Z";"23.11.2026 09:15:00";"23.11.2026 12:30:00";"Petra Hasler";"Z2.03";"mmp23cv"
"23cv Schreiben und Sprechen V";"mod.mmp-SRSP05.HS26_BS.004";"20261123T123000Z";"20261123T154500Z";"23.11.2026 13:30:00";"23.11.2026 16:45:00";"Petra Hasler";"Z2.03";"mmp23cv"
"25c1 Medienrecht / Medien-Betriebswirtschaftslehre II - Medienrecht 2";"modk.mmp-MR2.V02.HS26_BS.001";"20260914T071500Z";"20260914T103000Z";"14.09.2026 09:15:00";"14.09.2026 12:30:00";"Daniel Köhler";"I 0.31";"mmp25c1"
"25c1 Medienrecht / Medien-Betriebswirtschaftslehre II - Medienrecht 2";"modk.mmp-MR2.V02.HS26_BS.001";"20260917T113000Z";"20260917T144500Z";"17.09.2026 13:30:00";"17.09.2026 16:45:00";"Daniel Köhler";"I 0.31";"mmp25c1"
"25c1 Medienrecht / Medien-Betriebswirtschaftslehre II - Medienrecht 2";"modk.mmp-MR2.V02.HS26_BS.001";"20261027T081500Z";"20261027T113000Z";"27.10.2026 09:15:00";"27.10.2026 12:30:00";"Daniel Köhler";"I 0.31";"mmp25c1"
"25c1 Medienrecht / Medien-Betriebswirtschaftslehre II - Medienrecht 2";"modk.mmp-MR2.V02.HS26_BS.001";"20261103T123000Z";"20261103T154500Z";"03.11.2026 13:30:00";"03.11.2026 16:45:00";"Daniel Köhler";"I 0.31";"mmp25c1"
"25c1 Medienrecht / Medien-Betriebswirtschaftslehre II - Medienrecht 2";"modk.mmp-MR2.V02.HS26_BS.001";"20261130T081500Z";"20261130T113000Z";"30.11.2026 09:15:00";"30.11.2026 12:30:00";"Daniel Köhler";"I 0.31";"mmp25c1"
"25c1 Medienrecht / Medien-Betriebswirtschaftslehre II - Medienrecht 2";"modk.mmp-MR2.V02.HS26_BS.001";"20261201T081500Z";"20261201T113000Z";"01.12.2026 09:15:00";"01.12.2026 12:30:00";"Daniel Köhler";"I 0.31";"mmp25c1"
"25c1 Medienrecht / Medien-Betriebswirtschaftslehre II - Medienrecht 2";"modk.mmp-MR2.V02.HS26_BS.001";"20261208T123000Z";"20261208T154500Z";"08.12.2026 13:30:00";"08.12.2026 16:45:00";"Daniel Köhler";"A1.02";"mmp25c1"
"25c1 Medienrecht / Medien-Betriebswirtschaftslehre II - Medienrecht 2";"modk.mmp-MR2.V02.HS26_BS.001";"20261214T123000Z";"20261214T154500Z";"14.12.2026 13:30:00";"14.12.2026 16:45:00";"Daniel Köhler";"I 0.31";"mmp25c1"
"25b Audiovisuelles Erzählen III";"mod.mmp-AVE03.HS26_BS.003";"20260914T071500Z";"20260914T103000Z";"14.09.2026 09:15:00";"14.09.2026 12:30:00";"Merle Jothe/Andrin Egger";"140";"mmp25b"
"25b Audiovisuelles Erzählen III";"mod.mmp-AVE03.HS26_BS.003";"20260914T113000Z";"20260914T144500Z";"14.09.2026 13:30:00";"14.09.2026 16:45:00";"Merle Jothe/Andrin Egger";"140";"mmp25b"
"25b Audiovisuelles Erzählen III";"mod.mmp-AVE03.HS26_BS.003";"20261007T071500Z";"20261007T103000Z";"07.10.2026 09:15:00";"07.10.2026 12:30:00";"Merle Jothe/Andrin Egger";"211/250";"mmp25b"
"25b Audiovisuelles Erzählen III";"mod.mmp-AVE03.HS26_BS.003";"20261007T113000Z";"20261007T144500Z";"07.10.2026 13:30:00";"07.10.2026 16:45:00";"Merle Jothe/Andrin Egger";"211/250";"mmp25b"
"25b Audiovisuelles Erzählen III";"mod.mmp-AVE03.HS26_BS.003";"20261019T071500Z";"20261019T103000Z";"19.10.2026 09:15:00";"19.10.2026 12:30:00";"Merle Jothe/Andrin Egger";"tba";"mmp25b"
"25b Audiovisuelles Erzählen III";"mod.mmp-AVE03.HS26_BS.003";"20261019T113000Z";"20261019T144500Z";"19.10.2026 13:30:00";"19.10.2026 16:45:00";"Merle Jothe/Andrin Egger";"tba";"mmp25b"
"25b Audiovisuelles Erzählen III";"mod.mmp-AVE03.HS26_BS.003";"20261020T071500Z";"20261020T103000Z";"20.10.2026 09:15:00";"20.10.2026 12:30:00";"Merle Jothe/Andrin Egger";"tba";"mmp25b"
"25b Audiovisuelles Erzählen III";"mod.mmp-AVE03.HS26_BS.003";"20261020T113000Z";"20261020T144500Z";"20.10.2026 13:30:00";"20.10.2026 16:45:00";"Merle Jothe/Andrin Egger";"tba";"mmp25b"
"25b Audiovisuelles Erzählen III";"mod.mmp-AVE03.HS26_BS.003";"20261021T071500Z";"20261021T103000Z";"21.10.2026 09:15:00";"21.10.2026 12:30:00";"Merle Jothe/Andrin Egger";"tba";"mmp25b"
"25b Audiovisuelles Erzählen III";"mod.mmp-AVE03.HS26_BS.003";"20261021T113000Z";"20261021T144500Z";"21.10.2026 13:30:00";"21.10.2026 16:45:00";"Merle Jothe/Andrin Egger";"tba";"mmp25b"
"25b Audiovisuelles Erzählen III";"mod.mmp-AVE03.HS26_BS.003";"20261022T071500Z";"20261022T103000Z";"22.10.2026 09:15:00";"22.10.2026 12:30:00";"Merle Jothe/Andrin Egger";"tba";"mmp25b"
"25b Audiovisuelles Erzählen III";"mod.mmp-AVE03.HS26_BS.003";"20261022T113000Z";"20261022T144500Z";"22.10.2026 13:30:00";"22.10.2026 16:45:00";"Merle Jothe/Andrin Egger";"tba";"mmp25b"
"25b Audiovisuelles Erzählen III";"mod.mmp-AVE03.HS26_BS.003";"20261023T071500Z";"20261023T103000Z";"23.10.2026 09:15:00";"23.10.2026 12:30:00";"Merle Jothe/Andrin Egger";"tba";"mmp25b"
"25b Audiovisuelles Erzählen III";"mod.mmp-AVE03.HS26_BS.003";"20261023T113000Z";"20261023T144500Z";"23.10.2026 13:30:00";"23.10.2026 16:45:00";"Merle Jothe/Andrin Egger";"tba";"mmp25b"
"25b Audiovisuelles Erzählen III";"mod.mmp-AVE03.HS26_BS.003";"20261104T123000Z";"20261104T154500Z";"04.11.2026 13:30:00";"04.11.2026 16:45:00";"Merle Jothe/Andrin Egger";"010";"mmp25b"
"25b Audiovisuelles Erzählen III";"mod.mmp-AVE03.HS26_BS.003";"20261216T081500Z";"20261216T113000Z";"16.12.2026 09:15:00";"16.12.2026 12:30:00";"Merle Jothe/Andrin Egger";"online";"mmp25b"
"25b Audiovisuelles Erzählen III";"mod.mmp-AVE03.HS26_BS.003";"20261216T123000Z";"20261216T154500Z";"16.12.2026 13:30:00";"16.12.2026 16:45:00";"Merle Jothe/Andrin Egger";"211";"mmp25b"
"25cv Corporate Communications II: Relations – Instrumente der Corporate Communications";"modk.mmp-CHUKRIKO.V1.HS26_BS.004";"20260914T071500Z";"20260914T103000Z";"14.09.2026 09:15:00";"14.09.2026 12:30:00";"Sebastian Drews";"Z0.03/ Z1.16 / Z0.12";"mmp25cv"
"25cv Corporate Communications II: Relations – Instrumente der Corporate Communications";"modk.mmp-CHUKRIKO.V1.HS26_BS.004";"20261006T071500Z";"20261006T103000Z";"06.10.2026 09:15:00";"06.10.2026 12:30:00";"Sebastian Drews";"Z, Z Z0.03, Z Z0.11, Z Z-1.16";"mmp25cv"
"25cv Corporate Communications II: Relations – Instrumente der Corporate Communications";"modk.mmp-CHUKRIKO.V1.HS26_BS.004";"20261123T081500Z";"20261123T113000Z";"23.11.2026 09:15:00";"23.11.2026 12:30:00";"Sebastian Drews";"Z0.03 / 0.12 / 1.16";"mmp25cv"
"25cv Corporate Communications II: Relations – Instrumente der Corporate Communications";"modk.mmp-CHUKRIKO.V1.HS26_BS.004";"20261123T123000Z";"20261123T154500Z";"23.11.2026 13:30:00";"23.11.2026 16:45:00";"Sebastian Drews";"Z0.03 / 0.12 / 1.16";"mmp25cv"
"25cv Corporate Communications II: Relations – Instrumente der Corporate Communications";"modk.mmp-CHUKRIKO.V1.HS26_BS.004";"20270104T081500Z";"20270105T113000Z";"04.01.2027 09:15:00";"05.01.2027 12:30:00";"Sebastian Drews";"Z0.03";"mmp25cv"
"25cv Corporate Communications II: Relations – Instrumente der Corporate Communications";"modk.mmp-CHUKRIKO.V1.HS26_BS.004";"20270105T123000Z";"18991230T163539Z";"05.01.2027 13:30:00";"30.12.1899 17:35:39";"Sebastian Drews";"Z0.03";"mmp25cv"
"26c1 DesignThinking";"modk.mmp-DESTHI.HS26_BS.001";"20260914T113000Z";"20260914T144500Z";"14.09.2026 13:30:00";"14.09.2026 16:45:00";"Sebastian Drews";"ganze Eduzone";"mmp26c1"
"26c1 DesignThinking";"modk.mmp-DESTHI.HS26_BS.001";"20260915T071500Z";"20260915T103000Z";"15.09.2026 09:15:00";"15.09.2026 12:30:00";"Sebastian Drews";"ganze Eduzone";"mmp26c1"
"26c1 DesignThinking";"modk.mmp-DESTHI.HS26_BS.001";"20260915T113000Z";"20260915T144500Z";"15.09.2026 13:30:00";"15.09.2026 16:45:00";"Sebastian Drews";"ganze Eduzone";"mmp26c1"
"26c1 DesignThinking";"modk.mmp-DESTHI.HS26_BS.001";"20260916T071500Z";"20260916T103000Z";"16.09.2026 09:15:00";"16.09.2026 12:30:00";"Sebastian Drews";"ganze Eduzone";"mmp26c1"
"26c1 DesignThinking";"modk.mmp-DESTHI.HS26_BS.001";"20260916T113000Z";"20260916T144500Z";"16.09.2026 13:30:00";"16.09.2026 16:45:00";"Sebastian Drews";"ganze Eduzone";"mmp26c1"
"26c1 DesignThinking";"modk.mmp-DESTHI.HS26_BS.001";"20260917T071500Z";"20260917T103000Z";"17.09.2026 09:15:00";"17.09.2026 12:30:00";"Sebastian Drews";"ganze Eduzone";"mmp26c1"
"26c1 DesignThinking";"modk.mmp-DESTHI.HS26_BS.001";"20260917T113000Z";"20260917T144500Z";"17.09.2026 13:30:00";"17.09.2026 16:45:00";"Sebastian Drews";"ganze Eduzone";"mmp26c1"
"26c2 DesignThinking";"modk.mmp-DESTHI.HS26_BS.002";"20260914T113000Z";"20260914T144500Z";"14.09.2026 13:30:00";"14.09.2026 16:45:00";"Sebastian Drews";"ganze Eduzone";"mmp26c2"
"26c2 DesignThinking";"modk.mmp-DESTHI.HS26_BS.002";"20260915T071500Z";"20260915T103000Z";"15.09.2026 09:15:00";"15.09.2026 12:30:00";"Sebastian Drews";"ganze Eduzone";"mmp26c2"
"26c2 DesignThinking";"modk.mmp-DESTHI.HS26_BS.002";"20260915T113000Z";"20260915T144500Z";"15.09.2026 13:30:00";"15.09.2026 16:45:00";"Sebastian Drews";"ganze Eduzone";"mmp26c2"
"26c2 DesignThinking";"modk.mmp-DESTHI.HS26_BS.002";"20260916T071500Z";"20260916T103000Z";"16.09.2026 09:15:00";"16.09.2026 12:30:00";"Sebastian Drews";"ganze Eduzone";"mmp26c2"
"26c2 DesignThinking";"modk.mmp-DESTHI.HS26_BS.002";"20260916T113000Z";"20260916T144500Z";"16.09.2026 13:30:00";"16.09.2026 16:45:00";"Sebastian Drews";"ganze Eduzone";"mmp26c2"
"26c2 DesignThinking";"modk.mmp-DESTHI.HS26_BS.002";"20260917T071500Z";"20260917T103000Z";"17.09.2026 09:15:00";"17.09.2026 12:30:00";"Sebastian Drews";"ganze Eduzone";"mmp26c2"
"26c2 DesignThinking";"modk.mmp-DESTHI.HS26_BS.002";"20260917T113000Z";"20260917T144500Z";"17.09.2026 13:30:00";"17.09.2026 16:45:00";"Sebastian Drews";"ganze Eduzone";"mmp26c2"
"26b DesignThinking";"modk.mmp-DESTHI.HS26_BS.003";"20260914T113000Z";"20260914T144500Z";"14.09.2026 13:30:00";"14.09.2026 16:45:00";"Sebastian Drews";"211 / 250";"mmp26b"
"26b DesignThinking";"modk.mmp-DESTHI.HS26_BS.003";"20260915T071500Z";"20260915T103000Z";"15.09.2026 09:15:00";"15.09.2026 12:30:00";"Sebastian Drews";"211 / 250";"mmp26b"
"26b DesignThinking";"modk.mmp-DESTHI.HS26_BS.003";"20260915T113000Z";"20260915T144500Z";"15.09.2026 13:30:00";"15.09.2026 16:45:00";"Sebastian Drews";"211 / 250";"mmp26b"
"26b DesignThinking";"modk.mmp-DESTHI.HS26_BS.003";"20260916T071500Z";"20260916T103000Z";"16.09.2026 09:15:00";"16.09.2026 12:30:00";"Sebastian Drews";"211 / 250";"mmp26b"
"26b DesignThinking";"modk.mmp-DESTHI.HS26_BS.003";"20260916T113000Z";"20260916T144500Z";"16.09.2026 13:30:00";"16.09.2026 16:45:00";"Sebastian Drews";"211 / 250";"mmp26b"
"26b DesignThinking";"modk.mmp-DESTHI.HS26_BS.003";"20260917T071500Z";"20260917T103000Z";"17.09.2026 09:15:00";"17.09.2026 12:30:00";"Sebastian Drews";"211 / 250";"mmp26b"
"26b DesignThinking";"modk.mmp-DESTHI.HS26_BS.003";"20260917T113000Z";"20260917T144500Z";"17.09.2026 13:30:00";"17.09.2026 16:45:00";"Sebastian Drews";"211 / 250";"mmp26b"
"26cv DesignThinking und Teambuilding";"modk.mmp-DESTHI.HS26_BS.004";"20260914T113000Z";"20260914T144500Z";"14.09.2026 13:30:00";"14.09.2026 16:45:00";"Sebastian Drews";"Z2.02";"mmp26cv"
"26cv DesignThinking und Teambuilding";"modk.mmp-DESTHI.HS26_BS.004";"20260915T071500Z";"20260915T103000Z";"15.09.2026 09:15:00";"15.09.2026 12:30:00";"Sebastian Drews";"Z2.02";"mmp26cv"
"26cv DesignThinking und Teambuilding";"modk.mmp-DESTHI.HS26_BS.004";"20260915T113000Z";"20260915T144500Z";"15.09.2026 13:30:00";"15.09.2026 16:45:00";"Sebastian Drews";"Z2.02";"mmp26cv"
"26cv DesignThinking und Teambuilding";"modk.mmp-DESTHI.HS26_BS.004";"20260916T071500Z";"20260916T103000Z";"16.09.2026 09:15:00";"16.09.2026 12:30:00";"Sebastian Drews";"Z2.02";"mmp26cv"
"26cv DesignThinking und Teambuilding";"modk.mmp-DESTHI.HS26_BS.004";"20260916T113000Z";"20260916T144500Z";"16.09.2026 13:30:00";"16.09.2026 16:45:00";"Sebastian Drews";"Z2.02";"mmp26cv"
"26cv DesignThinking und Teambuilding";"modk.mmp-DESTHI.HS26_BS.004";"20260917T071500Z";"20260917T103000Z";"17.09.2026 09:15:00";"17.09.2026 12:30:00";"Sebastian Drews";"Z2.02";"mmp26cv"
"26cv DesignThinking und Teambuilding";"modk.mmp-DESTHI.HS26_BS.004";"20260917T113000Z";"20260917T144500Z";"17.09.2026 13:30:00";"17.09.2026 16:45:00";"Sebastian Drews";"Z2.02";"mmp26cv"
"25c2 Medienrecht / Medien-Betriebswirtschaftslehre II - Medienrecht 2";"modk.mmp-MR2.V02.HS26_BS.002";"20260914T113000Z";"20260914T144500Z";"14.09.2026 13:30:00";"14.09.2026 16:45:00";"Daniel Köhler";"I 0.31";"mmp25c2"
"25c2 Medienrecht / Medien-Betriebswirtschaftslehre II - Medienrecht 2";"modk.mmp-MR2.V02.HS26_BS.002";"20260917T071500Z";"20260917T103000Z";"17.09.2026 09:15:00";"17.09.2026 12:30:00";"Daniel Köhler";"I 0.31";"mmp25c2"
"25c2 Medienrecht / Medien-Betriebswirtschaftslehre II - Medienrecht 2";"modk.mmp-MR2.V02.HS26_BS.002";"20261027T123000Z";"20261027T154500Z";"27.10.2026 13:30:00";"27.10.2026 16:45:00";"Daniel Köhler";"I 0.31";"mmp25c2"
"25c2 Medienrecht / Medien-Betriebswirtschaftslehre II - Medienrecht 2";"modk.mmp-MR2.V02.HS26_BS.002";"20261103T081500Z";"20261103T113000Z";"03.11.2026 09:15:00";"03.11.2026 12:30:00";"Daniel Köhler";"I 0.31";"mmp25c2"
"25c2 Medienrecht / Medien-Betriebswirtschaftslehre II - Medienrecht 2";"modk.mmp-MR2.V02.HS26_BS.002";"20261130T123000Z";"20261130T154500Z";"30.11.2026 13:30:00";"30.11.2026 16:45:00";"Daniel Köhler";"I 0.31";"mmp25c2"
"25c2 Medienrecht / Medien-Betriebswirtschaftslehre II - Medienrecht 2";"modk.mmp-MR2.V02.HS26_BS.002";"20261201T123000Z";"20261201T154500Z";"01.12.2026 13:30:00";"01.12.2026 16:45:00";"Daniel Köhler";"I 0.31";"mmp25c2"
"25c2 Medienrecht / Medien-Betriebswirtschaftslehre II - Medienrecht 2";"modk.mmp-MR2.V02.HS26_BS.002";"20261208T081500Z";"20261208T113000Z";"08.12.2026 09:15:00";"08.12.2026 12:30:00";"Daniel Köhler";"A1.02";"mmp25c2"
"25c2 Medienrecht / Medien-Betriebswirtschaftslehre II - Medienrecht 2";"modk.mmp-MR2.V02.HS26_BS.002";"20261214T081500Z";"20261214T113000Z";"14.12.2026 09:15:00";"14.12.2026 12:30:00";"Daniel Köhler";"I 0.31";"mmp25c2"
"25c1 Corporate Communications II: Change- und Kriesenkommunikation";"modk.mmp-CHUKRIKO.V1.HS26_BS.001";"20260915T071500Z";"20260915T103000Z";"15.09.2026 09:15:00";"15.09.2026 12:30:00";"Sebastian Drews";"H1,15";"mmp25c1"
"25c1 Corporate Communications II: Change- und Kriesenkommunikation";"modk.mmp-CHUKRIKO.V1.HS26_BS.001";"20260915T113000Z";"20260915T144500Z";"15.09.2026 13:30:00";"15.09.2026 16:45:00";"Sebastian Drews";"H1,15";"mmp25c1"
"25c1 Corporate Communications II: Change- und Kriesenkommunikation";"modk.mmp-CHUKRIKO.V1.HS26_BS.001";"20261014T113000Z";"20261014T144500Z";"14.10.2026 13:30:00";"14.10.2026 16:45:00";"Sebastian Drews";"I 0.04/05";"mmp25c1"
"25c1 Corporate Communications II: Change- und Kriesenkommunikation";"modk.mmp-CHUKRIKO.V1.HS26_BS.001";"20261126T123000Z";"20261126T154500Z";"26.11.2026 13:30:00";"26.11.2026 16:45:00";"Sebastian Drews";"I 0.31";"mmp25c1"
"25c1 Corporate Communications II: Change- und Kriesenkommunikation";"modk.mmp-CHUKRIKO.V1.HS26_BS.001";"20261201T123000Z";"20261201T154500Z";"01.12.2026 13:30:00";"01.12.2026 16:45:00";"Sebastian Drews";"I 0.30";"mmp25c1"
"25c1 Corporate Communications II: Change- und Kriesenkommunikation";"modk.mmp-CHUKRIKO.V1.HS26_BS.001";"20261209T123000Z";"20261209T154500Z";"09.12.2026 13:30:00";"09.12.2026 16:45:00";"Sebastian Drews";"I 0.04/05";"mmp25c1"
"25c1 Corporate Communications II: Change- und Kriesenkommunikation";"modk.mmp-CHUKRIKO.V1.HS26_BS.001";"20261210T123000Z";"20261210T154500Z";"10.12.2026 13:30:00";"10.12.2026 16:45:00";"Sebastian Drews";"I 0.08";"mmp25c1"
"25c2 Audiovisuelles Erzählen III";"mod.mmp-AVE03.HS26_BS.002";"20260915T071500Z";"20260915T103000Z";"15.09.2026 09:15:00";"15.09.2026 12:30:00";"Merle Jothe/Andrin Egger";"H1,17";"mmp25c2"
"25c2 Audiovisuelles Erzählen III";"mod.mmp-AVE03.HS26_BS.002";"20260915T113000Z";"20260915T144500Z";"15.09.2026 13:30:00";"15.09.2026 16:45:00";"Merle Jothe/Andrin Egger";"H1,17";"mmp25c2"
"25c2 Audiovisuelles Erzählen III";"mod.mmp-AVE03.HS26_BS.002";"20261007T071500Z";"20261007T103000Z";"07.10.2026 09:15:00";"07.10.2026 12:30:00";"Merle Jothe/Andrin Egger";"I 0.30/I 0.31";"mmp25c2"
"25c2 Audiovisuelles Erzählen III";"mod.mmp-AVE03.HS26_BS.002";"20261007T113000Z";"20261007T144500Z";"07.10.2026 13:30:00";"07.10.2026 16:45:00";"Merle Jothe/Andrin Egger";"I 0.30/I 0.31";"mmp25c2"
"25c2 Audiovisuelles Erzählen III";"mod.mmp-AVE03.HS26_BS.002";"20261019T071500Z";"20261019T103000Z";"19.10.2026 09:15:00";"19.10.2026 12:30:00";"Merle Jothe/Andrin Egger";"tba";"mmp25c2"
"25c2 Audiovisuelles Erzählen III";"mod.mmp-AVE03.HS26_BS.002";"20261019T113000Z";"20261019T144500Z";"19.10.2026 13:30:00";"19.10.2026 16:45:00";"Merle Jothe/Andrin Egger";"tba";"mmp25c2"
"25c2 Audiovisuelles Erzählen III";"mod.mmp-AVE03.HS26_BS.002";"20261020T071500Z";"20261020T103000Z";"20.10.2026 09:15:00";"20.10.2026 12:30:00";"Merle Jothe/Andrin Egger";"tba";"mmp25c2"
"25c2 Audiovisuelles Erzählen III";"mod.mmp-AVE03.HS26_BS.002";"20261020T113000Z";"20261020T144500Z";"20.10.2026 13:30:00";"20.10.2026 16:45:00";"Merle Jothe/Andrin Egger";"tba";"mmp25c2"
"25c2 Audiovisuelles Erzählen III";"mod.mmp-AVE03.HS26_BS.002";"20261021T071500Z";"20261021T103000Z";"21.10.2026 09:15:00";"21.10.2026 12:30:00";"Merle Jothe/Andrin Egger";"tba";"mmp25c2"
"25c2 Audiovisuelles Erzählen III";"mod.mmp-AVE03.HS26_BS.002";"20261021T113000Z";"20261021T144500Z";"21.10.2026 13:30:00";"21.10.2026 16:45:00";"Merle Jothe/Andrin Egger";"tba";"mmp25c2"
"25c2 Audiovisuelles Erzählen III";"mod.mmp-AVE03.HS26_BS.002";"20261022T071500Z";"20261022T103000Z";"22.10.2026 09:15:00";"22.10.2026 12:30:00";"Merle Jothe/Andrin Egger";"tba";"mmp25c2"
"25c2 Audiovisuelles Erzählen III";"mod.mmp-AVE03.HS26_BS.002";"20261022T113000Z";"20261022T144500Z";"22.10.2026 13:30:00";"22.10.2026 16:45:00";"Merle Jothe/Andrin Egger";"tba";"mmp25c2"
"25c2 Audiovisuelles Erzählen III";"mod.mmp-AVE03.HS26_BS.002";"20261023T071500Z";"20261023T103000Z";"23.10.2026 09:15:00";"23.10.2026 12:30:00";"Merle Jothe/Andrin Egger";"tba";"mmp25c2"
"25c2 Audiovisuelles Erzählen III";"mod.mmp-AVE03.HS26_BS.002";"20261023T113000Z";"20261023T144500Z";"23.10.2026 13:30:00";"23.10.2026 16:45:00";"Merle Jothe/Andrin Egger";"tba";"mmp25c2"
"25c2 Audiovisuelles Erzählen III";"mod.mmp-AVE03.HS26_BS.002";"20261103T123000Z";"20261103T154500Z";"03.11.2026 13:30:00";"03.11.2026 16:45:00";"Merle Jothe/Andrin Egger";"H1,17";"mmp25c2"
"25c2 Audiovisuelles Erzählen III";"mod.mmp-AVE03.HS26_BS.002";"20261215T123000Z";"20261215T154500Z";"15.12.2026 13:30:00";"15.12.2026 16:45:00";"Merle Jothe/Andrin Egger";"I 0.02/03";"mmp25c2"
"25c2 Audiovisuelles Erzählen III";"mod.mmp-AVE03.HS26_BS.002";"20261216T081500Z";"20261216T113000Z";"16.12.2026 09:15:00";"16.12.2026 12:30:00";"Merle Jothe/Andrin Egger";"online";"mmp25c2"
"25b Markt- und Medienforschung / Medienethik II -KomWiFo2";"modk.mmp-KOMWIFO2.V04.HS26_BS.003";"20260915T071500Z";"20260915T103000Z";"15.09.2026 09:15:00";"15.09.2026 12:30:00";"Amina Ovcina Cajacob";"140";"mmp25b"
"25b Markt- und Medienforschung / Medienethik II -KomWiFo2";"modk.mmp-KOMWIFO2.V04.HS26_BS.003";"20260930T071500Z";"20260930T103000Z";"30.09.2026 09:15:00";"30.09.2026 12:30:00";"Amina Ovcina Cajacob";"010";"mmp25b"
"25b Markt- und Medienforschung / Medienethik II -KomWiFo2";"modk.mmp-KOMWIFO2.V04.HS26_BS.003";"20261027T123000Z";"20261027T154500Z";"27.10.2026 13:30:00";"27.10.2026 16:45:00";"Amina Ovcina Cajacob";"010";"mmp25b"
"25b Markt- und Medienforschung / Medienethik II -KomWiFo2";"modk.mmp-KOMWIFO2.V04.HS26_BS.003";"20261202T123000Z";"20261202T154500Z";"02.12.2026 13:30:00";"02.12.2026 16:45:00";"Amina Ovcina Cajacob";"010";"mmp25b"
"25b Markt- und Medienforschung / Medienethik II -KomWiFo2";"modk.mmp-KOMWIFO2.V04.HS26_BS.003";"20261207T081500Z";"20261207T113000Z";"07.12.2026 09:15:00";"07.12.2026 12:30:00";"Amina Ovcina Cajacob";"010";"mmp25b"
"25b Markt- und Medienforschung / Medienethik II -KomWiFo2";"modk.mmp-KOMWIFO2.V04.HS26_BS.003";"20261215T081500Z";"20261215T113000Z";"15.12.2026 09:15:00";"15.12.2026 12:30:00";"Amina Ovcina Cajacob";"010";"mmp25b"
"25cv Medien-BWL I";"modk.mmp-MEBWL1.HS26_BS.001";"20260915T071500Z";"20260915T103000Z";"15.09.2026 09:15:00";"15.09.2026 12:30:00";"Marius Hagger";"Z0.03";"mmp25cv"
"25cv Medien-BWL I";"modk.mmp-MEBWL1.HS26_BS.001";"20260922T113000Z";"20260922T144500Z";"22.09.2026 13:30:00";"22.09.2026 16:45:00";"Marius Hagger";"Z0.03";"mmp25cv"
"25cv Medien-BWL I";"modk.mmp-MEBWL1.HS26_BS.001";"20261102T081500Z";"20261102T113000Z";"02.11.2026 09:15:00";"02.11.2026 12:30:00";"Marius Hagger";"Z0.03";"mmp25cv"
"25cv Medien-BWL I";"modk.mmp-MEBWL1.HS26_BS.001";"20261215T081500Z";"20261215T113000Z";"15.12.2026 09:15:00";"15.12.2026 12:30:00";"Marius Hagger";"Z0.03";"mmp25cv"
"25cv Medien-BWL I";"modk.mmp-MEBWL1.HS26_BS.001";"20270104T123000Z";"18991230T163539Z";"04.01.2027 13:30:00";"30.12.1899 17:35:39";"Marius Hagger";"Z0.03";"mmp25cv"
"25cv Medien-BWL I";"modk.mmp-MEBWL1.HS26_BS.001";"20270105T081500Z";"20270106T113000Z";"05.01.2027 09:15:00";"06.01.2027 12:30:00";"Marius Hagger";"Z0.03";"mmp25cv"
"25cv Audiovisuelles Erzählen III";"mod.mmp-AVE03.HS26_BS.004";"20260915T113000Z";"20260915T144500Z";"15.09.2026 13:30:00";"15.09.2026 16:45:00";"Merle Jothe/Andrin Egger";"Z0.03";"mmp25cv"
"25cv Audiovisuelles Erzählen III";"mod.mmp-AVE03.HS26_BS.004";"20261005T071500Z";"20261005T103000Z";"05.10.2026 09:15:00";"05.10.2026 12:30:00";"Merle Jothe/Andrin Egger";"Z0.03";"mmp25cv"
"25cv Audiovisuelles Erzählen III";"mod.mmp-AVE03.HS26_BS.004";"20261005T113000Z";"20261005T144500Z";"05.10.2026 13:30:00";"05.10.2026 16:45:00";"Merle Jothe/Andrin Egger";"Z0.03";"mmp25cv"
"25cv Audiovisuelles Erzählen III";"mod.mmp-AVE03.HS26_BS.004";"20261019T071500Z";"20261019T103000Z";"19.10.2026 09:15:00";"19.10.2026 12:30:00";"Merle Jothe/Andrin Egger";"tba";"mmp25cv"
"25cv Audiovisuelles Erzählen III";"mod.mmp-AVE03.HS26_BS.004";"20261019T113000Z";"20261019T144500Z";"19.10.2026 13:30:00";"19.10.2026 16:45:00";"Merle Jothe/Andrin Egger";"tba";"mmp25cv"
"25cv Audiovisuelles Erzählen III";"mod.mmp-AVE03.HS26_BS.004";"20261020T071500Z";"20261020T103000Z";"20.10.2026 09:15:00";"20.10.2026 12:30:00";"Merle Jothe/Andrin Egger";"tba";"mmp25cv"
"25cv Audiovisuelles Erzählen III";"mod.mmp-AVE03.HS26_BS.004";"20261020T113000Z";"20261020T144500Z";"20.10.2026 13:30:00";"20.10.2026 16:45:00";"Merle Jothe/Andrin Egger";"tba";"mmp25cv"
"25cv Audiovisuelles Erzählen III";"mod.mmp-AVE03.HS26_BS.004";"20261021T071500Z";"20261021T103000Z";"21.10.2026 09:15:00";"21.10.2026 12:30:00";"Merle Jothe/Andrin Egger";"tba";"mmp25cv"
"25cv Audiovisuelles Erzählen III";"mod.mmp-AVE03.HS26_BS.004";"20261021T113000Z";"20261021T144500Z";"21.10.2026 13:30:00";"21.10.2026 16:45:00";"Merle Jothe/Andrin Egger";"tba";"mmp25cv"
"25cv Audiovisuelles Erzählen III";"mod.mmp-AVE03.HS26_BS.004";"20261022T071500Z";"20261022T103000Z";"22.10.2026 09:15:00";"22.10.2026 12:30:00";"Merle Jothe/Andrin Egger";"tba";"mmp25cv"
"25cv Audiovisuelles Erzählen III";"mod.mmp-AVE03.HS26_BS.004";"20261022T113000Z";"20261022T144500Z";"22.10.2026 13:30:00";"22.10.2026 16:45:00";"Merle Jothe/Andrin Egger";"tba";"mmp25cv"
"25cv Audiovisuelles Erzählen III";"mod.mmp-AVE03.HS26_BS.004";"20261023T071500Z";"20261023T103000Z";"23.10.2026 09:15:00";"23.10.2026 12:30:00";"Merle Jothe/Andrin Egger";"tba";"mmp25cv"
"25cv Audiovisuelles Erzählen III";"mod.mmp-AVE03.HS26_BS.004";"20261023T113000Z";"20261023T144500Z";"23.10.2026 13:30:00";"23.10.2026 16:45:00";"Merle Jothe/Andrin Egger";"tba";"mmp25cv"
"25cv Audiovisuelles Erzählen III";"mod.mmp-AVE03.HS26_BS.004";"20261102T123000Z";"20261102T154500Z";"02.11.2026 13:30:00";"02.11.2026 16:45:00";"Merle Jothe/Andrin Egger";"Z0.03";"mmp25cv"
"25cv Audiovisuelles Erzählen III";"mod.mmp-AVE03.HS26_BS.004";"20261207T081500Z";"20261207T113000Z";"07.12.2026 09:15:00";"07.12.2026 12:30:00";"Merle Jothe/Andrin Egger";"online";"mmp25cv"
"25cv Audiovisuelles Erzählen III";"mod.mmp-AVE03.HS26_BS.004";"20261207T123000Z";"20261207T154500Z";"07.12.2026 13:30:00";"07.12.2026 16:45:00";"Merle Jothe/Andrin Egger";"Z2,02";"mmp25cv"
"25c1 Audiovisuelles Erzählen III";"mod.mmp-AVE03.HS26_BS.001";"20260916T071500Z";"20260916T103000Z";"16.09.2026 09:15:00";"16.09.2026 12:30:00";"Merle Jothe/Andrin Egger";"H1,17";"mmp25c1"
"25c1 Audiovisuelles Erzählen III";"mod.mmp-AVE03.HS26_BS.001";"20260916T113000Z";"20260916T144500Z";"16.09.2026 13:30:00";"16.09.2026 16:45:00";"Merle Jothe/Andrin Egger";"H1,17";"mmp25c1"
"25c1 Audiovisuelles Erzählen III";"mod.mmp-AVE03.HS26_BS.001";"20261008T071500Z";"20261008T103000Z";"08.10.2026 09:15:00";"08.10.2026 12:30:00";"Merle Jothe/Andrin Egger";"I 0.30";"mmp25c1"
"25c1 Audiovisuelles Erzählen III";"mod.mmp-AVE03.HS26_BS.001";"20261008T113000Z";"20261008T144500Z";"08.10.2026 13:30:00";"08.10.2026 16:45:00";"Merle Jothe/Andrin Egger";"I 0.30";"mmp25c1"
"25c1 Audiovisuelles Erzählen III";"mod.mmp-AVE03.HS26_BS.001";"20261019T071500Z";"20261019T103000Z";"19.10.2026 09:15:00";"19.10.2026 12:30:00";"Merle Jothe/Andrin Egger";"tba";"mmp25c1"
"25c1 Audiovisuelles Erzählen III";"mod.mmp-AVE03.HS26_BS.001";"20261019T113000Z";"20261019T144500Z";"19.10.2026 13:30:00";"19.10.2026 16:45:00";"Merle Jothe/Andrin Egger";"tba";"mmp25c1"
"25c1 Audiovisuelles Erzählen III";"mod.mmp-AVE03.HS26_BS.001";"20261020T071500Z";"20261020T103000Z";"20.10.2026 09:15:00";"20.10.2026 12:30:00";"Merle Jothe/Andrin Egger";"tba";"mmp25c1"
"25c1 Audiovisuelles Erzählen III";"mod.mmp-AVE03.HS26_BS.001";"20261020T113000Z";"20261020T144500Z";"20.10.2026 13:30:00";"20.10.2026 16:45:00";"Merle Jothe/Andrin Egger";"tba";"mmp25c1"
"25c1 Audiovisuelles Erzählen III";"mod.mmp-AVE03.HS26_BS.001";"20261021T071500Z";"20261021T103000Z";"21.10.2026 09:15:00";"21.10.2026 12:30:00";"Merle Jothe/Andrin Egger";"tba";"mmp25c1"
"25c1 Audiovisuelles Erzählen III";"mod.mmp-AVE03.HS26_BS.001";"20261021T113000Z";"20261021T144500Z";"21.10.2026 13:30:00";"21.10.2026 16:45:00";"Merle Jothe/Andrin Egger";"tba";"mmp25c1"
"25c1 Audiovisuelles Erzählen III";"mod.mmp-AVE03.HS26_BS.001";"20261022T071500Z";"20261022T103000Z";"22.10.2026 09:15:00";"22.10.2026 12:30:00";"Merle Jothe/Andrin Egger";"tba";"mmp25c1"
"25c1 Audiovisuelles Erzählen III";"mod.mmp-AVE03.HS26_BS.001";"20261022T113000Z";"20261022T144500Z";"22.10.2026 13:30:00";"22.10.2026 16:45:00";"Merle Jothe/Andrin Egger";"tba";"mmp25c1"
"25c1 Audiovisuelles Erzählen III";"mod.mmp-AVE03.HS26_BS.001";"20261023T071500Z";"20261023T103000Z";"23.10.2026 09:15:00";"23.10.2026 12:30:00";"Merle Jothe/Andrin Egger";"tba";"mmp25c1"
"25c1 Audiovisuelles Erzählen III";"mod.mmp-AVE03.HS26_BS.001";"20261023T113000Z";"20261023T144500Z";"23.10.2026 13:30:00";"23.10.2026 16:45:00";"Merle Jothe/Andrin Egger";"tba";"mmp25c1"
"25c1 Audiovisuelles Erzählen III";"mod.mmp-AVE03.HS26_BS.001";"20261103T081500Z";"20261103T113000Z";"03.11.2026 09:15:00";"03.11.2026 12:30:00";"Merle Jothe/Andrin Egger";"H1,17";"mmp25c1"
"25c1 Audiovisuelles Erzählen III";"mod.mmp-AVE03.HS26_BS.001";"20261215T081500Z";"20261215T113000Z";"15.12.2026 09:15:00";"15.12.2026 12:30:00";"Merle Jothe/Andrin Egger";"I 0.02/03";"mmp25c1"
"25c1 Audiovisuelles Erzählen III";"mod.mmp-AVE03.HS26_BS.001";"20261216T081500Z";"20261216T113000Z";"16.12.2026 09:15:00";"16.12.2026 12:30:00";"Merle Jothe/Andrin Egger";"online";"mmp25c1"
"25c2 Corporate Communications II: Change- und Kriesenkommunikation";"modk.mmp-CHUKRIKO.V1.HS26_BS.002";"20260916T071500Z";"20260916T103000Z";"16.09.2026 09:15:00";"16.09.2026 12:30:00";"Sebastian Drews";"I 0.30";"mmp25c2"
"25c2 Corporate Communications II: Change- und Kriesenkommunikation";"modk.mmp-CHUKRIKO.V1.HS26_BS.002";"20260916T113000Z";"20260916T144500Z";"16.09.2026 13:30:00";"16.09.2026 16:45:00";"Sebastian Drews";"I 0.30";"mmp25c2"
"25c2 Corporate Communications II: Change- und Kriesenkommunikation";"modk.mmp-CHUKRIKO.V1.HS26_BS.002";"20261014T071500Z";"20261014T103000Z";"14.10.2026 09:15:00";"14.10.2026 12:30:00";"Sebastian Drews";"I 0.04/05";"mmp25c2"
"25c2 Corporate Communications II: Change- und Kriesenkommunikation";"modk.mmp-CHUKRIKO.V1.HS26_BS.002";"20261126T081500Z";"20261126T113000Z";"26.11.2026 09:15:00";"26.11.2026 12:30:00";"Sebastian Drews";"I 0.31";"mmp25c2"
"25c2 Corporate Communications II: Change- und Kriesenkommunikation";"modk.mmp-CHUKRIKO.V1.HS26_BS.002";"20261201T081500Z";"20261201T113000Z";"01.12.2026 09:15:00";"01.12.2026 12:30:00";"Sebastian Drews";"I 0.30";"mmp25c2"
"25c2 Corporate Communications II: Change- und Kriesenkommunikation";"modk.mmp-CHUKRIKO.V1.HS26_BS.002";"20261209T081500Z";"20261209T113000Z";"09.12.2026 09:15:00";"09.12.2026 12:30:00";"Sebastian Drews";"I 0.04/05";"mmp25c2"
"25c2 Corporate Communications II: Change- und Kriesenkommunikation";"modk.mmp-CHUKRIKO.V1.HS26_BS.002";"20261210T081500Z";"20261210T113000Z";"10.12.2026 09:15:00";"10.12.2026 12:30:00";"Sebastian Drews";"I 0.08";"mmp25c2"
"25b Medienrecht / Medien-Betriebswirtschaftslehre II - Medienrecht 2";"modk.mmp-MR2.V02.HS26_BS.003";"20260916T071500Z";"20260916T103000Z";"16.09.2026 09:15:00";"16.09.2026 12:30:00";"Daniel Köhler";"010";"mmp25b"
"25b Medienrecht / Medien-Betriebswirtschaftslehre II - Medienrecht 2";"modk.mmp-MR2.V02.HS26_BS.003";"20260923T071500Z";"20260923T103000Z";"23.09.2026 09:15:00";"23.09.2026 12:30:00";"Daniel Köhler";"010";"mmp25b"
"25b Medienrecht / Medien-Betriebswirtschaftslehre II - Medienrecht 2";"modk.mmp-MR2.V02.HS26_BS.003";"20260930T113000Z";"20260930T144500Z";"30.09.2026 13:30:00";"30.09.2026 16:45:00";"Daniel Köhler";"010";"mmp25b"
"25b Medienrecht / Medien-Betriebswirtschaftslehre II - Medienrecht 2";"modk.mmp-MR2.V02.HS26_BS.003";"20261026T123000Z";"20261026T154500Z";"26.10.2026 13:30:00";"26.10.2026 16:45:00";"Daniel Köhler";"online";"mmp25b"
"25b Medienrecht / Medien-Betriebswirtschaftslehre II - Medienrecht 2";"modk.mmp-MR2.V02.HS26_BS.003";"20261104T081500Z";"20261104T113000Z";"04.11.2026 09:15:00";"04.11.2026 12:30:00";"Daniel Köhler";"H031";"mmp25b"
"25b Medienrecht / Medien-Betriebswirtschaftslehre II - Medienrecht 2";"modk.mmp-MR2.V02.HS26_BS.003";"20261112T123000Z";"20261112T154500Z";"12.11.2026 13:30:00";"12.11.2026 16:45:00";"Daniel Köhler";"140";"mmp25b"
"25b Medienrecht / Medien-Betriebswirtschaftslehre II - Medienrecht 2";"modk.mmp-MR2.V02.HS26_BS.003";"20261202T081500Z";"20261202T113000Z";"02.12.2026 09:15:00";"02.12.2026 12:30:00";"Daniel Köhler";"H031";"mmp25b"
"25b Medienrecht / Medien-Betriebswirtschaftslehre II - Medienrecht 2";"modk.mmp-MR2.V02.HS26_BS.003";"20261207T123000Z";"20261207T154500Z";"07.12.2026 13:30:00";"07.12.2026 16:45:00";"Daniel Köhler";"010";"mmp25b"
"25b Markt- und Medienforschung / Medienethik II - Medienethik 2";"modk.mmp-MEDETH2.V04.HS26_BS.003";"20260916T113000Z";"20260916T144500Z";"16.09.2026 13:30:00";"16.09.2026 16:45:00";"Marie-Therese Mäder";"H031";"mmp25b"
"25b Markt- und Medienforschung / Medienethik II - Medienethik 2";"modk.mmp-MEDETH2.V04.HS26_BS.003";"20261013T113000Z";"20261013T144500Z";"13.10.2026 13:30:00";"13.10.2026 16:45:00";"Marie-Therese Mäder";"P111";"mmp25b"
"25b Markt- und Medienforschung / Medienethik II - Medienethik 2";"modk.mmp-MEDETH2.V04.HS26_BS.003";"20261105T081500Z";"20261105T113000Z";"05.11.2026 09:15:00";"05.11.2026 12:30:00";"Marie-Therese Mäder";"211";"mmp25b"
"25b Markt- und Medienforschung / Medienethik II - Medienethik 2";"modk.mmp-MEDETH2.V04.HS26_BS.003";"20261201T081500Z";"20261201T113000Z";"01.12.2026 09:15:00";"01.12.2026 12:30:00";"Marie-Therese Mäder";"010";"mmp25b"
"25b Markt- und Medienforschung / Medienethik II - Medienethik 2";"modk.mmp-MEDETH2.V04.HS26_BS.003";"20261201T123000Z";"20261201T154500Z";"01.12.2026 13:30:00";"01.12.2026 16:45:00";"Marie-Therese Mäder";"010";"mmp25b"
"25b Markt- und Medienforschung / Medienethik II - Medienethik 2";"modk.mmp-MEDETH2.V04.HS26_BS.003";"20261215T123000Z";"20261215T154500Z";"15.12.2026 13:30:00";"15.12.2026 16:45:00";"Marie-Therese Mäder";"online";"mmp25b"
"25c1 Markt- und Medienforschung / Medienethik II -KomWiFo2";"modk.mmp-KOMWIFO2.V04.HS26_BS.001";"20260917T071500Z";"20260917T103000Z";"17.09.2026 09:15:00";"17.09.2026 12:30:00";"Amina Ovcina Cajacob";"I 0.30";"mmp25c1"
"25c1 Markt- und Medienforschung / Medienethik II -KomWiFo2";"modk.mmp-KOMWIFO2.V04.HS26_BS.001";"20260923T071500Z";"20260923T103000Z";"23.09.2026 09:15:00";"23.09.2026 12:30:00";"Amina Ovcina Cajacob";"I 0.02/03";"mmp25c1"
"25c1 Markt- und Medienforschung / Medienethik II -KomWiFo2";"modk.mmp-KOMWIFO2.V04.HS26_BS.001";"20260924T071500Z";"20260924T103000Z";"24.09.2026 09:15:00";"24.09.2026 12:30:00";"Amina Ovcina Cajacob";"I 0.02/03";"mmp25c1"
"25c1 Markt- und Medienforschung / Medienethik II -KomWiFo2";"modk.mmp-KOMWIFO2.V04.HS26_BS.001";"20261104T123000Z";"20261104T154500Z";"04.11.2026 13:30:00";"04.11.2026 16:45:00";"Amina Ovcina Cajacob";"I 0.30";"mmp25c1"
"25c1 Markt- und Medienforschung / Medienethik II -KomWiFo2";"modk.mmp-KOMWIFO2.V04.HS26_BS.001";"20261126T081500Z";"20261126T113000Z";"26.11.2026 09:15:00";"26.11.2026 12:30:00";"Amina Ovcina Cajacob";"I 0.30";"mmp25c1"
"25c1 Markt- und Medienforschung / Medienethik II -KomWiFo2";"modk.mmp-KOMWIFO2.V04.HS26_BS.001";"20261210T081500Z";"20261210T113000Z";"10.12.2026 09:15:00";"10.12.2026 12:30:00";"Amina Ovcina Cajacob";"I 0.31";"mmp25c1"
"25b Corporate Communications II: Change- und Kriesenkommunikation";"modk.mmp-CHUKRIKO.V1.HS26_BS.003";"20260917T071500Z";"20260917T103000Z";"17.09.2026 09:15:00";"17.09.2026 12:30:00";"Sebastian Drews";"010";"mmp25b"
"25b Corporate Communications II: Change- und Kriesenkommunikation";"modk.mmp-CHUKRIKO.V1.HS26_BS.003";"20260917T113000Z";"20260917T144500Z";"17.09.2026 13:30:00";"17.09.2026 16:45:00";"Sebastian Drews";"010";"mmp25b"
"25b Corporate Communications II: Change- und Kriesenkommunikation";"modk.mmp-CHUKRIKO.V1.HS26_BS.003";"20261013T071500Z";"20261013T103000Z";"13.10.2026 09:15:00";"13.10.2026 12:30:00";"Sebastian Drews";"H251 / P117/H030";"mmp25b"
"25b Corporate Communications II: Change- und Kriesenkommunikation";"modk.mmp-CHUKRIKO.V1.HS26_BS.003";"20261102T123000Z";"20261102T154500Z";"02.11.2026 13:30:00";"02.11.2026 16:45:00";"Sebastian Drews";"010/130";"mmp25b"
"25b Corporate Communications II: Change- und Kriesenkommunikation";"modk.mmp-CHUKRIKO.V1.HS26_BS.003";"20261124T081500Z";"20261124T113000Z";"24.11.2026 09:15:00";"24.11.2026 12:30:00";"Sebastian Drews";"010/250/130";"mmp25b"
"25b Corporate Communications II: Change- und Kriesenkommunikation";"modk.mmp-CHUKRIKO.V1.HS26_BS.003";"20261208T081500Z";"20261208T113000Z";"08.12.2026 09:15:00";"08.12.2026 12:30:00";"Sebastian Drews";"140";"mmp25b"
"25b Corporate Communications II: Change- und Kriesenkommunikation";"modk.mmp-CHUKRIKO.V1.HS26_BS.003";"20270106T081500Z";"20270106T113000Z";"06.01.2027 09:15:00";"06.01.2027 12:30:00";"Sebastian Drews";"210";"mmp25b"
"25c2 Markt- und Medienforschung / Medienethik II -KomWiFo2";"modk.mmp-KOMWIFO2.V04.HS26_BS.002";"20260917T113000Z";"20260917T144500Z";"17.09.2026 13:30:00";"17.09.2026 16:45:00";"Amina Ovcina Cajacob";"I 0.30";"mmp25c2"
"25c2 Markt- und Medienforschung / Medienethik II -KomWiFo2";"modk.mmp-KOMWIFO2.V04.HS26_BS.002";"20260923T113000Z";"20260923T144500Z";"23.09.2026 13:30:00";"23.09.2026 16:45:00";"Amina Ovcina Cajacob";"I 0.02/03";"mmp25c2"
"25c2 Markt- und Medienforschung / Medienethik II -KomWiFo2";"modk.mmp-KOMWIFO2.V04.HS26_BS.002";"20260924T113000Z";"20260924T144500Z";"24.09.2026 13:30:00";"24.09.2026 16:45:00";"Amina Ovcina Cajacob";"I 0.02/03";"mmp25c2"
"25c2 Markt- und Medienforschung / Medienethik II -KomWiFo2";"modk.mmp-KOMWIFO2.V04.HS26_BS.002";"20261104T081500Z";"20261104T113000Z";"04.11.2026 09:15:00";"04.11.2026 12:30:00";"Amina Ovcina Cajacob";"I 0.30";"mmp25c2"
"25c2 Markt- und Medienforschung / Medienethik II -KomWiFo2";"modk.mmp-KOMWIFO2.V04.HS26_BS.002";"20261126T123000Z";"20261126T154500Z";"26.11.2026 13:30:00";"26.11.2026 16:45:00";"Amina Ovcina Cajacob";"I 0.30";"mmp25c2"
"25c2 Markt- und Medienforschung / Medienethik II -KomWiFo2";"modk.mmp-KOMWIFO2.V04.HS26_BS.002";"20261210T123000Z";"20261210T154500Z";"10.12.2026 13:30:00";"10.12.2026 16:45:00";"Amina Ovcina Cajacob";"I 0.31";"mmp25c2"
"26c1 Corporate Communications I";"modk.mmp-GKCC.HS26_BS.001";"20260918T071500Z";"20260918T103000Z";"18.09.2026 09:15:00";"18.09.2026 12:30:00";"Sebastian Drews";"online";"mmp26c1"
"26c1 Corporate Communications I";"modk.mmp-GKCC.HS26_BS.001";"20260918T113000Z";"20260918T144500Z";"18.09.2026 13:30:00";"18.09.2026 16:45:00";"Sebastian Drews";"I 0.02/03";"mmp26c1"
"26c1 Corporate Communications I";"modk.mmp-GKCC.HS26_BS.001";"20260924T071500Z";"20260924T103000Z";"24.09.2026 09:15:00";"24.09.2026 12:30:00";"Sebastian Drews";"I 0.30";"mmp26c1"
"26c1 Corporate Communications I";"modk.mmp-GKCC.HS26_BS.001";"20261006T113000Z";"20261006T144500Z";"06.10.2026 13:30:00";"06.10.2026 16:45:00";"Sebastian Drews";"I 0.30";"mmp26c1"
"26c1 Corporate Communications I";"modk.mmp-GKCC.HS26_BS.001";"20261008T071500Z";"20261008T103000Z";"08.10.2026 09:15:00";"08.10.2026 12:30:00";"Sebastian Drews";"I 0.02/03";"mmp26c1"
"26c1 Corporate Communications I";"modk.mmp-GKCC.HS26_BS.001";"20261105T081500Z";"20261105T113000Z";"05.11.2026 09:15:00";"05.11.2026 12:30:00";"Sebastian Drews";"I 0.30";"mmp26c1"
"26c1 Corporate Communications I";"modk.mmp-GKCC.HS26_BS.001";"20261208T081500Z";"20261208T113000Z";"08.12.2026 09:15:00";"08.12.2026 12:30:00";"Sebastian Drews";"I 0.30";"mmp26c1"
"26c1 Corporate Communications I";"modk.mmp-GKCC.HS26_BS.001";"20261215T123000Z";"20261215T154500Z";"15.12.2026 13:30:00";"15.12.2026 16:45:00";"Sebastian Drews";"I 0.31";"mmp26c1"
"26c2 Corporate Communications I";"modk.mmp-GKCC.HS26_BS.002";"20260918T071500Z";"20260918T103000Z";"18.09.2026 09:15:00";"18.09.2026 12:30:00";"Sebastian Drews";"online";"mmp26c2"
"26c2 Corporate Communications I";"modk.mmp-GKCC.HS26_BS.002";"20260918T113000Z";"20260918T144500Z";"18.09.2026 13:30:00";"18.09.2026 16:45:00";"Sebastian Drews";"I 0.02/03";"mmp26c2"
"26c2 Corporate Communications I";"modk.mmp-GKCC.HS26_BS.002";"20260924T113000Z";"20260924T144500Z";"24.09.2026 13:30:00";"24.09.2026 16:45:00";"Sebastian Drews";"I 0.30";"mmp26c2"
"26c2 Corporate Communications I";"modk.mmp-GKCC.HS26_BS.002";"20261006T071500Z";"20261006T103000Z";"06.10.2026 09:15:00";"06.10.2026 12:30:00";"Sebastian Drews";"I 0.30";"mmp26c2"
"26c2 Corporate Communications I";"modk.mmp-GKCC.HS26_BS.002";"20261008T113000Z";"20261008T144500Z";"08.10.2026 13:30:00";"08.10.2026 16:45:00";"Sebastian Drews";"I 0.02/03";"mmp26c2"
"26c2 Corporate Communications I";"modk.mmp-GKCC.HS26_BS.002";"20261105T123000Z";"20261105T154500Z";"05.11.2026 13:30:00";"05.11.2026 16:45:00";"Sebastian Drews";"I 0.30";"mmp26c2"
"26c2 Corporate Communications I";"modk.mmp-GKCC.HS26_BS.002";"20261208T123000Z";"20261208T154500Z";"08.12.2026 13:30:00";"08.12.2026 16:45:00";"Sebastian Drews";"I 0.30";"mmp26c2"
"26c2 Corporate Communications I";"modk.mmp-GKCC.HS26_BS.002";"20261215T081500Z";"20261215T113000Z";"15.12.2026 09:15:00";"15.12.2026 12:30:00";"Sebastian Drews";"I 0.31";"mmp26c2"
"26b Corporate Communications I";"modk.mmp-GKCC.HS26_BS.003";"20260918T071500Z";"20260918T103000Z";"18.09.2026 09:15:00";"18.09.2026 12:30:00";"Sebastian Drews";"140/130/250/211";"mmp26b"
"26b Corporate Communications I";"modk.mmp-GKCC.HS26_BS.003";"20260918T113000Z";"20260918T144500Z";"18.09.2026 13:30:00";"18.09.2026 16:45:00";"Sebastian Drews";"online";"mmp26b"
"26b Corporate Communications I";"modk.mmp-GKCC.HS26_BS.003";"20261005T071500Z";"20261005T103000Z";"05.10.2026 09:15:00";"05.10.2026 12:30:00";"Sebastian Drews";"140/130/250";"mmp26b"
"26b Corporate Communications I";"modk.mmp-GKCC.HS26_BS.003";"20261005T113000Z";"20261005T144500Z";"05.10.2026 13:30:00";"05.10.2026 16:45:00";"Sebastian Drews";"140/130/250";"mmp26b"
"26b Corporate Communications I";"modk.mmp-GKCC.HS26_BS.003";"20261020T071500Z";"20261020T103000Z";"20.10.2026 09:15:00";"20.10.2026 12:30:00";"Sebastian Drews";"140/130/250";"mmp26b"
"26b Corporate Communications I";"modk.mmp-GKCC.HS26_BS.003";"20261020T113000Z";"20261020T144500Z";"20.10.2026 13:30:00";"20.10.2026 16:45:00";"Sebastian Drews";"140/130/250";"mmp26b"
"26b Corporate Communications I";"modk.mmp-GKCC.HS26_BS.003";"20261111T123000Z";"20261111T154500Z";"11.11.2026 13:30:00";"11.11.2026 16:45:00";"Sebastian Drews";"010/250";"mmp26b"
"26b Corporate Communications I";"modk.mmp-GKCC.HS26_BS.003";"20261216T081500Z";"20261216T113000Z";"16.12.2026 09:15:00";"16.12.2026 12:30:00";"Sebastian Drews";"010/130/evetnuell Redaktionen";"mmp26b"
"26cv Corporate Communications I";"modk.mmp-GKCC.HS26_BS.004";"20260918T071500Z";"20260918T103000Z";"18.09.2026 09:15:00";"18.09.2026 12:30:00";"Sebastian Drews";"Z2.02/Z.10/Z0.11";"mmp26cv"
"26cv Corporate Communications I";"modk.mmp-GKCC.HS26_BS.004";"20260918T113000Z";"20260918T144500Z";"18.09.2026 13:30:00";"18.09.2026 16:45:00";"Sebastian Drews";"online";"mmp26cv"
"26cv Corporate Communications I";"modk.mmp-GKCC.HS26_BS.004";"20260921T071500Z";"20260921T103000Z";"21.09.2026 09:15:00";"21.09.2026 12:30:00";"Sebastian Drews";"Z2.02";"mmp26cv"
"26cv Corporate Communications I";"modk.mmp-GKCC.HS26_BS.004";"20260921T113000Z";"20260921T144500Z";"21.09.2026 13:30:00";"21.09.2026 16:45:00";"Sebastian Drews";"Z2.02";"mmp26cv"
"26cv Corporate Communications I";"modk.mmp-GKCC.HS26_BS.004";"20261012T071500Z";"20261012T103000Z";"12.10.2026 09:15:00";"12.10.2026 12:30:00";"Sebastian Drews";"Z2.02/3.06/1.16";"mmp26cv"
"26cv Corporate Communications I";"modk.mmp-GKCC.HS26_BS.004";"20261012T113000Z";"20261012T144500Z";"12.10.2026 13:30:00";"12.10.2026 16:45:00";"Sebastian Drews";"Z2.02/3.06/1.16";"mmp26cv"
"26cv Corporate Communications I";"modk.mmp-GKCC.HS26_BS.004";"20261207T081500Z";"20261207T113000Z";"07.12.2026 09:15:00";"07.12.2026 12:30:00";"Sebastian Drews";"Z2.02";"mmp26cv"
"26c1 Schreiben und Sprechen I";"mod.mmp-SRSP01.V02.HS26_BS.001";"20260921T071500Z";"20260921T103000Z";"21.09.2026 09:15:00";"21.09.2026 12:30:00";"Petra Hasler";"I 0.31";"mmp26c1"
"26c1 Schreiben und Sprechen I";"mod.mmp-SRSP01.V02.HS26_BS.001";"20260921T113000Z";"20260921T144500Z";"21.09.2026 13:30:00";"21.09.2026 16:45:00";"Petra Hasler";"I 0.31";"mmp26c1"
"26c1 Schreiben und Sprechen I";"mod.mmp-SRSP01.V02.HS26_BS.001";"20260922T071500Z";"20260922T103000Z";"22.09.2026 09:15:00";"22.09.2026 12:30:00";"Petra Hasler";"A1,02/A0,18";"mmp26c1"
"26c1 Schreiben und Sprechen I";"mod.mmp-SRSP01.V02.HS26_BS.001";"20260922T113000Z";"20260922T144500Z";"22.09.2026 13:30:00";"22.09.2026 16:45:00";"Petra Hasler";"A1,02/A0,18";"mmp26c1"
"26c1 Schreiben und Sprechen I";"mod.mmp-SRSP01.V02.HS26_BS.001";"20260923T071500Z";"20260923T103000Z";"23.09.2026 09:15:00";"23.09.2026 12:30:00";"Petra Hasler";"I 0.30";"mmp26c1"
"26c1 Schreiben und Sprechen I";"mod.mmp-SRSP01.V02.HS26_BS.001";"20260923T113000Z";"20260923T144500Z";"23.09.2026 13:30:00";"23.09.2026 16:45:00";"Petra Hasler";"I 0.30";"mmp26c1"
"26c1 Schreiben und Sprechen I";"mod.mmp-SRSP01.V02.HS26_BS.001";"20260928T071500Z";"20260928T103000Z";"28.09.2026 09:15:00";"28.09.2026 12:30:00";"Petra Hasler";"A1,02/A0,18";"mmp26c1"
"26c1 Schreiben und Sprechen I";"mod.mmp-SRSP01.V02.HS26_BS.001";"20260928T113000Z";"20260928T144500Z";"28.09.2026 13:30:00";"28.09.2026 16:45:00";"Petra Hasler";"A1,02/A0,18";"mmp26c1"
"26c1 Schreiben und Sprechen I";"mod.mmp-SRSP01.V02.HS26_BS.001";"20260930T071500Z";"20260930T103000Z";"30.09.2026 09:15:00";"30.09.2026 12:30:00";"Petra Hasler";"A1,02";"mmp26c1"
"26c1 Schreiben und Sprechen I";"mod.mmp-SRSP01.V02.HS26_BS.001";"20260930T113000Z";"20260930T144500Z";"30.09.2026 13:30:00";"30.09.2026 16:45:00";"Petra Hasler";"A1,02";"mmp26c1"
"26c1 Schreiben und Sprechen I";"mod.mmp-SRSP01.V02.HS26_BS.001";"20261001T113000Z";"20261001T144500Z";"01.10.2026 13:30:00";"01.10.2026 16:45:00";"Petra Hasler";"I 0.31";"mmp26c1"
"26c1 Schreiben und Sprechen I";"mod.mmp-SRSP01.V02.HS26_BS.001";"20261008T113000Z";"20261008T144500Z";"08.10.2026 13:30:00";"08.10.2026 16:45:00";"Petra Hasler";"I 0.31";"mmp26c1"
"26c1 Schreiben und Sprechen I";"mod.mmp-SRSP01.V02.HS26_BS.001";"20261020T071500Z";"20261020T103000Z";"20.10.2026 09:15:00";"20.10.2026 12:30:00";"Petra Hasler";"online";"mmp26c1"
"26c1 Schreiben und Sprechen I";"mod.mmp-SRSP01.V02.HS26_BS.001";"20261020T113000Z";"20261020T144500Z";"20.10.2026 13:30:00";"20.10.2026 16:45:00";"Petra Hasler";"I 0.11/ I 0,30";"mmp26c1"
"26c1 Schreiben und Sprechen I";"mod.mmp-SRSP01.V02.HS26_BS.001";"20261021T071500Z";"20261021T103000Z";"21.10.2026 09:15:00";"21.10.2026 12:30:00";"Petra Hasler";"Aula";"mmp26c1"
"26c1 Schreiben und Sprechen I";"mod.mmp-SRSP01.V02.HS26_BS.001";"20261021T113000Z";"20261021T144500Z";"21.10.2026 13:30:00";"21.10.2026 16:45:00";"Petra Hasler";"Aula";"mmp26c1"
"26c1 Schreiben und Sprechen I";"mod.mmp-SRSP01.V02.HS26_BS.001";"20261022T071500Z";"20261022T103000Z";"22.10.2026 09:15:00";"22.10.2026 12:30:00";"Petra Hasler";"coaching";"mmp26c1"
"26c1 Schreiben und Sprechen I";"mod.mmp-SRSP01.V02.HS26_BS.001";"20261022T113000Z";"20261022T144500Z";"22.10.2026 13:30:00";"22.10.2026 16:45:00";"Petra Hasler";"coaching";"mmp26c1"
"26c2 Schreiben und Sprechen I";"mod.mmp-SRSP01.V02.HS26_BS.002";"20260921T071500Z";"20260921T103000Z";"21.09.2026 09:15:00";"21.09.2026 12:30:00";"Petra Hasler";"A1,02/A0,18";"mmp26c2"
"26c2 Schreiben und Sprechen I";"mod.mmp-SRSP01.V02.HS26_BS.002";"20260921T113000Z";"20260921T144500Z";"21.09.2026 13:30:00";"21.09.2026 16:45:00";"Petra Hasler";"A1,02/A0,18";"mmp26c2"
"26c2 Schreiben und Sprechen I";"mod.mmp-SRSP01.V02.HS26_BS.002";"20260922T071500Z";"20260922T103000Z";"22.09.2026 09:15:00";"22.09.2026 12:30:00";"Petra Hasler";"I 0.31";"mmp26c2"
"26c2 Schreiben und Sprechen I";"mod.mmp-SRSP01.V02.HS26_BS.002";"20260922T113000Z";"20260922T144500Z";"22.09.2026 13:30:00";"22.09.2026 16:45:00";"Petra Hasler";"I 0.31";"mmp26c2"
"26c2 Schreiben und Sprechen I";"mod.mmp-SRSP01.V02.HS26_BS.002";"20260923T071500Z";"20260923T103000Z";"23.09.2026 09:15:00";"23.09.2026 12:30:00";"Petra Hasler";"I 0.31";"mmp26c2"
"26c2 Schreiben und Sprechen I";"mod.mmp-SRSP01.V02.HS26_BS.002";"20260923T113000Z";"20260923T144500Z";"23.09.2026 13:30:00";"23.09.2026 16:45:00";"Petra Hasler";"I 0.31";"mmp26c2"
"26c2 Schreiben und Sprechen I";"mod.mmp-SRSP01.V02.HS26_BS.002";"20260928T071500Z";"20260928T103000Z";"28.09.2026 09:15:00";"28.09.2026 12:30:00";"Petra Hasler";"I 0.30";"mmp26c2"
"26c2 Schreiben und Sprechen I";"mod.mmp-SRSP01.V02.HS26_BS.002";"20260928T113000Z";"20260928T144500Z";"28.09.2026 13:30:00";"28.09.2026 16:45:00";"Petra Hasler";"I 0.30";"mmp26c2"
"26c2 Schreiben und Sprechen I";"mod.mmp-SRSP01.V02.HS26_BS.002";"20260929T071500Z";"20260929T103000Z";"29.09.2026 09:15:00";"29.09.2026 12:30:00";"Petra Hasler";"A1,02/A0,18";"mmp26c2"
"26c2 Schreiben und Sprechen I";"mod.mmp-SRSP01.V02.HS26_BS.002";"20260929T113000Z";"20260929T144500Z";"29.09.2026 13:30:00";"29.09.2026 16:45:00";"Petra Hasler";"A1,02/A0,18";"mmp26c2"
"26c2 Schreiben und Sprechen I";"mod.mmp-SRSP01.V02.HS26_BS.002";"20261001T071500Z";"20261001T103000Z";"01.10.2026 09:15:00";"01.10.2026 12:30:00";"Petra Hasler";"I 0.31";"mmp26c2"
"26c2 Schreiben und Sprechen I";"mod.mmp-SRSP01.V02.HS26_BS.002";"20261008T071500Z";"20261008T103000Z";"08.10.2026 09:15:00";"08.10.2026 12:30:00";"Petra Hasler";"I 0.31";"mmp26c2"
"26c2 Schreiben und Sprechen I";"mod.mmp-SRSP01.V02.HS26_BS.002";"20261020T071500Z";"20261020T103000Z";"20.10.2026 09:15:00";"20.10.2026 12:30:00";"Petra Hasler";"I 0.11/ I 0,30";"mmp26c2"
"26c2 Schreiben und Sprechen I";"mod.mmp-SRSP01.V02.HS26_BS.002";"20261020T113000Z";"20261020T144500Z";"20.10.2026 13:30:00";"20.10.2026 16:45:00";"Petra Hasler";"coaching";"mmp26c2"
"26c2 Schreiben und Sprechen I";"mod.mmp-SRSP01.V02.HS26_BS.002";"20261021T071500Z";"20261021T103000Z";"21.10.2026 09:15:00";"21.10.2026 12:30:00";"Petra Hasler";"coaching";"mmp26c2"
"26c2 Schreiben und Sprechen I";"mod.mmp-SRSP01.V02.HS26_BS.002";"20261021T113000Z";"20261021T144500Z";"21.10.2026 13:30:00";"21.10.2026 16:45:00";"Petra Hasler";"coaching";"mmp26c2"
"26c2 Schreiben und Sprechen I";"mod.mmp-SRSP01.V02.HS26_BS.002";"20261022T071500Z";"20261022T103000Z";"22.10.2026 09:15:00";"22.10.2026 12:30:00";"Petra Hasler";"Aula";"mmp26c2"
"26c2 Schreiben und Sprechen I";"mod.mmp-SRSP01.V02.HS26_BS.002";"20261022T113000Z";"20261022T144500Z";"22.10.2026 13:30:00";"22.10.2026 16:45:00";"Petra Hasler";"Aula";"mmp26c2"
"26b Schreiben und Sprechen I";"mod.mmp-SRSP01.V02.HS26_BS.003";"20260921T071500Z";"20260921T103000Z";"21.09.2026 09:15:00";"21.09.2026 12:30:00";"Petra Hasler";"140";"mmp26b"
"26b Schreiben und Sprechen I";"mod.mmp-SRSP01.V02.HS26_BS.003";"20260921T113000Z";"20260921T144500Z";"21.09.2026 13:30:00";"21.09.2026 16:45:00";"Petra Hasler";"140";"mmp26b"
"26b Schreiben und Sprechen I";"mod.mmp-SRSP01.V02.HS26_BS.003";"20260922T071500Z";"20260922T103000Z";"22.09.2026 09:15:00";"22.09.2026 12:30:00";"Petra Hasler";"140";"mmp26b"
"26b Schreiben und Sprechen I";"mod.mmp-SRSP01.V02.HS26_BS.003";"20260922T113000Z";"20260922T144500Z";"22.09.2026 13:30:00";"22.09.2026 16:45:00";"Petra Hasler";"140";"mmp26b"
"26b Schreiben und Sprechen I";"mod.mmp-SRSP01.V02.HS26_BS.003";"20260923T071500Z";"20260923T103000Z";"23.09.2026 09:15:00";"23.09.2026 12:30:00";"Petra Hasler";"140/130";"mmp26b"
"26b Schreiben und Sprechen I";"mod.mmp-SRSP01.V02.HS26_BS.003";"20260923T113000Z";"20260923T144500Z";"23.09.2026 13:30:00";"23.09.2026 16:45:00";"Petra Hasler";"140/130";"mmp26b"
"26b Schreiben und Sprechen I";"mod.mmp-SRSP01.V02.HS26_BS.003";"20260924T071500Z";"20260924T103000Z";"24.09.2026 09:15:00";"24.09.2026 12:30:00";"Petra Hasler";"211/130";"mmp26b"
"26b Schreiben und Sprechen I";"mod.mmp-SRSP01.V02.HS26_BS.003";"20260924T113000Z";"20260924T144500Z";"24.09.2026 13:30:00";"24.09.2026 16:45:00";"Petra Hasler";"211/130";"mmp26b"
"26b Schreiben und Sprechen I";"mod.mmp-SRSP01.V02.HS26_BS.003";"20260928T071500Z";"20260928T103000Z";"28.09.2026 09:15:00";"28.09.2026 12:30:00";"Petra Hasler";"140";"mmp26b"
"26b Schreiben und Sprechen I";"mod.mmp-SRSP01.V02.HS26_BS.003";"20260928T113000Z";"20260928T144500Z";"28.09.2026 13:30:00";"28.09.2026 16:45:00";"Petra Hasler";"140";"mmp26b"
"26b Schreiben und Sprechen I";"mod.mmp-SRSP01.V02.HS26_BS.003";"20260930T113000Z";"20260930T144500Z";"30.09.2026 13:30:00";"30.09.2026 16:45:00";"Petra Hasler";"schwarztorstrasse";"mmp26b"
"26b Schreiben und Sprechen I";"mod.mmp-SRSP01.V02.HS26_BS.003";"20261007T071500Z";"20261007T103000Z";"07.10.2026 09:15:00";"07.10.2026 12:30:00";"Petra Hasler";"140";"mmp26b"
"26b Schreiben und Sprechen I";"mod.mmp-SRSP01.V02.HS26_BS.003";"20261019T071500Z";"20261019T103000Z";"19.10.2026 09:15:00";"19.10.2026 12:30:00";"Petra Hasler";"140";"mmp26b"
"26b Schreiben und Sprechen I";"mod.mmp-SRSP01.V02.HS26_BS.003";"20261019T113000Z";"20261019T144500Z";"19.10.2026 13:30:00";"19.10.2026 16:45:00";"Petra Hasler";"140";"mmp26b"
"26b Schreiben und Sprechen I";"mod.mmp-SRSP01.V02.HS26_BS.003";"20261022T071500Z";"20261022T103000Z";"22.10.2026 09:15:00";"22.10.2026 12:30:00";"Petra Hasler";"010 / 250";"mmp26b"
"26b Schreiben und Sprechen I";"mod.mmp-SRSP01.V02.HS26_BS.003";"20261022T113000Z";"20261022T144500Z";"22.10.2026 13:30:00";"22.10.2026 16:45:00";"Petra Hasler";"Selbststudium";"mmp26b"
"25c1 Interaktive Medien III";"mod.mmp-INTEME03.V02.HS26_BS.001";"20260921T071500Z";"20260921T103000Z";"21.09.2026 09:15:00";"21.09.2026 12:30:00";"Wolfgang Bock";"I 0.04/05";"mmp25c1"
"25c1 Interaktive Medien III";"mod.mmp-INTEME03.V02.HS26_BS.001";"20260921T113000Z";"20260921T144500Z";"21.09.2026 13:30:00";"21.09.2026 16:45:00";"Wolfgang Bock";"I 0.04/05";"mmp25c1"
"25c1 Interaktive Medien III";"mod.mmp-INTEME03.V02.HS26_BS.001";"20260922T071500Z";"20260922T103000Z";"22.09.2026 09:15:00";"22.09.2026 12:30:00";"Wolfgang Bock";"I 0.04/05";"mmp25c1"
"25c1 Interaktive Medien III";"mod.mmp-INTEME03.V02.HS26_BS.001";"20260922T113000Z";"20260922T144500Z";"22.09.2026 13:30:00";"22.09.2026 16:45:00";"Wolfgang Bock";"I 0.04/05";"mmp25c1"
"25c1 Interaktive Medien III";"mod.mmp-INTEME03.V02.HS26_BS.001";"20260928T071500Z";"20260928T103000Z";"28.09.2026 09:15:00";"28.09.2026 12:30:00";"Wolfgang Bock";"I 0.04/05";"mmp25c1"
"25c1 Interaktive Medien III";"mod.mmp-INTEME03.V02.HS26_BS.001";"20260928T113000Z";"20260928T144500Z";"28.09.2026 13:30:00";"28.09.2026 16:45:00";"Wolfgang Bock";"I 0.04/05";"mmp25c1"
"25c1 Interaktive Medien III";"mod.mmp-INTEME03.V02.HS26_BS.001";"20260929T071500Z";"20260929T103000Z";"29.09.2026 09:15:00";"29.09.2026 12:30:00";"Wolfgang Bock";"I 0.04/05";"mmp25c1"
"25c1 Interaktive Medien III";"mod.mmp-INTEME03.V02.HS26_BS.001";"20260929T113000Z";"20260929T144500Z";"29.09.2026 13:30:00";"29.09.2026 16:45:00";"Wolfgang Bock";"I 0.04/05";"mmp25c1"
"25c1 Interaktive Medien III";"mod.mmp-INTEME03.V02.HS26_BS.001";"20261001T071500Z";"20261001T103000Z";"01.10.2026 09:15:00";"01.10.2026 12:30:00";"Wolfgang Bock";"I 0.04/05";"mmp25c1"
"25c1 Interaktive Medien III";"mod.mmp-INTEME03.V02.HS26_BS.001";"20261001T113000Z";"20261001T144500Z";"01.10.2026 13:30:00";"01.10.2026 16:45:00";"Wolfgang Bock";"I 0.04/05";"mmp25c1"
"25c1 Interaktive Medien III";"mod.mmp-INTEME03.V02.HS26_BS.001";"20261005T071500Z";"20261005T103000Z";"05.10.2026 09:15:00";"05.10.2026 12:30:00";"Wolfgang Bock";"I 0.04/05";"mmp25c1"
"25c1 Interaktive Medien III";"mod.mmp-INTEME03.V02.HS26_BS.001";"20261005T113000Z";"20261005T144500Z";"05.10.2026 13:30:00";"05.10.2026 16:45:00";"Wolfgang Bock";"I 0.04/05";"mmp25c1"
"25c1 Interaktive Medien III";"mod.mmp-INTEME03.V02.HS26_BS.001";"20261006T071500Z";"20261006T103000Z";"06.10.2026 09:15:00";"06.10.2026 12:30:00";"Wolfgang Bock";"I 0.02/03";"mmp25c1"
"25c1 Interaktive Medien III";"mod.mmp-INTEME03.V02.HS26_BS.001";"20261007T071500Z";"20261007T103000Z";"07.10.2026 09:15:00";"07.10.2026 12:30:00";"Wolfgang Bock";"I 0.04/05";"mmp25c1"
"25c1 Interaktive Medien III";"mod.mmp-INTEME03.V02.HS26_BS.001";"20261007T113000Z";"20261007T144500Z";"07.10.2026 13:30:00";"07.10.2026 16:45:00";"Wolfgang Bock";"I 0.04/05";"mmp25c1"
"25c1 Interaktive Medien III";"mod.mmp-INTEME03.V02.HS26_BS.001";"20261012T071500Z";"20261012T103000Z";"12.10.2026 09:15:00";"12.10.2026 12:30:00";"Wolfgang Bock";"I 0.04/05";"mmp25c1"
"25c1 Interaktive Medien III";"mod.mmp-INTEME03.V02.HS26_BS.001";"20261012T113000Z";"20261012T144500Z";"12.10.2026 13:30:00";"12.10.2026 16:45:00";"Wolfgang Bock";"I 0.04/05";"mmp25c1"
"25c1 Interaktive Medien III";"mod.mmp-INTEME03.V02.HS26_BS.001";"20261013T071500Z";"20261013T103000Z";"13.10.2026 09:15:00";"13.10.2026 12:30:00";"Wolfgang Bock";"I 0.04/05";"mmp25c1"
"25c1 Interaktive Medien III";"mod.mmp-INTEME03.V02.HS26_BS.001";"20261013T113000Z";"20261013T144500Z";"13.10.2026 13:30:00";"13.10.2026 16:45:00";"Wolfgang Bock";"I 0.04/05";"mmp25c1"
"25c1 Interaktive Medien III";"mod.mmp-INTEME03.V02.HS26_BS.001";"20261015T071500Z";"20261015T103000Z";"15.10.2026 09:15:00";"15.10.2026 12:30:00";"Wolfgang Bock";"I 0.04/05";"mmp25c1"
"25c1 Interaktive Medien III";"mod.mmp-INTEME03.V02.HS26_BS.001";"20261015T113000Z";"20261015T144500Z";"15.10.2026 13:30:00";"15.10.2026 16:45:00";"Wolfgang Bock";"I 0.04/05";"mmp25c1"
"25c2 Interaktive Medien III";"mod.mmp-INTEME03.V02.HS26_BS.002";"20260921T071500Z";"20260921T103000Z";"21.09.2026 09:15:00";"21.09.2026 12:30:00";"Wolfgang Bock";"I 0.04/05";"mmp25c2"
"25c2 Interaktive Medien III";"mod.mmp-INTEME03.V02.HS26_BS.002";"20260921T113000Z";"20260921T144500Z";"21.09.2026 13:30:00";"21.09.2026 16:45:00";"Wolfgang Bock";"I 0.04/05";"mmp25c2"
"25c2 Interaktive Medien III";"mod.mmp-INTEME03.V02.HS26_BS.002";"20260922T071500Z";"20260922T103000Z";"22.09.2026 09:15:00";"22.09.2026 12:30:00";"Wolfgang Bock";"I 0.04/05";"mmp25c2"
"25c2 Interaktive Medien III";"mod.mmp-INTEME03.V02.HS26_BS.002";"20260922T113000Z";"20260922T144500Z";"22.09.2026 13:30:00";"22.09.2026 16:45:00";"Wolfgang Bock";"I 0.04/05";"mmp25c2"
"25c2 Interaktive Medien III";"mod.mmp-INTEME03.V02.HS26_BS.002";"20260928T071500Z";"20260928T103000Z";"28.09.2026 09:15:00";"28.09.2026 12:30:00";"Wolfgang Bock";"I 0.04/05";"mmp25c2"
"25c2 Interaktive Medien III";"mod.mmp-INTEME03.V02.HS26_BS.002";"20260928T113000Z";"20260928T144500Z";"28.09.2026 13:30:00";"28.09.2026 16:45:00";"Wolfgang Bock";"I 0.04/05";"mmp25c2"
"25c2 Interaktive Medien III";"mod.mmp-INTEME03.V02.HS26_BS.002";"20260929T071500Z";"20260929T103000Z";"29.09.2026 09:15:00";"29.09.2026 12:30:00";"Wolfgang Bock";"I 0.04/05";"mmp25c2"
"25c2 Interaktive Medien III";"mod.mmp-INTEME03.V02.HS26_BS.002";"20260929T113000Z";"20260929T144500Z";"29.09.2026 13:30:00";"29.09.2026 16:45:00";"Wolfgang Bock";"I 0.04/05";"mmp25c2"
"25c2 Interaktive Medien III";"mod.mmp-INTEME03.V02.HS26_BS.002";"20260930T071500Z";"20260930T103000Z";"30.09.2026 09:15:00";"30.09.2026 12:30:00";"Wolfgang Bock";"I 0.04/05";"mmp25c2"
"25c2 Interaktive Medien III";"mod.mmp-INTEME03.V02.HS26_BS.002";"20260930T113000Z";"20260930T144500Z";"30.09.2026 13:30:00";"30.09.2026 16:45:00";"Wolfgang Bock";"I 0.04/05";"mmp25c2"
"25c2 Interaktive Medien III";"mod.mmp-INTEME03.V02.HS26_BS.002";"20261005T071500Z";"20261005T103000Z";"05.10.2026 09:15:00";"05.10.2026 12:30:00";"Wolfgang Bock";"I 0.04/05";"mmp25c2"
"25c2 Interaktive Medien III";"mod.mmp-INTEME03.V02.HS26_BS.002";"20261005T113000Z";"20261005T144500Z";"05.10.2026 13:30:00";"05.10.2026 16:45:00";"Wolfgang Bock";"I 0.04/05";"mmp25c2"
"25c2 Interaktive Medien III";"mod.mmp-INTEME03.V02.HS26_BS.002";"20261006T071500Z";"20261006T103000Z";"06.10.2026 09:15:00";"06.10.2026 12:30:00";"Wolfgang Bock";"I 0.02/03";"mmp25c2"
"25c2 Interaktive Medien III";"mod.mmp-INTEME03.V02.HS26_BS.002";"20261008T071500Z";"20261008T103000Z";"08.10.2026 09:15:00";"08.10.2026 12:30:00";"Wolfgang Bock";"I 0.04/05";"mmp25c2"
"25c2 Interaktive Medien III";"mod.mmp-INTEME03.V02.HS26_BS.002";"20261008T113000Z";"20261008T144500Z";"08.10.2026 13:30:00";"08.10.2026 16:45:00";"Wolfgang Bock";"I 0.04/05";"mmp25c2"
"25c2 Interaktive Medien III";"mod.mmp-INTEME03.V02.HS26_BS.002";"20261012T071500Z";"20261012T103000Z";"12.10.2026 09:15:00";"12.10.2026 12:30:00";"Wolfgang Bock";"I 0.04/05";"mmp25c2"
"25c2 Interaktive Medien III";"mod.mmp-INTEME03.V02.HS26_BS.002";"20261012T113000Z";"20261012T144500Z";"12.10.2026 13:30:00";"12.10.2026 16:45:00";"Wolfgang Bock";"I 0.04/05";"mmp25c2"
"25c2 Interaktive Medien III";"mod.mmp-INTEME03.V02.HS26_BS.002";"20261013T071500Z";"20261013T103000Z";"13.10.2026 09:15:00";"13.10.2026 12:30:00";"Wolfgang Bock";"I 0.04/05";"mmp25c2"
"25c2 Interaktive Medien III";"mod.mmp-INTEME03.V02.HS26_BS.002";"20261013T113000Z";"20261013T144500Z";"13.10.2026 13:30:00";"13.10.2026 16:45:00";"Wolfgang Bock";"I 0.04/05";"mmp25c2"
"25c2 Interaktive Medien III";"mod.mmp-INTEME03.V02.HS26_BS.002";"20261015T071500Z";"20261015T103000Z";"15.10.2026 09:15:00";"15.10.2026 12:30:00";"Wolfgang Bock";"I 0.04/05";"mmp25c2"
"25c2 Interaktive Medien III";"mod.mmp-INTEME03.V02.HS26_BS.002";"20261015T113000Z";"20261015T144500Z";"15.10.2026 13:30:00";"15.10.2026 16:45:00";"Wolfgang Bock";"I 0.04/05";"mmp25c2"
"25b Interaktive Medien III";"mod.mmp-INTEME03.V02.HS26_BS.003";"20260921T071500Z";"20260921T103000Z";"21.09.2026 09:15:00";"21.09.2026 12:30:00";"Wolfgang Bock";"010";"mmp25b"
"25b Interaktive Medien III";"mod.mmp-INTEME03.V02.HS26_BS.003";"20260921T113000Z";"20260921T144500Z";"21.09.2026 13:30:00";"21.09.2026 16:45:00";"Wolfgang Bock";"010";"mmp25b"
"25b Interaktive Medien III";"mod.mmp-INTEME03.V02.HS26_BS.003";"20260922T071500Z";"20260922T103000Z";"22.09.2026 09:15:00";"22.09.2026 12:30:00";"Wolfgang Bock";"010";"mmp25b"
"25b Interaktive Medien III";"mod.mmp-INTEME03.V02.HS26_BS.003";"20260922T113000Z";"20260922T144500Z";"22.09.2026 13:30:00";"22.09.2026 16:45:00";"Wolfgang Bock";"010";"mmp25b"
"25b Interaktive Medien III";"mod.mmp-INTEME03.V02.HS26_BS.003";"20260924T071500Z";"20260924T103000Z";"24.09.2026 09:15:00";"24.09.2026 12:30:00";"Wolfgang Bock";"Fellerstrasse ";"mmp25b"
"25b Interaktive Medien III";"mod.mmp-INTEME03.V02.HS26_BS.003";"20260924T113000Z";"20260924T144500Z";"24.09.2026 13:30:00";"24.09.2026 16:45:00";"Wolfgang Bock";"Fellerstrasse ";"mmp25b"
"25b Interaktive Medien III";"mod.mmp-INTEME03.V02.HS26_BS.003";"20260928T071500Z";"20260928T103000Z";"28.09.2026 09:15:00";"28.09.2026 12:30:00";"Wolfgang Bock";"010";"mmp25b"
"25b Interaktive Medien III";"mod.mmp-INTEME03.V02.HS26_BS.003";"20260928T113000Z";"20260928T144500Z";"28.09.2026 13:30:00";"28.09.2026 16:45:00";"Wolfgang Bock";"010";"mmp25b"
"25b Interaktive Medien III";"mod.mmp-INTEME03.V02.HS26_BS.003";"20260929T071500Z";"20260929T103000Z";"29.09.2026 09:15:00";"29.09.2026 12:30:00";"Wolfgang Bock";"010";"mmp25b"
"25b Interaktive Medien III";"mod.mmp-INTEME03.V02.HS26_BS.003";"20260929T113000Z";"20260929T144500Z";"29.09.2026 13:30:00";"29.09.2026 16:45:00";"Wolfgang Bock";"010";"mmp25b"
"25b Interaktive Medien III";"mod.mmp-INTEME03.V02.HS26_BS.003";"20261005T071500Z";"20261005T103000Z";"05.10.2026 09:15:00";"05.10.2026 12:30:00";"Wolfgang Bock";"010";"mmp25b"
"25b Interaktive Medien III";"mod.mmp-INTEME03.V02.HS26_BS.003";"20261005T113000Z";"20261005T144500Z";"05.10.2026 13:30:00";"05.10.2026 16:45:00";"Wolfgang Bock";"010";"mmp25b"
"25b Interaktive Medien III";"mod.mmp-INTEME03.V02.HS26_BS.003";"20261006T071500Z";"20261006T103000Z";"06.10.2026 09:15:00";"06.10.2026 12:30:00";"Wolfgang Bock";"010";"mmp25b"
"25b Interaktive Medien III";"mod.mmp-INTEME03.V02.HS26_BS.003";"20261008T071500Z";"20261008T103000Z";"08.10.2026 09:15:00";"08.10.2026 12:30:00";"Wolfgang Bock";"010";"mmp25b"
"25b Interaktive Medien III";"mod.mmp-INTEME03.V02.HS26_BS.003";"20261008T113000Z";"20261008T144500Z";"08.10.2026 13:30:00";"08.10.2026 16:45:00";"Wolfgang Bock";"010";"mmp25b"
"25b Interaktive Medien III";"mod.mmp-INTEME03.V02.HS26_BS.003";"20261012T071500Z";"20261012T103000Z";"12.10.2026 09:15:00";"12.10.2026 12:30:00";"Wolfgang Bock";"H225";"mmp25b"
"25b Interaktive Medien III";"mod.mmp-INTEME03.V02.HS26_BS.003";"20261012T113000Z";"20261012T144500Z";"12.10.2026 13:30:00";"12.10.2026 16:45:00";"Wolfgang Bock";"H225";"mmp25b"
"25b Interaktive Medien III";"mod.mmp-INTEME03.V02.HS26_BS.003";"20261014T071500Z";"20261014T103000Z";"14.10.2026 09:15:00";"14.10.2026 12:30:00";"Wolfgang Bock";"Schwarztorstrasse";"mmp25b"
"25b Interaktive Medien III";"mod.mmp-INTEME03.V02.HS26_BS.003";"20261014T113000Z";"20261014T144500Z";"14.10.2026 13:30:00";"14.10.2026 16:45:00";"Wolfgang Bock";"Schwarztorstrasse";"mmp25b"
"25b Interaktive Medien III";"mod.mmp-INTEME03.V02.HS26_BS.003";"20261015T071500Z";"20261015T103000Z";"15.10.2026 09:15:00";"15.10.2026 12:30:00";"Wolfgang Bock";"140";"mmp25b"
"25b Interaktive Medien III";"mod.mmp-INTEME03.V02.HS26_BS.003";"20261015T113000Z";"20261015T144500Z";"15.10.2026 13:30:00";"15.10.2026 16:45:00";"Wolfgang Bock";"140";"mmp25b"
"25cv Interaktive Medien III";"mod.mmp-INTEME03.V02.HS26_BS.004";"20260921T071500Z";"20260921T103000Z";"21.09.2026 09:15:00";"21.09.2026 12:30:00";"Wolfgang Bock";"SIB";"mmp25cv"
"25cv Interaktive Medien III";"mod.mmp-INTEME03.V02.HS26_BS.004";"20260921T113000Z";"20260921T144500Z";"21.09.2026 13:30:00";"21.09.2026 16:45:00";"Wolfgang Bock";"SIB";"mmp25cv"
"25cv Interaktive Medien III";"mod.mmp-INTEME03.V02.HS26_BS.004";"20260922T071500Z";"20260922T103000Z";"22.09.2026 09:15:00";"22.09.2026 12:30:00";"Wolfgang Bock";"Z0.03";"mmp25cv"
"25cv Interaktive Medien III";"mod.mmp-INTEME03.V02.HS26_BS.004";"20260928T071500Z";"20260928T103000Z";"28.09.2026 09:15:00";"28.09.2026 12:30:00";"Wolfgang Bock";"Z0.03";"mmp25cv"
"25cv Interaktive Medien III";"mod.mmp-INTEME03.V02.HS26_BS.004";"20260928T113000Z";"20260928T144500Z";"28.09.2026 13:30:00";"28.09.2026 16:45:00";"Wolfgang Bock";"Z0.03";"mmp25cv"
"25cv Interaktive Medien III";"mod.mmp-INTEME03.V02.HS26_BS.004";"20260929T071500Z";"20260929T103000Z";"29.09.2026 09:15:00";"29.09.2026 12:30:00";"Wolfgang Bock";"Z0.01";"mmp25cv"
"25cv Interaktive Medien III";"mod.mmp-INTEME03.V02.HS26_BS.004";"20260929T113000Z";"20260929T144500Z";"29.09.2026 13:30:00";"29.09.2026 16:45:00";"Wolfgang Bock";"Z0.01";"mmp25cv"
"25cv Interaktive Medien III";"mod.mmp-INTEME03.V02.HS26_BS.004";"20261012T071500Z";"20261012T103000Z";"12.10.2026 09:15:00";"12.10.2026 12:30:00";"Wolfgang Bock";"Z0.03";"mmp25cv"
"25cv Interaktive Medien III";"mod.mmp-INTEME03.V02.HS26_BS.004";"20261012T113000Z";"20261012T144500Z";"12.10.2026 13:30:00";"12.10.2026 16:45:00";"Wolfgang Bock";"Z0.03";"mmp25cv"
"25cv Interaktive Medien III";"mod.mmp-INTEME03.V02.HS26_BS.004";"20261013T071500Z";"20261013T103000Z";"13.10.2026 09:15:00";"13.10.2026 12:30:00";"Wolfgang Bock";"Z0.03";"mmp25cv"
"25cv Interaktive Medien III";"mod.mmp-INTEME03.V02.HS26_BS.004";"20261013T113000Z";"20261013T144500Z";"13.10.2026 13:30:00";"13.10.2026 16:45:00";"Wolfgang Bock";"Z0.03";"mmp25cv"
"26cv Schreiben und Sprechen I";"mod.mmp-SRSP01.V02.HS26_BS.004";"20260922T071500Z";"20260922T103000Z";"22.09.2026 09:15:00";"22.09.2026 12:30:00";"Petra Hasler";"Z2.02";"mmp26cv"
"26cv Schreiben und Sprechen I";"mod.mmp-SRSP01.V02.HS26_BS.004";"20260922T113000Z";"20260922T144500Z";"22.09.2026 13:30:00";"22.09.2026 16:45:00";"Petra Hasler";"Z2.02";"mmp26cv"
"26cv Schreiben und Sprechen I";"mod.mmp-SRSP01.V02.HS26_BS.004";"20260928T071500Z";"20260928T103000Z";"28.09.2026 09:15:00";"28.09.2026 12:30:00";"Petra Hasler";"Z2.02";"mmp26cv"
"26cv Schreiben und Sprechen I";"mod.mmp-SRSP01.V02.HS26_BS.004";"20260928T113000Z";"20260928T144500Z";"28.09.2026 13:30:00";"28.09.2026 16:45:00";"Petra Hasler";"Z2.02";"mmp26cv"
"26cv Schreiben und Sprechen I";"mod.mmp-SRSP01.V02.HS26_BS.004";"20260929T071500Z";"20260929T103000Z";"29.09.2026 09:15:00";"29.09.2026 12:30:00";"Petra Hasler";"Z2.02";"mmp26cv"
"26cv Schreiben und Sprechen I";"mod.mmp-SRSP01.V02.HS26_BS.004";"20260929T113000Z";"20260929T144500Z";"29.09.2026 13:30:00";"29.09.2026 16:45:00";"Petra Hasler";"Z2.02";"mmp26cv"
"26cv Schreiben und Sprechen I";"mod.mmp-SRSP01.V02.HS26_BS.004";"20260930T150000Z";"20260930T163000Z";"30.09.2026 17:00:00";"30.09.2026 18:30:00";"Petra Hasler";"Z2.02";"mmp26cv"
"26cv Schreiben und Sprechen I";"mod.mmp-SRSP01.V02.HS26_BS.004";"20261019T071500Z";"20261019T103000Z";"19.10.2026 09:15:00";"19.10.2026 12:30:00";"Petra Hasler";"Z2.02 / Z-1.15";"mmp26cv"
"26cv Schreiben und Sprechen I";"mod.mmp-SRSP01.V02.HS26_BS.004";"20261020T071500Z";"20261020T103000Z";"20.10.2026 09:15:00";"20.10.2026 12:30:00";"Petra Hasler";"Z2.02";"mmp26cv"
"26cv Schreiben und Sprechen I";"mod.mmp-SRSP01.V02.HS26_BS.004";"20261020T113000Z";"20261020T144500Z";"20.10.2026 13:30:00";"20.10.2026 16:45:00";"Petra Hasler";"Z2.02";"mmp26cv"
"26cv Schreiben und Sprechen I";"mod.mmp-SRSP01.V02.HS26_BS.004";"20261214T081500Z";"20261214T113000Z";"14.12.2026 09:15:00";"14.12.2026 12:30:00";"Petra Hasler";"Z2.02";"mmp26cv"
"26cv Schreiben und Sprechen I";"mod.mmp-SRSP01.V02.HS26_BS.004";"20261214T123000Z";"20261214T154500Z";"14.12.2026 13:30:00";"14.12.2026 16:45:00";"Petra Hasler";"Z2.02";"mmp26cv"
"26cv Schreiben und Sprechen I";"mod.mmp-SRSP01.V02.HS26_BS.004";"20270104T081500Z";"20270105T113000Z";"04.01.2027 09:15:00";"05.01.2027 12:30:00";"Petra Hasler";"Z2.02 / Z2.01";"mmp26cv"
"26cv Schreiben und Sprechen I";"mod.mmp-SRSP01.V02.HS26_BS.004";"20270104T123000Z";"18991230T163539Z";"04.01.2027 13:30:00";"30.12.1899 17:35:39";"Petra Hasler";"Z2.02 / Z2.01";"mmp26cv"
"26cv Schreiben und Sprechen I";"mod.mmp-SRSP01.V02.HS26_BS.004";"20270105T081500Z";"20270106T113000Z";"05.01.2027 09:15:00";"06.01.2027 12:30:00";"Petra Hasler";"Z2.02 / Z2.01";"mmp26cv"
"26cv Schreiben und Sprechen I";"mod.mmp-SRSP01.V02.HS26_BS.004";"20270105T123000Z";"18991230T163539Z";"05.01.2027 13:30:00";"30.12.1899 17:35:39";"Petra Hasler";"Z2.02 / Z2.01";"mmp26cv"
"25c1 Markt- und Medienforschung / Medienethik II - Medienethik 2";"modk.mmp-MEDETH2.V04.HS26_BS.001";"20260923T113000Z";"20260923T144500Z";"23.09.2026 13:30:00";"23.09.2026 16:45:00";"Marie-Therese Mäder";"I 0.04/05";"mmp25c1"
"25c1 Markt- und Medienforschung / Medienethik II - Medienethik 2";"modk.mmp-MEDETH2.V04.HS26_BS.001";"20261014T071500Z";"20261014T103000Z";"14.10.2026 09:15:00";"14.10.2026 12:30:00";"Marie-Therese Mäder";"I 0.31";"mmp25c1"
"25c1 Markt- und Medienforschung / Medienethik II - Medienethik 2";"modk.mmp-MEDETH2.V04.HS26_BS.001";"20261102T123000Z";"20261102T154500Z";"02.11.2026 13:30:00";"02.11.2026 16:45:00";"Marie-Therese Mäder";"I 0.30";"mmp25c1"
"25c1 Markt- und Medienforschung / Medienethik II - Medienethik 2";"modk.mmp-MEDETH2.V04.HS26_BS.001";"20261130T123000Z";"20261130T154500Z";"30.11.2026 13:30:00";"30.11.2026 16:45:00";"Marie-Therese Mäder";"I 0.30";"mmp25c1"
"25c1 Markt- und Medienforschung / Medienethik II - Medienethik 2";"modk.mmp-MEDETH2.V04.HS26_BS.001";"20261208T081500Z";"20261208T113000Z";"08.12.2026 09:15:00";"08.12.2026 12:30:00";"Marie-Therese Mäder";"I 0.04/05";"mmp25c1"
"25c1 Markt- und Medienforschung / Medienethik II - Medienethik 2";"modk.mmp-MEDETH2.V04.HS26_BS.001";"20261214T081500Z";"20261214T113000Z";"14.12.2026 09:15:00";"14.12.2026 12:30:00";"Marie-Therese Mäder";"I 0.30";"mmp25c1"
"26c2 Mediensystem Schweiz – Medien-BWL Grundlagen";"modk.mmp-MBWLG01.HS26_BS.002";"20260924T071500Z";"20260924T103000Z";"24.09.2026 09:15:00";"24.09.2026 12:30:00";"Marius Hagger ";"I 0.31";"mmp26c2"
"26c2 Mediensystem Schweiz – Medien-BWL Grundlagen";"modk.mmp-MBWLG01.HS26_BS.002";"20261019T071500Z";"20261019T103000Z";"19.10.2026 09:15:00";"19.10.2026 12:30:00";"Marius Hagger ";"I 0.31";"mmp26c2"
"26c2 Mediensystem Schweiz – Medien-BWL Grundlagen";"modk.mmp-MBWLG01.HS26_BS.002";"20261029T081500Z";"20261029T113000Z";"29.10.2026 09:15:00";"29.10.2026 12:30:00";"Marius Hagger ";"I 0.31";"mmp26c2"
"26c2 Mediensystem Schweiz – Medien-BWL Grundlagen";"modk.mmp-MBWLG01.HS26_BS.002";"20261105T081500Z";"20261105T113000Z";"05.11.2026 09:15:00";"05.11.2026 12:30:00";"Marius Hagger ";"I 0.31";"mmp26c2"
"26c2 Mediensystem Schweiz – Medien-BWL Grundlagen";"modk.mmp-MBWLG01.HS26_BS.002";"20261109T081500Z";"20261109T113000Z";"09.11.2026 09:15:00";"09.11.2026 12:30:00";"Marius Hagger ";"I 0.31";"mmp26c2"
"26c2 Mediensystem Schweiz – Medien-BWL Grundlagen";"modk.mmp-MBWLG01.HS26_BS.002";"20261111T123000Z";"20261111T154500Z";"11.11.2026 13:30:00";"11.11.2026 16:45:00";"Marius Hagger ";"I 0.31";"mmp26c2"
"26c2 Mediensystem Schweiz – Medien-BWL Grundlagen";"modk.mmp-MBWLG01.HS26_BS.002";"20261209T081500Z";"20261209T113000Z";"09.12.2026 09:15:00";"09.12.2026 12:30:00";"Marius Hagger ";"I 0.30";"mmp26c2"
"26c2 Mediensystem Schweiz – Medien-BWL Grundlagen";"modk.mmp-MBWLG01.HS26_BS.002";"20261216T123000Z";"20261216T154500Z";"16.12.2026 13:30:00";"16.12.2026 16:45:00";"Marius Hagger ";"I 0.31";"mmp26c2"
"25c2 Markt- und Medienforschung / Medienethik II - Medienethik 2";"modk.mmp-MEDETH2.V04.HS26_BS.002";"20260924T071500Z";"20260924T103000Z";"24.09.2026 09:15:00";"24.09.2026 12:30:00";"Marie-Therese Mäder";"I 0.04/05";"mmp25c2"
"25c2 Markt- und Medienforschung / Medienethik II - Medienethik 2";"modk.mmp-MEDETH2.V04.HS26_BS.002";"20261014T113000Z";"20261014T144500Z";"14.10.2026 13:30:00";"14.10.2026 16:45:00";"Marie-Therese Mäder";"I 0.31";"mmp25c2"
"25c2 Markt- und Medienforschung / Medienethik II - Medienethik 2";"modk.mmp-MEDETH2.V04.HS26_BS.002";"20261102T081500Z";"20261102T113000Z";"02.11.2026 09:15:00";"02.11.2026 12:30:00";"Marie-Therese Mäder";"I 0.30";"mmp25c2"
"25c2 Markt- und Medienforschung / Medienethik II - Medienethik 2";"modk.mmp-MEDETH2.V04.HS26_BS.002";"20261130T081500Z";"20261130T113000Z";"30.11.2026 09:15:00";"30.11.2026 12:30:00";"Marie-Therese Mäder";"I 0.30";"mmp25c2"
"25c2 Markt- und Medienforschung / Medienethik II - Medienethik 2";"modk.mmp-MEDETH2.V04.HS26_BS.002";"20261208T123000Z";"20261208T154500Z";"08.12.2026 13:30:00";"08.12.2026 16:45:00";"Marie-Therese Mäder";"I 0.04/05";"mmp25c2"
"25c2 Markt- und Medienforschung / Medienethik II - Medienethik 2";"modk.mmp-MEDETH2.V04.HS26_BS.002";"20261214T123000Z";"20261214T154500Z";"14.12.2026 13:30:00";"14.12.2026 16:45:00";"Marie-Therese Mäder";"I 0.30";"mmp25c2"
"26c1 Mediensystem Schweiz – Medien-BWL Grundlagen";"modk.mmp-MBWLG01.HS26_BS.001";"20260924T113000Z";"20260924T144500Z";"24.09.2026 13:30:00";"24.09.2026 16:45:00";"Marius Hagger ";"I 0.31";"mmp26c1"
"26c1 Mediensystem Schweiz – Medien-BWL Grundlagen";"modk.mmp-MBWLG01.HS26_BS.001";"20261019T113000Z";"20261019T144500Z";"19.10.2026 13:30:00";"19.10.2026 16:45:00";"Marius Hagger ";"I 0.31";"mmp26c1"
"26c1 Mediensystem Schweiz – Medien-BWL Grundlagen";"modk.mmp-MBWLG01.HS26_BS.001";"20261029T123000Z";"20261029T154500Z";"29.10.2026 13:30:00";"29.10.2026 16:45:00";"Marius Hagger ";"I 0.31";"mmp26c1"
"26c1 Mediensystem Schweiz – Medien-BWL Grundlagen";"modk.mmp-MBWLG01.HS26_BS.001";"20261105T123000Z";"20261105T154500Z";"05.11.2026 13:30:00";"05.11.2026 16:45:00";"Marius Hagger ";"I 0.31";"mmp26c1"
"26c1 Mediensystem Schweiz – Medien-BWL Grundlagen";"modk.mmp-MBWLG01.HS26_BS.001";"20261109T123000Z";"20261109T154500Z";"09.11.2026 13:30:00";"09.11.2026 16:45:00";"Marius Hagger ";"I 0.31";"mmp26c1"
"26c1 Mediensystem Schweiz – Medien-BWL Grundlagen";"modk.mmp-MBWLG01.HS26_BS.001";"20261111T081500Z";"20261111T113000Z";"11.11.2026 09:15:00";"11.11.2026 12:30:00";"Marius Hagger ";"I 0.31";"mmp26c1"
"26c1 Mediensystem Schweiz – Medien-BWL Grundlagen";"modk.mmp-MBWLG01.HS26_BS.001";"20261209T123000Z";"20261209T154500Z";"09.12.2026 13:30:00";"09.12.2026 16:45:00";"Marius Hagger ";"I 0.31";"mmp26c1"
"26c1 Mediensystem Schweiz – Medien-BWL Grundlagen";"modk.mmp-MBWLG01.HS26_BS.001";"20261216T081500Z";"20261216T113000Z";"16.12.2026 09:15:00";"16.12.2026 12:30:00";"Marius Hagger ";"I 0.31";"mmp26c1"
"26c1 Audiovisuelles Erzählen I";"mod.mmp-AVE01.HS26_BS.001";"20260929T071500Z";"20260929T103000Z";"29.09.2026 09:15:00";"29.09.2026 12:30:00";"Merle Jothe/Andrin Egger";"I 0.30/I0.31";"mmp26c1"
"26c1 Audiovisuelles Erzählen I";"mod.mmp-AVE01.HS26_BS.001";"20260929T113000Z";"20260929T144500Z";"29.09.2026 13:30:00";"29.09.2026 16:45:00";"Merle Jothe/Andrin Egger";"I 0.30/I0.31";"mmp26c1"
"26c1 Audiovisuelles Erzählen I";"mod.mmp-AVE01.HS26_BS.001";"20261001T071500Z";"20261001T103000Z";"01.10.2026 09:15:00";"01.10.2026 12:30:00";"Merle Jothe/Andrin Egger";"I 0.02/03/I0,12/I0,09";"mmp26c1"
"26c1 Audiovisuelles Erzählen I";"mod.mmp-AVE01.HS26_BS.001";"20261006T071500Z";"20261006T103000Z";"06.10.2026 09:15:00";"06.10.2026 12:30:00";"Merle Jothe/Andrin Egger";"H1,17";"mmp26c1"
"26c1 Audiovisuelles Erzählen I";"mod.mmp-AVE01.HS26_BS.001";"20261007T071500Z";"20261007T103000Z";"07.10.2026 09:15:00";"07.10.2026 12:30:00";"Merle Jothe/Andrin Egger";"H1,17";"mmp26c1"
"26c1 Audiovisuelles Erzählen I";"mod.mmp-AVE01.HS26_BS.001";"20261007T113000Z";"20261007T144500Z";"07.10.2026 13:30:00";"07.10.2026 16:45:00";"Merle Jothe/Andrin Egger";"H1,17";"mmp26c1"
"26c1 Audiovisuelles Erzählen I";"mod.mmp-AVE01.HS26_BS.001";"20261015T071500Z";"20261015T103000Z";"15.10.2026 09:15:00";"15.10.2026 12:30:00";"Merle Jothe/Andrin Egger";"H1,17";"mmp26c1"
"26c1 Audiovisuelles Erzählen I";"mod.mmp-AVE01.HS26_BS.001";"20261015T113000Z";"20261015T144500Z";"15.10.2026 13:30:00";"15.10.2026 16:45:00";"Merle Jothe/Andrin Egger";"H1,17";"mmp26c1"
"26c1 Audiovisuelles Erzählen I";"mod.mmp-AVE01.HS26_BS.001";"20261123T081500Z";"20261123T113000Z";"23.11.2026 09:15:00";"23.11.2026 12:30:00";"Merle Jothe/Andrin Egger";"online";"mmp26c1"
"26c1 Audiovisuelles Erzählen I";"mod.mmp-AVE01.HS26_BS.001";"20261123T123000Z";"20261123T154500Z";"23.11.2026 13:30:00";"23.11.2026 16:45:00";"Merle Jothe/Andrin Egger";"online";"mmp26c1"
"26b Audiovisuelles Erzählen I";"mod.mmp-AVE01.HS26_BS.003";"20260929T071500Z";"20260929T103000Z";"29.09.2026 09:15:00";"29.09.2026 12:30:00";"Merle Jothe/Andrin Egger";"140/250";"mmp26b"
"26b Audiovisuelles Erzählen I";"mod.mmp-AVE01.HS26_BS.003";"20260929T113000Z";"20260929T144500Z";"29.09.2026 13:30:00";"29.09.2026 16:45:00";"Merle Jothe/Andrin Egger";"140/250";"mmp26b"
"26b Audiovisuelles Erzählen I";"mod.mmp-AVE01.HS26_BS.003";"20260930T071500Z";"20260930T103000Z";"30.09.2026 09:15:00";"30.09.2026 12:30:00";"Merle Jothe/Andrin Egger";"211";"mmp26b"
"26b Audiovisuelles Erzählen I";"mod.mmp-AVE01.HS26_BS.003";"20261007T113000Z";"20261007T144500Z";"07.10.2026 13:30:00";"07.10.2026 16:45:00";"Merle Jothe/Andrin Egger";"140";"mmp26b"
"26b Audiovisuelles Erzählen I";"mod.mmp-AVE01.HS26_BS.003";"20261008T071500Z";"20261008T103000Z";"08.10.2026 09:15:00";"08.10.2026 12:30:00";"Merle Jothe/Andrin Egger";"140";"mmp26b"
"26b Audiovisuelles Erzählen I";"mod.mmp-AVE01.HS26_BS.003";"20261008T113000Z";"20261008T144500Z";"08.10.2026 13:30:00";"08.10.2026 16:45:00";"Merle Jothe/Andrin Egger";"140";"mmp26b"
"26b Audiovisuelles Erzählen I";"mod.mmp-AVE01.HS26_BS.003";"20261014T071500Z";"20261014T103000Z";"14.10.2026 09:15:00";"14.10.2026 12:30:00";"Merle Jothe/Andrin Egger";"010";"mmp26b"
"26b Audiovisuelles Erzählen I";"mod.mmp-AVE01.HS26_BS.003";"20261014T113000Z";"20261014T144500Z";"14.10.2026 13:30:00";"14.10.2026 16:45:00";"Merle Jothe/Andrin Egger";"010";"mmp26b"
"26b Audiovisuelles Erzählen I";"mod.mmp-AVE01.HS26_BS.003";"20261125T081500Z";"20261125T113000Z";"25.11.2026 09:15:00";"25.11.2026 12:30:00";"Merle Jothe/Andrin Egger";"online";"mmp26b"
"26b Audiovisuelles Erzählen I";"mod.mmp-AVE01.HS26_BS.003";"20261125T123000Z";"20261125T154500Z";"25.11.2026 13:30:00";"25.11.2026 16:45:00";"Merle Jothe/Andrin Egger";"online";"mmp26b"
"26c2 Audiovisuelles Erzählen I";"mod.mmp-AVE01.HS26_BS.002";"20260930T071500Z";"20260930T103000Z";"30.09.2026 09:15:00";"30.09.2026 12:30:00";"Merle Jothe/Andrin Egger";"I 0.30/I0.31";"mmp26c2"
"26c2 Audiovisuelles Erzählen I";"mod.mmp-AVE01.HS26_BS.002";"20260930T113000Z";"20260930T144500Z";"30.09.2026 13:30:00";"30.09.2026 16:45:00";"Merle Jothe/Andrin Egger";"I 0.30/I0.31";"mmp26c2"
"26c2 Audiovisuelles Erzählen I";"mod.mmp-AVE01.HS26_BS.002";"20261001T113000Z";"20261001T144500Z";"01.10.2026 13:30:00";"01.10.2026 16:45:00";"Merle Jothe/Andrin Egger";"I 0.02/03/I0,12/I0,09";"mmp26c2"
"26c2 Audiovisuelles Erzählen I";"mod.mmp-AVE01.HS26_BS.002";"20261006T113000Z";"20261006T144500Z";"06.10.2026 13:30:00";"06.10.2026 16:45:00";"Merle Jothe/Andrin Egger";"H1,17";"mmp26c2"
"26c2 Audiovisuelles Erzählen I";"mod.mmp-AVE01.HS26_BS.002";"20261007T071500Z";"20261007T103000Z";"07.10.2026 09:15:00";"07.10.2026 12:30:00";"Merle Jothe/Andrin Egger";"H1,15";"mmp26c2"
"26c2 Audiovisuelles Erzählen I";"mod.mmp-AVE01.HS26_BS.002";"20261007T113000Z";"20261007T144500Z";"07.10.2026 13:30:00";"07.10.2026 16:45:00";"Merle Jothe/Andrin Egger";"H1,15";"mmp26c2"
"26c2 Audiovisuelles Erzählen I";"mod.mmp-AVE01.HS26_BS.002";"20261015T071500Z";"20261015T103000Z";"15.10.2026 09:15:00";"15.10.2026 12:30:00";"Merle Jothe/Andrin Egger";"H1,15";"mmp26c2"
"26c2 Audiovisuelles Erzählen I";"mod.mmp-AVE01.HS26_BS.002";"20261015T113000Z";"20261015T144500Z";"15.10.2026 13:30:00";"15.10.2026 16:45:00";"Merle Jothe/Andrin Egger";"H1,15";"mmp26c2"
"26c2 Audiovisuelles Erzählen I";"mod.mmp-AVE01.HS26_BS.002";"20261123T081500Z";"20261123T113000Z";"23.11.2026 09:15:00";"23.11.2026 12:30:00";"Merle Jothe/Andrin Egger";"online";"mmp26c2"
"26c2 Audiovisuelles Erzählen I";"mod.mmp-AVE01.HS26_BS.002";"20261123T123000Z";"20261123T154500Z";"23.11.2026 13:30:00";"23.11.2026 16:45:00";"Merle Jothe/Andrin Egger";"online";"mmp26c2"
"25c1 Schreiben und Sprechen III";"mod.mmp-SRSP03.HS26_BS.001";"20260930T071500Z";"20260930T103000Z";"30.09.2026 09:15:00";"30.09.2026 12:30:00";"Petra Hasler";"I 0.02/0.11";"mmp25c1"
"25c1 Schreiben und Sprechen III";"mod.mmp-SRSP03.HS26_BS.001";"20260930T113000Z";"20260930T144500Z";"30.09.2026 13:30:00";"30.09.2026 16:45:00";"Petra Hasler";"I 0.02/0.11";"mmp25c1"
"25c1 Schreiben und Sprechen III";"mod.mmp-SRSP03.HS26_BS.001";"20261006T113000Z";"20261006T144500Z";"06.10.2026 13:30:00";"06.10.2026 16:45:00";"Petra Hasler";"online";"mmp25c1"
"25c1 Schreiben und Sprechen III";"mod.mmp-SRSP03.HS26_BS.001";"20261026T081500Z";"20261026T113000Z";"26.10.2026 09:15:00";"26.10.2026 12:30:00";"Petra Hasler";"online";"mmp25c1"
"25c1 Schreiben und Sprechen III";"mod.mmp-SRSP03.HS26_BS.001";"20261026T123000Z";"20261026T154500Z";"26.10.2026 13:30:00";"26.10.2026 16:45:00";"Petra Hasler";"tba";"mmp25c1"
"25c1 Schreiben und Sprechen III";"mod.mmp-SRSP03.HS26_BS.001";"20261027T123000Z";"20261027T154500Z";"27.10.2026 13:30:00";"27.10.2026 16:45:00";"Petra Hasler";"I 0.30";"mmp25c1"
"25c1 Schreiben und Sprechen III";"mod.mmp-SRSP03.HS26_BS.001";"20261028T081500Z";"20261028T113000Z";"28.10.2026 09:15:00";"28.10.2026 12:30:00";"Petra Hasler";"I 0.31";"mmp25c1"
"25c1 Schreiben und Sprechen III";"mod.mmp-SRSP03.HS26_BS.001";"20261028T123000Z";"20261028T154500Z";"28.10.2026 13:30:00";"28.10.2026 16:45:00";"Petra Hasler";"I 0.31";"mmp25c1"
"25c1 Schreiben und Sprechen III";"mod.mmp-SRSP03.HS26_BS.001";"20261029T081500Z";"20261029T113000Z";"29.10.2026 09:15:00";"29.10.2026 12:30:00";"Petra Hasler";"I 0.04/05";"mmp25c1"
"25c1 Schreiben und Sprechen III";"mod.mmp-SRSP03.HS26_BS.001";"20261029T123000Z";"20261029T154500Z";"29.10.2026 13:30:00";"29.10.2026 16:45:00";"Petra Hasler";"I 0.04/05";"mmp25c1"
"25c1 Schreiben und Sprechen III";"mod.mmp-SRSP03.HS26_BS.001";"20261102T081500Z";"20261102T113000Z";"02.11.2026 09:15:00";"02.11.2026 12:30:00";"Petra Hasler";"I 0.31";"mmp25c1"
"25c1 Schreiben und Sprechen III";"mod.mmp-SRSP03.HS26_BS.001";"20261104T081500Z";"20261104T113000Z";"04.11.2026 09:15:00";"04.11.2026 12:30:00";"Petra Hasler";"I 0.31";"mmp25c1"
"25c1 Schreiben und Sprechen III";"mod.mmp-SRSP03.HS26_BS.001";"20261123T081500Z";"20261123T113000Z";"23.11.2026 09:15:00";"23.11.2026 12:30:00";"Petra Hasler";"I 0.30";"mmp25c1"
"25c1 Schreiben und Sprechen III";"mod.mmp-SRSP03.HS26_BS.001";"20261123T123000Z";"20261123T154500Z";"23.11.2026 13:30:00";"23.11.2026 16:45:00";"Petra Hasler";"I 0.30";"mmp25c1"
"25c1 Schreiben und Sprechen III";"mod.mmp-SRSP03.HS26_BS.001";"20261124T081500Z";"20261124T113000Z";"24.11.2026 09:15:00";"24.11.2026 12:30:00";"Petra Hasler";"I 0.11/Radiostudio";"mmp25c1"
"25c1 Schreiben und Sprechen III";"mod.mmp-SRSP03.HS26_BS.001";"20261124T123000Z";"20261124T154500Z";"24.11.2026 13:30:00";"24.11.2026 16:45:00";"Petra Hasler";"I 0.11/Radiostudio";"mmp25c1"
"26b Mediensystem Schweiz – Medien-BWL Grundlagen";"modk.mmp-MBWLG01.HS26_BS.003";"20261001T071500Z";"20261001T103000Z";"01.10.2026 09:15:00";"01.10.2026 12:30:00";"Marius Hagger ";"010";"mmp26b"
"26b Mediensystem Schweiz – Medien-BWL Grundlagen";"modk.mmp-MBWLG01.HS26_BS.003";"20261028T081500Z";"20261028T113000Z";"28.10.2026 09:15:00";"28.10.2026 12:30:00";"Marius Hagger ";"010";"mmp26b"
"26b Mediensystem Schweiz – Medien-BWL Grundlagen";"modk.mmp-MBWLG01.HS26_BS.003";"20261112T081500Z";"20261112T113000Z";"12.11.2026 09:15:00";"12.11.2026 12:30:00";"Marius Hagger ";"010";"mmp26b"
"26b Mediensystem Schweiz – Medien-BWL Grundlagen";"modk.mmp-MBWLG01.HS26_BS.003";"20261119T123000Z";"20261119T154500Z";"19.11.2026 13:30:00";"19.11.2026 16:45:00";"Marius Hagger ";"H058";"mmp26b"
"26b Mediensystem Schweiz – Medien-BWL Grundlagen";"modk.mmp-MBWLG01.HS26_BS.003";"20261126T123000Z";"20261126T154500Z";"26.11.2026 13:30:00";"26.11.2026 16:45:00";"Marius Hagger ";"140";"mmp26b"
"26b Mediensystem Schweiz – Medien-BWL Grundlagen";"modk.mmp-MBWLG01.HS26_BS.003";"20261202T123000Z";"20261202T154500Z";"02.12.2026 13:30:00";"02.12.2026 16:45:00";"Marius Hagger ";"H031";"mmp26b"
"26b Mediensystem Schweiz – Medien-BWL Grundlagen";"modk.mmp-MBWLG01.HS26_BS.003";"20261207T081500Z";"20261207T113000Z";"07.12.2026 09:15:00";"07.12.2026 12:30:00";"Marius Hagger ";"140";"mmp26b"
"25c2 Schreiben und Sprechen III";"mod.mmp-SRSP03.HS26_BS.002";"20261001T071500Z";"20261001T103000Z";"01.10.2026 09:15:00";"01.10.2026 12:30:00";"Petra Hasler";"I 0.30/i-o.11";"mmp25c2"
"25c2 Schreiben und Sprechen III";"mod.mmp-SRSP03.HS26_BS.002";"20261001T113000Z";"20261001T144500Z";"01.10.2026 13:30:00";"01.10.2026 16:45:00";"Petra Hasler";"I 0.30/i-o.11";"mmp25c2"
"25c2 Schreiben und Sprechen III";"mod.mmp-SRSP03.HS26_BS.002";"20261006T113000Z";"20261006T144500Z";"06.10.2026 13:30:00";"06.10.2026 16:45:00";"Petra Hasler";"online";"mmp25c2"
"25c2 Schreiben und Sprechen III";"mod.mmp-SRSP03.HS26_BS.002";"20261026T081500Z";"20261026T113000Z";"26.10.2026 09:15:00";"26.10.2026 12:30:00";"Petra Hasler";"online";"mmp25c2"
"25c2 Schreiben und Sprechen III";"mod.mmp-SRSP03.HS26_BS.002";"20261026T123000Z";"20261026T154500Z";"26.10.2026 13:30:00";"26.10.2026 16:45:00";"Petra Hasler";"tba";"mmp25c2"
"25c2 Schreiben und Sprechen III";"mod.mmp-SRSP03.HS26_BS.002";"20261027T081500Z";"20261027T113000Z";"27.10.2026 09:15:00";"27.10.2026 12:30:00";"Petra Hasler";"I 0.30";"mmp25c2"
"25c2 Schreiben und Sprechen III";"mod.mmp-SRSP03.HS26_BS.002";"20261028T081500Z";"20261028T113000Z";"28.10.2026 09:15:00";"28.10.2026 12:30:00";"Petra Hasler";"I 0.31";"mmp25c2"
"25c2 Schreiben und Sprechen III";"mod.mmp-SRSP03.HS26_BS.002";"20261028T123000Z";"20261028T154500Z";"28.10.2026 13:30:00";"28.10.2026 16:45:00";"Petra Hasler";"I 0.31";"mmp25c2"
"25c2 Schreiben und Sprechen III";"mod.mmp-SRSP03.HS26_BS.002";"20261029T081500Z";"20261029T113000Z";"29.10.2026 09:15:00";"29.10.2026 12:30:00";"Petra Hasler";"I 0.04/05";"mmp25c2"
"25c2 Schreiben und Sprechen III";"mod.mmp-SRSP03.HS26_BS.002";"20261029T123000Z";"20261029T154500Z";"29.10.2026 13:30:00";"29.10.2026 16:45:00";"Petra Hasler";"I 0.04/05";"mmp25c2"
"25c2 Schreiben und Sprechen III";"mod.mmp-SRSP03.HS26_BS.002";"20261102T123000Z";"20261102T154500Z";"02.11.2026 13:30:00";"02.11.2026 16:45:00";"Petra Hasler";"I 0.31";"mmp25c2"
"25c2 Schreiben und Sprechen III";"mod.mmp-SRSP03.HS26_BS.002";"20261104T123000Z";"20261104T154500Z";"04.11.2026 13:30:00";"04.11.2026 16:45:00";"Petra Hasler";"I 0.31";"mmp25c2"
"25c2 Schreiben und Sprechen III";"mod.mmp-SRSP03.HS26_BS.002";"20261105T081500Z";"20261105T113000Z";"05.11.2026 09:15:00";"05.11.2026 12:30:00";"Petra Hasler";"online";"mmp25c2"
"25c2 Schreiben und Sprechen III";"mod.mmp-SRSP03.HS26_BS.002";"20261105T123000Z";"20261105T154500Z";"05.11.2026 13:30:00";"05.11.2026 16:45:00";"Petra Hasler";"online";"mmp25c2"
"25c2 Schreiben und Sprechen III";"mod.mmp-SRSP03.HS26_BS.002";"20261123T081500Z";"20261123T113000Z";"23.11.2026 09:15:00";"23.11.2026 12:30:00";"Petra Hasler";"I 0.31";"mmp25c2"
"25c2 Schreiben und Sprechen III";"mod.mmp-SRSP03.HS26_BS.002";"20261123T123000Z";"20261123T154500Z";"23.11.2026 13:30:00";"23.11.2026 16:45:00";"Petra Hasler";"I 0.31";"mmp25c2"
"25c2 Schreiben und Sprechen III";"mod.mmp-SRSP03.HS26_BS.002";"20261125T081500Z";"20261125T113000Z";"25.11.2026 09:15:00";"25.11.2026 12:30:00";"Petra Hasler";"I 0.11/Radiostudio I.012";"mmp25c2"
"25c2 Schreiben und Sprechen III";"mod.mmp-SRSP03.HS26_BS.002";"20261125T123000Z";"20261125T154500Z";"25.11.2026 13:30:00";"25.11.2026 16:45:00";"Petra Hasler";"I 0.11/Radiostudio I.012";"mmp25c2"
"26cv Audiovisuelles Erzählen I";"mod.mmp-AVE01.HS26_BS.004";"20261005T071500Z";"20261005T103000Z";"05.10.2026 09:15:00";"05.10.2026 12:30:00";"Merle Jothe/Andrin Egger";"Z2.02";"mmp26cv"
"26cv Audiovisuelles Erzählen I";"mod.mmp-AVE01.HS26_BS.004";"20261005T113000Z";"20261005T144500Z";"05.10.2026 13:30:00";"05.10.2026 16:45:00";"Merle Jothe/Andrin Egger";"Z2.02";"mmp26cv"
"26cv Audiovisuelles Erzählen I";"mod.mmp-AVE01.HS26_BS.004";"20261006T071500Z";"20261006T103000Z";"06.10.2026 09:15:00";"06.10.2026 12:30:00";"Merle Jothe/Andrin Egger";"Z2.02, Z0,01, Z3,06";"mmp26cv"
"26cv Audiovisuelles Erzählen I";"mod.mmp-AVE01.HS26_BS.004";"20261006T113000Z";"20261006T144500Z";"06.10.2026 13:30:00";"06.10.2026 16:45:00";"Merle Jothe/Andrin Egger";"Z2.02, Z0,01, Z3,06";"mmp26cv"
"26cv Audiovisuelles Erzählen I";"mod.mmp-AVE01.HS26_BS.004";"20261013T071500Z";"20261013T103000Z";"13.10.2026 09:15:00";"13.10.2026 12:30:00";"Merle Jothe/Andrin Egger";"Z -1.15 & Z -1.16";"mmp26cv"
"26cv Audiovisuelles Erzählen I";"mod.mmp-AVE01.HS26_BS.004";"20261013T113000Z";"20261013T144500Z";"13.10.2026 13:30:00";"13.10.2026 16:45:00";"Merle Jothe/Andrin Egger";"Z -1.15 & Z -1.16";"mmp26cv"
"26cv Audiovisuelles Erzählen I";"mod.mmp-AVE01.HS26_BS.004";"20261019T113000Z";"20261019T144500Z";"19.10.2026 13:30:00";"19.10.2026 16:45:00";"Merle Jothe/Andrin Egger";"Z2.02";"mmp26cv"
"26cv Audiovisuelles Erzählen I";"mod.mmp-AVE01.HS26_BS.004";"20261110T081500Z";"20261110T113000Z";"10.11.2026 09:15:00";"10.11.2026 12:30:00";"Merle Jothe/Andrin Egger";"online";"mmp26cv"
"26cv Audiovisuelles Erzählen I";"mod.mmp-AVE01.HS26_BS.004";"20261110T123000Z";"20261110T154500Z";"10.11.2026 13:30:00";"10.11.2026 16:45:00";"Merle Jothe/Andrin Egger";"online";"mmp26cv"
"26cv Audiovisuelles Erzählen I";"mod.mmp-AVE01.HS26_BS.004";"20261123T081500Z";"20261123T113000Z";"23.11.2026 09:15:00";"23.11.2026 12:30:00";"Merle Jothe/Andrin Egger";"online";"mmp26cv"
"26cv Audiovisuelles Erzählen I";"mod.mmp-AVE01.HS26_BS.004";"20261123T123000Z";"20261123T154500Z";"23.11.2026 13:30:00";"23.11.2026 16:45:00";"Merle Jothe/Andrin Egger";"online";"mmp26cv"
"23cv Medienethik 2";"modk.mmp-MEDETH2.V03.HS26_BS.001";"20261005T071500Z";"20261005T103000Z";"05.10.2026 09:15:00";"05.10.2026 12:30:00";"";"Z2.03";"mmp23cv"
"23cv Medienethik 2";"modk.mmp-MEDETH2.V03.HS26_BS.001";"20261019T113000Z";"20261019T144500Z";"19.10.2026 13:30:00";"19.10.2026 16:45:00";"";"Z2.03";"mmp23cv"
"23cv Medienethik 2";"modk.mmp-MEDETH2.V03.HS26_BS.001";"20261020T113000Z";"20261020T144500Z";"20.10.2026 13:30:00";"20.10.2026 16:45:00";"";"Z2.03";"mmp23cv"
"23cv Medienethik 2";"modk.mmp-MEDETH2.V03.HS26_BS.001";"20261124T081500Z";"20261124T113000Z";"24.11.2026 09:15:00";"24.11.2026 12:30:00";"";"Z2.03";"mmp23cv"
"23cv Medienethik 2";"modk.mmp-MEDETH2.V03.HS26_BS.001";"20261208T081500Z";"20261208T113000Z";"08.12.2026 09:15:00";"08.12.2026 12:30:00";"";"Z2.03";"mmp23cv"
"23cv Medienethik 2";"modk.mmp-MEDETH2.V03.HS26_BS.001";"20261208T123000Z";"20261208T154500Z";"08.12.2026 13:30:00";"08.12.2026 16:45:00";"";"Z2.03";"mmp23cv"
"25cv Schreiben und Sprechen III";"mod.mmp-SRSP03.HS26_BS.004";"20261006T113000Z";"20261006T144500Z";"06.10.2026 13:30:00";"06.10.2026 16:45:00";"Petra Hasler";"online";"mmp25cv"
"25cv Schreiben und Sprechen III";"mod.mmp-SRSP03.HS26_BS.004";"20261026T081500Z";"20261026T113000Z";"26.10.2026 09:15:00";"26.10.2026 12:30:00";"Petra Hasler";"online";"mmp25cv"
"25cv Schreiben und Sprechen III";"mod.mmp-SRSP03.HS26_BS.004";"20261026T123000Z";"20261026T154500Z";"26.10.2026 13:30:00";"26.10.2026 16:45:00";"Petra Hasler";"online";"mmp25cv"
"25cv Schreiben und Sprechen III";"mod.mmp-SRSP03.HS26_BS.004";"20261027T081500Z";"20261027T113000Z";"27.10.2026 09:15:00";"27.10.2026 12:30:00";"Petra Hasler";"Z0.03";"mmp25cv"
"25cv Schreiben und Sprechen III";"mod.mmp-SRSP03.HS26_BS.004";"20261027T123000Z";"20261027T154500Z";"27.10.2026 13:30:00";"27.10.2026 16:45:00";"Petra Hasler";"Z0.03";"mmp25cv"
"25cv Schreiben und Sprechen III";"mod.mmp-SRSP03.HS26_BS.004";"20261103T081500Z";"20261103T113000Z";"03.11.2026 09:15:00";"03.11.2026 12:30:00";"Petra Hasler";"Z0.03";"mmp25cv"
"25cv Schreiben und Sprechen III";"mod.mmp-SRSP03.HS26_BS.004";"20261103T123000Z";"20261103T154500Z";"03.11.2026 13:30:00";"03.11.2026 16:45:00";"Petra Hasler";"Z0.03";"mmp25cv"
"25cv Schreiben und Sprechen III";"mod.mmp-SRSP03.HS26_BS.004";"20261124T081500Z";"20261124T113000Z";"24.11.2026 09:15:00";"24.11.2026 12:30:00";"Petra Hasler";"Z0.03";"mmp25cv"
"25cv Schreiben und Sprechen III";"mod.mmp-SRSP03.HS26_BS.004";"20261124T123000Z";"20261124T154500Z";"24.11.2026 13:30:00";"24.11.2026 16:45:00";"Petra Hasler";"Z0.03";"mmp25cv"
"25cv Schreiben und Sprechen III";"mod.mmp-SRSP03.HS26_BS.004";"20261215T123000Z";"20261215T154500Z";"15.12.2026 13:30:00";"15.12.2026 16:45:00";"Petra Hasler";"Z0.03";"mmp25cv"
"26c1 Visualisieren I – Mediengestaltung 1";"modk.mmp-MEDGE1.V02.HS26_BS.001";"20261012T071500Z";"20261012T103000Z";"12.10.2026 09:15:00";"12.10.2026 12:30:00";"Tanja Hess";"I 0.02/03";"mmp26c1"
"26c1 Visualisieren I – Mediengestaltung 1";"modk.mmp-MEDGE1.V02.HS26_BS.001";"20261012T113000Z";"20261012T144500Z";"12.10.2026 13:30:00";"12.10.2026 16:45:00";"Tanja Hess";"I 0.02/03";"mmp26c1"
"26c1 Visualisieren I – Mediengestaltung 1";"modk.mmp-MEDGE1.V02.HS26_BS.001";"20261013T071500Z";"20261013T103000Z";"13.10.2026 09:15:00";"13.10.2026 12:30:00";"Tanja Hess";"I 0.02/03";"mmp26c1"
"26c1 Visualisieren I – Mediengestaltung 1";"modk.mmp-MEDGE1.V02.HS26_BS.001";"20261013T113000Z";"20261013T144500Z";"13.10.2026 13:30:00";"13.10.2026 16:45:00";"Tanja Hess";"I 0.02/03";"mmp26c1"
"26c1 Visualisieren I – Mediengestaltung 1";"modk.mmp-MEDGE1.V02.HS26_BS.001";"20261014T071500Z";"20261014T103000Z";"14.10.2026 09:15:00";"14.10.2026 12:30:00";"Tanja Hess";"I 0.02/03";"mmp26c1"
"26c1 Visualisieren I – Mediengestaltung 1";"modk.mmp-MEDGE1.V02.HS26_BS.001";"20261014T113000Z";"20261014T144500Z";"14.10.2026 13:30:00";"14.10.2026 16:45:00";"Tanja Hess";"I 0.02/03";"mmp26c1"
"26c1 Visualisieren I – Sketch&Draw 1";"modk.mmp-SKEDRA1.V02.HS26_BS.001";"20261026T081500Z";"20261026T113000Z";"26.10.2026 09:15:00";"26.10.2026 12:30:00";"Tanja Hess";"I 0.02/03";"mmp26c1"
"26c1 Visualisieren I – Sketch&Draw 1";"modk.mmp-SKEDRA1.V02.HS26_BS.001";"20261026T123000Z";"20261026T154500Z";"26.10.2026 13:30:00";"26.10.2026 16:45:00";"Tanja Hess";"I 0.02/03";"mmp26c1"
"26c1 Visualisieren I – Sketch&Draw 1";"modk.mmp-SKEDRA1.V02.HS26_BS.001";"20261027T081500Z";"20261027T113000Z";"27.10.2026 09:15:00";"27.10.2026 12:30:00";"Tanja Hess";"I 0.02/03";"mmp26c1"
"26c1 Visualisieren I – Sketch&Draw 1";"modk.mmp-SKEDRA1.V02.HS26_BS.001";"20261027T123000Z";"20261027T154500Z";"27.10.2026 13:30:00";"27.10.2026 16:45:00";"Tanja Hess";"I 0.02/03";"mmp26c1"
"26c1 Visualisieren I – Sketch&Draw 1";"modk.mmp-SKEDRA1.V02.HS26_BS.001";"20261028T081500Z";"20261028T113000Z";"28.10.2026 09:15:00";"28.10.2026 12:30:00";"Tanja Hess";"I 0.02/03";"mmp26c1"
"26c1 Visualisieren I – Sketch&Draw 1";"modk.mmp-SKEDRA1.V02.HS26_BS.001";"20261028T123000Z";"20261028T154500Z";"28.10.2026 13:30:00";"28.10.2026 16:45:00";"Tanja Hess";"I 0.02/03";"mmp26c1"
"26c2 Visualisieren I – Mediengestaltung 1";"modk.mmp-MEDGE1.V02.HS26_BS.002";"20261012T071500Z";"20261012T103000Z";"12.10.2026 09:15:00";"12.10.2026 12:30:00";"Tanja Hess";"I 0.02/03";"mmp26c2"
"26c2 Visualisieren I – Mediengestaltung 1";"modk.mmp-MEDGE1.V02.HS26_BS.002";"20261012T113000Z";"20261012T144500Z";"12.10.2026 13:30:00";"12.10.2026 16:45:00";"Tanja Hess";"I 0.02/03";"mmp26c2"
"26c2 Visualisieren I – Mediengestaltung 1";"modk.mmp-MEDGE1.V02.HS26_BS.002";"20261013T071500Z";"20261013T103000Z";"13.10.2026 09:15:00";"13.10.2026 12:30:00";"Tanja Hess";"I 0.02/03";"mmp26c2"
"26c2 Visualisieren I – Mediengestaltung 1";"modk.mmp-MEDGE1.V02.HS26_BS.002";"20261013T113000Z";"20261013T144500Z";"13.10.2026 13:30:00";"13.10.2026 16:45:00";"Tanja Hess";"I 0.02/03";"mmp26c2"
"26c2 Visualisieren I – Mediengestaltung 1";"modk.mmp-MEDGE1.V02.HS26_BS.002";"20261014T071500Z";"20261014T103000Z";"14.10.2026 09:15:00";"14.10.2026 12:30:00";"Tanja Hess";"I 0.02/03";"mmp26c2"
"26c2 Visualisieren I – Mediengestaltung 1";"modk.mmp-MEDGE1.V02.HS26_BS.002";"20261014T113000Z";"20261014T144500Z";"14.10.2026 13:30:00";"14.10.2026 16:45:00";"Tanja Hess";"I 0.02/03";"mmp26c2"
"26c2 Visualisieren I – Sketch&Draw 1";"modk.mmp-SKEDRA1.V02.HS26_BS.002";"20261026T081500Z";"20261026T113000Z";"26.10.2026 09:15:00";"26.10.2026 12:30:00";"Tanja Hess";"I 0.02/03";"mmp26c2"
"26c2 Visualisieren I – Sketch&Draw 1";"modk.mmp-SKEDRA1.V02.HS26_BS.002";"20261026T123000Z";"20261026T154500Z";"26.10.2026 13:30:00";"26.10.2026 16:45:00";"Tanja Hess";"I 0.02/03";"mmp26c2"
"26c2 Visualisieren I – Sketch&Draw 1";"modk.mmp-SKEDRA1.V02.HS26_BS.002";"20261027T081500Z";"20261027T113000Z";"27.10.2026 09:15:00";"27.10.2026 12:30:00";"Tanja Hess";"I 0.02/03";"mmp26c2"
"26c2 Visualisieren I – Sketch&Draw 1";"modk.mmp-SKEDRA1.V02.HS26_BS.002";"20261027T123000Z";"20261027T154500Z";"27.10.2026 13:30:00";"27.10.2026 16:45:00";"Tanja Hess";"I 0.02/03";"mmp26c2"
"26c2 Visualisieren I – Sketch&Draw 1";"modk.mmp-SKEDRA1.V02.HS26_BS.002";"20261028T081500Z";"20261028T113000Z";"28.10.2026 09:15:00";"28.10.2026 12:30:00";"Tanja Hess";"I 0.02/03";"mmp26c2"
"26c2 Visualisieren I – Sketch&Draw 1";"modk.mmp-SKEDRA1.V02.HS26_BS.002";"20261028T123000Z";"20261028T154500Z";"28.10.2026 13:30:00";"28.10.2026 16:45:00";"Tanja Hess";"I 0.02/03";"mmp26c2"
"26b Visualisieren I – Sketch&Draw 1";"modk.mmp-SKEDRA1.V02.HS26_BS.003";"20261012T071500Z";"20261012T103000Z";"12.10.2026 09:15:00";"12.10.2026 12:30:00";"Tanja Hess";"010";"mmp26b"
"26b Visualisieren I – Sketch&Draw 1";"modk.mmp-SKEDRA1.V02.HS26_BS.003";"20261012T113000Z";"20261012T144500Z";"12.10.2026 13:30:00";"12.10.2026 16:45:00";"Tanja Hess";"010";"mmp26b"
"26b Visualisieren I – Sketch&Draw 1";"modk.mmp-SKEDRA1.V02.HS26_BS.003";"20261013T071500Z";"20261013T103000Z";"13.10.2026 09:15:00";"13.10.2026 12:30:00";"Tanja Hess";"010";"mmp26b"
"26b Visualisieren I – Sketch&Draw 1";"modk.mmp-SKEDRA1.V02.HS26_BS.003";"20261013T113000Z";"20261013T144500Z";"13.10.2026 13:30:00";"13.10.2026 16:45:00";"Tanja Hess";"010";"mmp26b"
"26b Visualisieren I – Sketch&Draw 1";"modk.mmp-SKEDRA1.V02.HS26_BS.003";"20261015T071500Z";"20261015T103000Z";"15.10.2026 09:15:00";"15.10.2026 12:30:00";"Tanja Hess";"010";"mmp26b"
"26b Visualisieren I – Sketch&Draw 1";"modk.mmp-SKEDRA1.V02.HS26_BS.003";"20261015T113000Z";"20261015T144500Z";"15.10.2026 13:30:00";"15.10.2026 16:45:00";"Tanja Hess";"010";"mmp26b"
"26b Visualisieren I – Mediengestaltung 1";"modk.mmp-MEDGE1.V02.HS26_BS.003";"20261026T081500Z";"20261026T113000Z";"26.10.2026 09:15:00";"26.10.2026 12:30:00";"Tanja Hess";"140";"mmp26b"
"26b Visualisieren I – Mediengestaltung 1";"modk.mmp-MEDGE1.V02.HS26_BS.003";"20261026T123000Z";"20261026T154500Z";"26.10.2026 13:30:00";"26.10.2026 16:45:00";"Tanja Hess";"140";"mmp26b"
"26b Visualisieren I – Mediengestaltung 1";"modk.mmp-MEDGE1.V02.HS26_BS.003";"20261027T081500Z";"20261027T113000Z";"27.10.2026 09:15:00";"27.10.2026 12:30:00";"Tanja Hess";"140";"mmp26b"
"26b Visualisieren I – Mediengestaltung 1";"modk.mmp-MEDGE1.V02.HS26_BS.003";"20261027T123000Z";"20261027T154500Z";"27.10.2026 13:30:00";"27.10.2026 16:45:00";"Tanja Hess";"140";"mmp26b"
"26b Visualisieren I – Mediengestaltung 1";"modk.mmp-MEDGE1.V02.HS26_BS.003";"20261029T081500Z";"20261029T113000Z";"29.10.2026 09:15:00";"29.10.2026 12:30:00";"Tanja Hess";"140";"mmp26b"
"26b Visualisieren I – Mediengestaltung 1";"modk.mmp-MEDGE1.V02.HS26_BS.003";"20261029T123000Z";"20261029T154500Z";"29.10.2026 13:30:00";"29.10.2026 16:45:00";"Tanja Hess";"140";"mmp26b"
"24c1 Interaktive Medien V";"mod.mmp-IMV.HS26_BS.001";"20261019T071500Z";"20261019T103000Z";"19.10.2026 09:15:00";"19.10.2026 12:30:00";"Wolfgang Bock";"I 0.04/05";"mmp24c1"
"24c1 Interaktive Medien V";"mod.mmp-IMV.HS26_BS.001";"20261019T113000Z";"20261019T144500Z";"19.10.2026 13:30:00";"19.10.2026 16:45:00";"Wolfgang Bock";"I 0.04/05";"mmp24c1"
"24c1 Interaktive Medien V";"mod.mmp-IMV.HS26_BS.001";"20261020T071500Z";"20261020T103000Z";"20.10.2026 09:15:00";"20.10.2026 12:30:00";"Wolfgang Bock";"I 0.04/05";"mmp24c1"
"24c1 Interaktive Medien V";"mod.mmp-IMV.HS26_BS.001";"20261020T113000Z";"20261020T144500Z";"20.10.2026 13:30:00";"20.10.2026 16:45:00";"Wolfgang Bock";"I 0.04/05";"mmp24c1"
"24c1 Interaktive Medien V";"mod.mmp-IMV.HS26_BS.001";"20261021T071500Z";"20261021T103000Z";"21.10.2026 09:15:00";"21.10.2026 12:30:00";"Wolfgang Bock";"I 0.04/05";"mmp24c1"
"24c1 Interaktive Medien V";"mod.mmp-IMV.HS26_BS.001";"20261021T113000Z";"20261021T144500Z";"21.10.2026 13:30:00";"21.10.2026 16:45:00";"Wolfgang Bock";"I 0.04/05";"mmp24c1"
"24c1 Interaktive Medien V";"mod.mmp-IMV.HS26_BS.001";"20261022T071500Z";"20261022T103000Z";"22.10.2026 09:15:00";"22.10.2026 12:30:00";"Wolfgang Bock";"I 0.04/05";"mmp24c1"
"24c1 Interaktive Medien V";"mod.mmp-IMV.HS26_BS.001";"20261022T113000Z";"20261022T144500Z";"22.10.2026 13:30:00";"22.10.2026 16:45:00";"Wolfgang Bock";"I 0.04/05";"mmp24c1"
"24c1 Interaktive Medien V";"mod.mmp-IMV.HS26_BS.001";"20261109T081500Z";"20261109T113000Z";"09.11.2026 09:15:00";"09.11.2026 12:30:00";"Wolfgang Bock";"I 0.04/05";"mmp24c1"
"24c1 Interaktive Medien V";"mod.mmp-IMV.HS26_BS.001";"20261109T123000Z";"20261109T154500Z";"09.11.2026 13:30:00";"09.11.2026 16:45:00";"Wolfgang Bock";"I 0.04/05";"mmp24c1"
"24c1 Interaktive Medien V";"mod.mmp-IMV.HS26_BS.001";"20261110T081500Z";"20261110T113000Z";"10.11.2026 09:15:00";"10.11.2026 12:30:00";"Wolfgang Bock";"I 0.04/05";"mmp24c1"
"24c1 Interaktive Medien V";"mod.mmp-IMV.HS26_BS.001";"20261110T123000Z";"20261110T154500Z";"10.11.2026 13:30:00";"10.11.2026 16:45:00";"Wolfgang Bock";"I 0.04/05";"mmp24c1"
"24c1 Interaktive Medien V";"mod.mmp-IMV.HS26_BS.001";"20261111T081500Z";"20261111T113000Z";"11.11.2026 09:15:00";"11.11.2026 12:30:00";"Wolfgang Bock";"I 0.04/05";"mmp24c1"
"24c1 Interaktive Medien V";"mod.mmp-IMV.HS26_BS.001";"20261111T123000Z";"20261111T154500Z";"11.11.2026 13:30:00";"11.11.2026 16:45:00";"Wolfgang Bock";"I 0.04/05";"mmp24c1"
"24c1 Interaktive Medien V";"mod.mmp-IMV.HS26_BS.001";"20261126T081500Z";"20261126T113000Z";"26.11.2026 09:15:00";"26.11.2026 12:30:00";"Wolfgang Bock";"I 0.04/05";"mmp24c1"
"24c1 Interaktive Medien V";"mod.mmp-IMV.HS26_BS.001";"20261126T123000Z";"20261126T154500Z";"26.11.2026 13:30:00";"26.11.2026 16:45:00";"Wolfgang Bock";"I 0.04/05";"mmp24c1"
"24c2 Interaktive Medien V";"mod.mmp-IMV.HS26_BS.002";"20261019T071500Z";"20261019T103000Z";"19.10.2026 09:15:00";"19.10.2026 12:30:00";"Wolfgang Bock";"I 0.04/05";"mmp24c2"
"24c2 Interaktive Medien V";"mod.mmp-IMV.HS26_BS.002";"20261019T113000Z";"20261019T144500Z";"19.10.2026 13:30:00";"19.10.2026 16:45:00";"Wolfgang Bock";"I 0.04/05";"mmp24c2"
"24c2 Interaktive Medien V";"mod.mmp-IMV.HS26_BS.002";"20261020T071500Z";"20261020T103000Z";"20.10.2026 09:15:00";"20.10.2026 12:30:00";"Wolfgang Bock";"I 0.04/05";"mmp24c2"
"24c2 Interaktive Medien V";"mod.mmp-IMV.HS26_BS.002";"20261020T113000Z";"20261020T144500Z";"20.10.2026 13:30:00";"20.10.2026 16:45:00";"Wolfgang Bock";"I 0.04/05";"mmp24c2"
"24c2 Interaktive Medien V";"mod.mmp-IMV.HS26_BS.002";"20261021T071500Z";"20261021T103000Z";"21.10.2026 09:15:00";"21.10.2026 12:30:00";"Wolfgang Bock";"I 0.04/05";"mmp24c2"
"24c2 Interaktive Medien V";"mod.mmp-IMV.HS26_BS.002";"20261021T113000Z";"20261021T144500Z";"21.10.2026 13:30:00";"21.10.2026 16:45:00";"Wolfgang Bock";"I 0.04/05";"mmp24c2"
"24c2 Interaktive Medien V";"mod.mmp-IMV.HS26_BS.002";"20261022T071500Z";"20261022T103000Z";"22.10.2026 09:15:00";"22.10.2026 12:30:00";"Wolfgang Bock";"I 0.04/05";"mmp24c2"
"24c2 Interaktive Medien V";"mod.mmp-IMV.HS26_BS.002";"20261022T113000Z";"20261022T144500Z";"22.10.2026 13:30:00";"22.10.2026 16:45:00";"Wolfgang Bock";"I 0.04/05";"mmp24c2"
"24c2 Interaktive Medien V";"mod.mmp-IMV.HS26_BS.002";"20261109T081500Z";"20261109T113000Z";"09.11.2026 09:15:00";"09.11.2026 12:30:00";"Wolfgang Bock";"I 0.04/05";"mmp24c2"
"24c2 Interaktive Medien V";"mod.mmp-IMV.HS26_BS.002";"20261109T123000Z";"20261109T154500Z";"09.11.2026 13:30:00";"09.11.2026 16:45:00";"Wolfgang Bock";"I 0.04/05";"mmp24c2"
"24c2 Interaktive Medien V";"mod.mmp-IMV.HS26_BS.002";"20261110T081500Z";"20261110T113000Z";"10.11.2026 09:15:00";"10.11.2026 12:30:00";"Wolfgang Bock";"I 0.04/05";"mmp24c2"
"24c2 Interaktive Medien V";"mod.mmp-IMV.HS26_BS.002";"20261110T123000Z";"20261110T154500Z";"10.11.2026 13:30:00";"10.11.2026 16:45:00";"Wolfgang Bock";"I 0.04/05";"mmp24c2"
"24c2 Interaktive Medien V";"mod.mmp-IMV.HS26_BS.002";"20261111T081500Z";"20261111T113000Z";"11.11.2026 09:15:00";"11.11.2026 12:30:00";"Wolfgang Bock";"I 0.04/05";"mmp24c2"
"24c2 Interaktive Medien V";"mod.mmp-IMV.HS26_BS.002";"20261111T123000Z";"20261111T154500Z";"11.11.2026 13:30:00";"11.11.2026 16:45:00";"Wolfgang Bock";"I 0.04/05";"mmp24c2"
"24c2 Interaktive Medien V";"mod.mmp-IMV.HS26_BS.002";"20261126T081500Z";"20261126T113000Z";"26.11.2026 09:15:00";"26.11.2026 12:30:00";"Wolfgang Bock";"I 0.04/05";"mmp24c2"
"24c2 Interaktive Medien V";"mod.mmp-IMV.HS26_BS.002";"20261126T123000Z";"20261126T154500Z";"26.11.2026 13:30:00";"26.11.2026 16:45:00";"Wolfgang Bock";"I 0.04/05";"mmp24c2"
"24b Interaktive Medien V";"mod.mmp-IMV.HS26_BS.003";"20261019T071500Z";"20261019T103000Z";"19.10.2026 09:15:00";"19.10.2026 12:30:00";"Wolfgang Bock";"211";"mmp24b"
"24b Interaktive Medien V";"mod.mmp-IMV.HS26_BS.003";"20261019T113000Z";"20261019T144500Z";"19.10.2026 13:30:00";"19.10.2026 16:45:00";"Wolfgang Bock";"211";"mmp24b"
"24b Interaktive Medien V";"mod.mmp-IMV.HS26_BS.003";"20261020T071500Z";"20261020T103000Z";"20.10.2026 09:15:00";"20.10.2026 12:30:00";"Wolfgang Bock";"211";"mmp24b"
"24b Interaktive Medien V";"mod.mmp-IMV.HS26_BS.003";"20261020T113000Z";"20261020T144500Z";"20.10.2026 13:30:00";"20.10.2026 16:45:00";"Wolfgang Bock";"211";"mmp24b"
"24b Interaktive Medien V";"mod.mmp-IMV.HS26_BS.003";"20261021T071500Z";"20261021T103000Z";"21.10.2026 09:15:00";"21.10.2026 12:30:00";"Wolfgang Bock";"211";"mmp24b"
"24b Interaktive Medien V";"mod.mmp-IMV.HS26_BS.003";"20261021T113000Z";"20261021T144500Z";"21.10.2026 13:30:00";"21.10.2026 16:45:00";"Wolfgang Bock";"211";"mmp24b"
"24b Interaktive Medien V";"mod.mmp-IMV.HS26_BS.003";"20261022T071500Z";"20261022T103000Z";"22.10.2026 09:15:00";"22.10.2026 12:30:00";"Wolfgang Bock";"211";"mmp24b"
"24b Interaktive Medien V";"mod.mmp-IMV.HS26_BS.003";"20261022T113000Z";"20261022T144500Z";"22.10.2026 13:30:00";"22.10.2026 16:45:00";"Wolfgang Bock";"211";"mmp24b"
"24b Interaktive Medien V";"mod.mmp-IMV.HS26_BS.003";"20261109T081500Z";"20261109T113000Z";"09.11.2026 09:15:00";"09.11.2026 12:30:00";"Wolfgang Bock";"211";"mmp24b"
"24b Interaktive Medien V";"mod.mmp-IMV.HS26_BS.003";"20261109T123000Z";"20261109T154500Z";"09.11.2026 13:30:00";"09.11.2026 16:45:00";"Wolfgang Bock";"211";"mmp24b"
"24b Interaktive Medien V";"mod.mmp-IMV.HS26_BS.003";"20261110T081500Z";"20261110T113000Z";"10.11.2026 09:15:00";"10.11.2026 12:30:00";"Wolfgang Bock";"211";"mmp24b"
"24b Interaktive Medien V";"mod.mmp-IMV.HS26_BS.003";"20261110T123000Z";"20261110T154500Z";"10.11.2026 13:30:00";"10.11.2026 16:45:00";"Wolfgang Bock";"211";"mmp24b"
"24b Interaktive Medien V";"mod.mmp-IMV.HS26_BS.003";"20261112T081500Z";"20261112T113000Z";"12.11.2026 09:15:00";"12.11.2026 12:30:00";"Wolfgang Bock";"211";"mmp24b"
"24b Interaktive Medien V";"mod.mmp-IMV.HS26_BS.003";"20261112T123000Z";"20261112T154500Z";"12.11.2026 13:30:00";"12.11.2026 16:45:00";"Wolfgang Bock";"211";"mmp24b"
"24b Interaktive Medien V";"mod.mmp-IMV.HS26_BS.003";"20261126T081500Z";"20261126T113000Z";"26.11.2026 09:15:00";"26.11.2026 12:30:00";"Wolfgang Bock";"211";"mmp24b"
"24b Interaktive Medien V";"mod.mmp-IMV.HS26_BS.003";"20261126T123000Z";"20261126T154500Z";"26.11.2026 13:30:00";"26.11.2026 16:45:00";"Wolfgang Bock";"211";"mmp24b"
"26b Grundlagen der Forschung – Kommunikationswissenschaftliche Forschung und Methoden";"modk.mmp-KOMWIF01.02.HS26_BS.003";"20261021T071500Z";"20261021T103000Z";"21.10.2026 09:15:00";"21.10.2026 12:30:00";"Franziska Oehmer-Pedrazzi/Amina Ovcina Cajacob";"140";"mmp26b"
"26b Grundlagen der Forschung – Kommunikationswissenschaftliche Forschung und Methoden";"modk.mmp-KOMWIF01.02.HS26_BS.003";"20261112T123000Z";"20261112T154500Z";"12.11.2026 13:30:00";"12.11.2026 16:45:00";"Franziska Oehmer-Pedrazzi/Amina Ovcina Cajacob";"010";"mmp26b"
"26b Grundlagen der Forschung – Kommunikationswissenschaftliche Forschung und Methoden";"modk.mmp-KOMWIF01.02.HS26_BS.003";"20261126T081500Z";"20261126T113000Z";"26.11.2026 09:15:00";"26.11.2026 12:30:00";"Franziska Oehmer-Pedrazzi/Amina Ovcina Cajacob";"140";"mmp26b"
"26b Grundlagen der Forschung – Kommunikationswissenschaftliche Forschung und Methoden";"modk.mmp-KOMWIF01.02.HS26_BS.003";"20261201T081500Z";"20261201T113000Z";"01.12.2026 09:15:00";"01.12.2026 12:30:00";"Franziska Oehmer-Pedrazzi/Amina Ovcina Cajacob";"140";"mmp26b"
"26b Grundlagen der Forschung – Kommunikationswissenschaftliche Forschung und Methoden";"modk.mmp-KOMWIF01.02.HS26_BS.003";"20261202T081500Z";"20261202T113000Z";"02.12.2026 09:15:00";"02.12.2026 12:30:00";"Franziska Oehmer-Pedrazzi/Amina Ovcina Cajacob";"010";"mmp26b"
"26b Grundlagen der Forschung – Kommunikationswissenschaftliche Forschung und Methoden";"modk.mmp-KOMWIF01.02.HS26_BS.003";"20261207T123000Z";"20261207T154500Z";"07.12.2026 13:30:00";"07.12.2026 16:45:00";"Franziska Oehmer-Pedrazzi/Amina Ovcina Cajacob";"140";"mmp26b"
"26cv Visualisieren I – Mediengestaltung 1";"modk.mmp-MEDGE1.V02.HS26_BS.004";"20261026T081500Z";"20261026T113000Z";"26.10.2026 09:15:00";"26.10.2026 12:30:00";"Tanja Hess";"Z2.02";"mmp26cv"
"26cv Visualisieren I – Mediengestaltung 1";"modk.mmp-MEDGE1.V02.HS26_BS.004";"20261026T123000Z";"20261026T154500Z";"26.10.2026 13:30:00";"26.10.2026 16:45:00";"Tanja Hess";"Z2.02";"mmp26cv"
"26cv Visualisieren I – Mediengestaltung 1";"modk.mmp-MEDGE1.V02.HS26_BS.004";"20261027T081500Z";"20261027T113000Z";"27.10.2026 09:15:00";"27.10.2026 12:30:00";"Tanja Hess";"Z2.02";"mmp26cv"
"26cv Visualisieren I – Mediengestaltung 1";"modk.mmp-MEDGE1.V02.HS26_BS.004";"20261027T123000Z";"20261027T154500Z";"27.10.2026 13:30:00";"27.10.2026 16:45:00";"Tanja Hess";"Z2.02";"mmp26cv"
"26cv Visualisieren I – Sketch&Draw 1";"modk.mmp-SKEDRA1.V02.HS26_BS.004";"20261109T081500Z";"20261109T113000Z";"09.11.2026 09:15:00";"09.11.2026 12:30:00";"Tanja Hess";"Z2.02";"mmp26cv"
"26cv Visualisieren I – Sketch&Draw 1";"modk.mmp-SKEDRA1.V02.HS26_BS.004";"20261109T123000Z";"20261109T154500Z";"09.11.2026 13:30:00";"09.11.2026 16:45:00";"Tanja Hess";"Z2.02";"mmp26cv"
"26cv Visualisieren I – Mediengestaltung 1";"modk.mmp-MEDGE1.V02.HS26_BS.004";"20261130T081500Z";"20261130T113000Z";"30.11.2026 09:15:00";"30.11.2026 12:30:00";"Tanja Hess";"Z2.02";"mmp26cv"
"26cv Visualisieren I – Mediengestaltung 1";"modk.mmp-MEDGE1.V02.HS26_BS.004";"20261130T123000Z";"20261130T154500Z";"30.11.2026 13:30:00";"30.11.2026 16:45:00";"Tanja Hess";"Z2.02";"mmp26cv"
"26cv Visualisieren I – Sketch&Draw 1";"modk.mmp-SKEDRA1.V02.HS26_BS.004";"20261201T081500Z";"20261201T113000Z";"01.12.2026 09:15:00";"01.12.2026 12:30:00";"Tanja Hess";"Z2.02";"mmp26cv"
"26cv Visualisieren I – Sketch&Draw 1";"modk.mmp-SKEDRA1.V02.HS26_BS.004";"20261201T123000Z";"20261201T154500Z";"01.12.2026 13:30:00";"01.12.2026 16:45:00";"Tanja Hess";"Z2.02";"mmp26cv"
"26cv Visualisieren I – Sketch&Draw 1";"modk.mmp-SKEDRA1.V02.HS26_BS.004";"20261215T081500Z";"20261215T113000Z";"15.12.2026 09:15:00";"15.12.2026 12:30:00";"Tanja Hess";"Z2.02";"mmp26cv"
"26cv Visualisieren I – Sketch&Draw 1";"modk.mmp-SKEDRA1.V02.HS26_BS.004";"20261215T123000Z";"20261215T154500Z";"15.12.2026 13:30:00";"15.12.2026 16:45:00";"Tanja Hess";"Z2.02";"mmp26cv"
"26b Grundlagen der Forschung – Wissenschaftliches Arbeiten ";"modk.mmp-WISARB01.V01.HS26_BS.003";"20261028T123000Z";"20261028T154500Z";"28.10.2026 13:30:00";"28.10.2026 16:45:00";"Franziska Oehmer-Pedrazzi/Amina Ovcina Cajacob";"010";"mmp26b"
"26b Grundlagen der Forschung – Wissenschaftliches Arbeiten ";"modk.mmp-WISARB01.V01.HS26_BS.003";"20261104T081500Z";"20261104T113000Z";"04.11.2026 09:15:00";"04.11.2026 12:30:00";"Franziska Oehmer-Pedrazzi/Amina Ovcina Cajacob";"010";"mmp26b"
"26b Grundlagen der Forschung – Wissenschaftliches Arbeiten ";"modk.mmp-WISARB01.V01.HS26_BS.003";"20261110T123000Z";"20261110T154500Z";"10.11.2026 13:30:00";"10.11.2026 16:45:00";"Franziska Oehmer-Pedrazzi/Amina Ovcina Cajacob";"010";"mmp26b"
"26b Grundlagen der Forschung – Wissenschaftliches Arbeiten ";"modk.mmp-WISARB01.V01.HS26_BS.003";"20261111T081500Z";"20261111T113000Z";"11.11.2026 09:15:00";"11.11.2026 12:30:00";"Franziska Oehmer-Pedrazzi/Amina Ovcina Cajacob";"010";"mmp26b"
"26b Grundlagen der Forschung – Wissenschaftliches Arbeiten ";"modk.mmp-WISARB01.V01.HS26_BS.003";"20261119T081500Z";"20261119T113000Z";"19.11.2026 09:15:00";"19.11.2026 12:30:00";"Franziska Oehmer-Pedrazzi/Amina Ovcina Cajacob";"H225";"mmp26b"
"26b Grundlagen der Forschung – Wissenschaftliches Arbeiten ";"modk.mmp-WISARB01.V01.HS26_BS.003";"20261201T123000Z";"20261201T154500Z";"01.12.2026 13:30:00";"01.12.2026 16:45:00";"Franziska Oehmer-Pedrazzi/Amina Ovcina Cajacob";"140";"mmp26b"
"26c1 Grundlagen der Forschung – Kommunikationswissenschaftliche Forschung und Methoden";"modk.mmp-KOMWIF01.02.HS26_BS.001";"20261029T081500Z";"20261029T113000Z";"29.10.2026 09:15:00";"29.10.2026 12:30:00";"Franziska Oehmer-Pedrazzi/Amina Ovcina Cajacob";"I 0.30";"mmp26c1"
"26c1 Grundlagen der Forschung – Kommunikationswissenschaftliche Forschung und Methoden";"modk.mmp-KOMWIF01.02.HS26_BS.001";"20261111T123000Z";"20261111T154500Z";"11.11.2026 13:30:00";"11.11.2026 16:45:00";"Franziska Oehmer-Pedrazzi/Amina Ovcina Cajacob";"I 0.30";"mmp26c1"
"26c1 Grundlagen der Forschung – Kommunikationswissenschaftliche Forschung und Methoden";"modk.mmp-KOMWIF01.02.HS26_BS.001";"20261112T081500Z";"20261112T113000Z";"12.11.2026 09:15:00";"12.11.2026 12:30:00";"Franziska Oehmer-Pedrazzi/Amina Ovcina Cajacob";"I 0.31";"mmp26c1"
"26c1 Grundlagen der Forschung – Kommunikationswissenschaftliche Forschung und Methoden";"modk.mmp-KOMWIF01.02.HS26_BS.001";"20261119T123000Z";"20261119T154500Z";"19.11.2026 13:30:00";"19.11.2026 16:45:00";"Franziska Oehmer-Pedrazzi/Amina Ovcina Cajacob";"I 0.31";"mmp26c1"
"26c1 Grundlagen der Forschung – Kommunikationswissenschaftliche Forschung und Methoden";"modk.mmp-KOMWIF01.02.HS26_BS.001";"20261202T081500Z";"20261202T113000Z";"02.12.2026 09:15:00";"02.12.2026 12:30:00";"Franziska Oehmer-Pedrazzi/Amina Ovcina Cajacob";"I 0.31";"mmp26c1"
"26c1 Grundlagen der Forschung – Kommunikationswissenschaftliche Forschung und Methoden";"modk.mmp-KOMWIF01.02.HS26_BS.001";"20261208T123000Z";"20261208T154500Z";"08.12.2026 13:30:00";"08.12.2026 16:45:00";"Franziska Oehmer-Pedrazzi/Amina Ovcina Cajacob";"I 0.31";"mmp26c1"
"26c1 Grundlagen der Forschung – Kommunikationswissenschaftliche Forschung und Methoden";"modk.mmp-KOMWIF01.02.HS26_BS.001";"20261215T081500Z";"20261215T113000Z";"15.12.2026 09:15:00";"15.12.2026 12:30:00";"Franziska Oehmer-Pedrazzi/Amina Ovcina Cajacob";"I 0.30";"mmp26c1"
"26c2 Grundlagen der Forschung – Kommunikationswissenschaftliche Forschung und Methoden";"modk.mmp-KOMWIF01.02.HS26_BS.002";"20261029T123000Z";"20261029T154500Z";"29.10.2026 13:30:00";"29.10.2026 16:45:00";"Franziska Oehmer-Pedrazzi/Amina Ovcina Cajacob";"I 0.30";"mmp26c2"
"26c2 Grundlagen der Forschung – Kommunikationswissenschaftliche Forschung und Methoden";"modk.mmp-KOMWIF01.02.HS26_BS.002";"20261111T081500Z";"20261111T113000Z";"11.11.2026 09:15:00";"11.11.2026 12:30:00";"Franziska Oehmer-Pedrazzi/Amina Ovcina Cajacob";"I 0.30";"mmp26c2"
"26c2 Grundlagen der Forschung – Kommunikationswissenschaftliche Forschung und Methoden";"modk.mmp-KOMWIF01.02.HS26_BS.002";"20261112T123000Z";"20261112T154500Z";"12.11.2026 13:30:00";"12.11.2026 16:45:00";"Franziska Oehmer-Pedrazzi/Amina Ovcina Cajacob";"I 0.31";"mmp26c2"
"26c2 Grundlagen der Forschung – Kommunikationswissenschaftliche Forschung und Methoden";"modk.mmp-KOMWIF01.02.HS26_BS.002";"20261119T081500Z";"20261119T113000Z";"19.11.2026 09:15:00";"19.11.2026 12:30:00";"Franziska Oehmer-Pedrazzi/Amina Ovcina Cajacob";"I 0.31";"mmp26c2"
"26c2 Grundlagen der Forschung – Kommunikationswissenschaftliche Forschung und Methoden";"modk.mmp-KOMWIF01.02.HS26_BS.002";"20261202T123000Z";"20261202T154500Z";"02.12.2026 13:30:00";"02.12.2026 16:45:00";"Franziska Oehmer-Pedrazzi/Amina Ovcina Cajacob";"I 0.31";"mmp26c2"
"26c2 Grundlagen der Forschung – Kommunikationswissenschaftliche Forschung und Methoden";"modk.mmp-KOMWIF01.02.HS26_BS.002";"20261208T081500Z";"20261208T113000Z";"08.12.2026 09:15:00";"08.12.2026 12:30:00";"Franziska Oehmer-Pedrazzi/Amina Ovcina Cajacob";"I 0.31";"mmp26c2"
"26c2 Grundlagen der Forschung – Kommunikationswissenschaftliche Forschung und Methoden";"modk.mmp-KOMWIF01.02.HS26_BS.002";"20261215T123000Z";"20261215T154500Z";"15.12.2026 13:30:00";"15.12.2026 16:45:00";"Franziska Oehmer-Pedrazzi/Amina Ovcina Cajacob";"I 0.30";"mmp26c2"
"26c1 Interaktive Medien I";"mod.mmp-IM1.HS26_BS.001";"20261102T081500Z";"20261102T113000Z";"02.11.2026 09:15:00";"02.11.2026 12:30:00";"Wolfgang Bock";"I 0.04/05";"mmp26c1"
"26c1 Interaktive Medien I";"mod.mmp-IM1.HS26_BS.001";"20261102T123000Z";"20261102T154500Z";"02.11.2026 13:30:00";"02.11.2026 16:45:00";"Wolfgang Bock";"I 0.04/05";"mmp26c1"
"26c1 Interaktive Medien I";"mod.mmp-IM1.HS26_BS.001";"20261103T081500Z";"20261103T113000Z";"03.11.2026 09:15:00";"03.11.2026 12:30:00";"Wolfgang Bock";"I 0.04/05";"mmp26c1"
"26c1 Interaktive Medien I";"mod.mmp-IM1.HS26_BS.001";"20261103T123000Z";"20261103T154500Z";"03.11.2026 13:30:00";"03.11.2026 16:45:00";"Wolfgang Bock";"I 0.04/05";"mmp26c1"
"26c1 Interaktive Medien I";"mod.mmp-IM1.HS26_BS.001";"20261104T081500Z";"20261104T113000Z";"04.11.2026 09:15:00";"04.11.2026 12:30:00";"Wolfgang Bock";"I 0.04/05";"mmp26c1"
"26c1 Interaktive Medien I";"mod.mmp-IM1.HS26_BS.001";"20261104T123000Z";"20261104T154500Z";"04.11.2026 13:30:00";"04.11.2026 16:45:00";"Wolfgang Bock";"I 0.04/05";"mmp26c1"
"26c1 Interaktive Medien I";"mod.mmp-IM1.HS26_BS.001";"20261116T081500Z";"20261116T113000Z";"16.11.2026 09:15:00";"16.11.2026 12:30:00";"Wolfgang Bock";"I 0.04/05";"mmp26c1"
"26c1 Interaktive Medien I";"mod.mmp-IM1.HS26_BS.001";"20261116T123000Z";"20261116T154500Z";"16.11.2026 13:30:00";"16.11.2026 16:45:00";"Wolfgang Bock";"I 0.04/05";"mmp26c1"
"26c1 Interaktive Medien I";"mod.mmp-IM1.HS26_BS.001";"20261117T081500Z";"20261117T113000Z";"17.11.2026 09:15:00";"17.11.2026 12:30:00";"Wolfgang Bock";"I 0.04/05";"mmp26c1"
"26c1 Interaktive Medien I";"mod.mmp-IM1.HS26_BS.001";"20261117T123000Z";"20261117T154500Z";"17.11.2026 13:30:00";"17.11.2026 16:45:00";"Wolfgang Bock";"I 0.04/05";"mmp26c1"
"26c1 Interaktive Medien I";"mod.mmp-IM1.HS26_BS.001";"20261118T081500Z";"20261118T113000Z";"18.11.2026 09:15:00";"18.11.2026 12:30:00";"Wolfgang Bock";"I 0.04/05";"mmp26c1"
"26c1 Interaktive Medien I";"mod.mmp-IM1.HS26_BS.001";"20261118T123000Z";"20261118T154500Z";"18.11.2026 13:30:00";"18.11.2026 16:45:00";"Wolfgang Bock";"I 0.04/05";"mmp26c1"
"26c1 Interaktive Medien I";"mod.mmp-IM1.HS26_BS.001";"20261130T081500Z";"20261130T113000Z";"30.11.2026 09:15:00";"30.11.2026 12:30:00";"Wolfgang Bock";"I 0.04/05";"mmp26c1"
"26c1 Interaktive Medien I";"mod.mmp-IM1.HS26_BS.001";"20261130T123000Z";"20261130T154500Z";"30.11.2026 13:30:00";"30.11.2026 16:45:00";"Wolfgang Bock";"I 0.04/05";"mmp26c1"
"26c1 Interaktive Medien I";"mod.mmp-IM1.HS26_BS.001";"20261201T081500Z";"20261201T113000Z";"01.12.2026 09:15:00";"01.12.2026 12:30:00";"Wolfgang Bock";"I 0.04/05";"mmp26c1"
"26c1 Interaktive Medien I";"mod.mmp-IM1.HS26_BS.001";"20261201T123000Z";"20261201T154500Z";"01.12.2026 13:30:00";"01.12.2026 16:45:00";"Wolfgang Bock";"I 0.04/05";"mmp26c1"
"26c1 Interaktive Medien I";"mod.mmp-IM1.HS26_BS.001";"20261209T081500Z";"20261209T113000Z";"09.12.2026 09:15:00";"09.12.2026 12:30:00";"Wolfgang Bock";"I 0.08";"mmp26c1"
"26c1 Interaktive Medien I";"mod.mmp-IM1.HS26_BS.001";"20261210T081500Z";"20261210T113000Z";"10.12.2026 09:15:00";"10.12.2026 12:30:00";"Wolfgang Bock";"I 0.08";"mmp26c1"
"26c1 Interaktive Medien I";"mod.mmp-IM1.HS26_BS.001";"20261210T123000Z";"20261210T154500Z";"10.12.2026 13:30:00";"10.12.2026 16:45:00";"Wolfgang Bock";"I 0.08";"mmp26c1"
"26c2 Interaktive Medien I";"mod.mmp-IM1.HS26_BS.002";"20261102T081500Z";"20261102T113000Z";"02.11.2026 09:15:00";"02.11.2026 12:30:00";"Wolfgang Bock";"I 0.04/05";"mmp26c2"
"26c2 Interaktive Medien I";"mod.mmp-IM1.HS26_BS.002";"20261102T123000Z";"20261102T154500Z";"02.11.2026 13:30:00";"02.11.2026 16:45:00";"Wolfgang Bock";"I 0.04/05";"mmp26c2"
"26c2 Interaktive Medien I";"mod.mmp-IM1.HS26_BS.002";"20261103T081500Z";"20261103T113000Z";"03.11.2026 09:15:00";"03.11.2026 12:30:00";"Wolfgang Bock";"I 0.04/05";"mmp26c2"
"26c2 Interaktive Medien I";"mod.mmp-IM1.HS26_BS.002";"20261103T123000Z";"20261103T154500Z";"03.11.2026 13:30:00";"03.11.2026 16:45:00";"Wolfgang Bock";"I 0.04/05";"mmp26c2"
"26c2 Interaktive Medien I";"mod.mmp-IM1.HS26_BS.002";"20261104T081500Z";"20261104T113000Z";"04.11.2026 09:15:00";"04.11.2026 12:30:00";"Wolfgang Bock";"I 0.04/05";"mmp26c2"
"26c2 Interaktive Medien I";"mod.mmp-IM1.HS26_BS.002";"20261104T123000Z";"20261104T154500Z";"04.11.2026 13:30:00";"04.11.2026 16:45:00";"Wolfgang Bock";"I 0.04/05";"mmp26c2"
"26c2 Interaktive Medien I";"mod.mmp-IM1.HS26_BS.002";"20261116T081500Z";"20261116T113000Z";"16.11.2026 09:15:00";"16.11.2026 12:30:00";"Wolfgang Bock";"I 0.04/05";"mmp26c2"
"26c2 Interaktive Medien I";"mod.mmp-IM1.HS26_BS.002";"20261116T123000Z";"20261116T154500Z";"16.11.2026 13:30:00";"16.11.2026 16:45:00";"Wolfgang Bock";"I 0.04/05";"mmp26c2"
"26c2 Interaktive Medien I";"mod.mmp-IM1.HS26_BS.002";"20261117T081500Z";"20261117T113000Z";"17.11.2026 09:15:00";"17.11.2026 12:30:00";"Wolfgang Bock";"I 0.04/05";"mmp26c2"
"26c2 Interaktive Medien I";"mod.mmp-IM1.HS26_BS.002";"20261117T123000Z";"20261117T154500Z";"17.11.2026 13:30:00";"17.11.2026 16:45:00";"Wolfgang Bock";"I 0.04/05";"mmp26c2"
"26c2 Interaktive Medien I";"mod.mmp-IM1.HS26_BS.002";"20261118T081500Z";"20261118T113000Z";"18.11.2026 09:15:00";"18.11.2026 12:30:00";"Wolfgang Bock";"I 0.04/05";"mmp26c2"
"26c2 Interaktive Medien I";"mod.mmp-IM1.HS26_BS.002";"20261118T123000Z";"20261118T154500Z";"18.11.2026 13:30:00";"18.11.2026 16:45:00";"Wolfgang Bock";"I 0.04/05";"mmp26c2"
"26c2 Interaktive Medien I";"mod.mmp-IM1.HS26_BS.002";"20261130T081500Z";"20261130T113000Z";"30.11.2026 09:15:00";"30.11.2026 12:30:00";"Wolfgang Bock";"I 0.04/05";"mmp26c2"
"26c2 Interaktive Medien I";"mod.mmp-IM1.HS26_BS.002";"20261130T123000Z";"20261130T154500Z";"30.11.2026 13:30:00";"30.11.2026 16:45:00";"Wolfgang Bock";"I 0.04/05";"mmp26c2"
"26c2 Interaktive Medien I";"mod.mmp-IM1.HS26_BS.002";"20261201T081500Z";"20261201T113000Z";"01.12.2026 09:15:00";"01.12.2026 12:30:00";"Wolfgang Bock";"I 0.04/05";"mmp26c2"
"26c2 Interaktive Medien I";"mod.mmp-IM1.HS26_BS.002";"20261201T123000Z";"20261201T154500Z";"01.12.2026 13:30:00";"01.12.2026 16:45:00";"Wolfgang Bock";"I 0.04/05";"mmp26c2"
"26c2 Interaktive Medien I";"mod.mmp-IM1.HS26_BS.002";"20261209T123000Z";"20261209T154500Z";"09.12.2026 13:30:00";"09.12.2026 16:45:00";"Wolfgang Bock";"I 0.08";"mmp26c2"
"26c2 Interaktive Medien I";"mod.mmp-IM1.HS26_BS.002";"20261214T081500Z";"20261214T113000Z";"14.12.2026 09:15:00";"14.12.2026 12:30:00";"Wolfgang Bock";"I 0.08";"mmp26c2"
"26c2 Interaktive Medien I";"mod.mmp-IM1.HS26_BS.002";"20261214T123000Z";"20261214T154500Z";"14.12.2026 13:30:00";"14.12.2026 16:45:00";"Wolfgang Bock";"I 0.08";"mmp26c2"
"26b Interaktive Medien I";"mod.mmp-IM1.HS26_BS.003";"20261102T081500Z";"20261102T113000Z";"02.11.2026 09:15:00";"02.11.2026 12:30:00";"Wolfgang Bock";"140";"mmp26b"
"26b Interaktive Medien I";"mod.mmp-IM1.HS26_BS.003";"20261102T123000Z";"20261102T154500Z";"02.11.2026 13:30:00";"02.11.2026 16:45:00";"Wolfgang Bock";"140";"mmp26b"
"26b Interaktive Medien I";"mod.mmp-IM1.HS26_BS.003";"20261103T081500Z";"20261103T113000Z";"03.11.2026 09:15:00";"03.11.2026 12:30:00";"Wolfgang Bock";"140";"mmp26b"
"26b Interaktive Medien I";"mod.mmp-IM1.HS26_BS.003";"20261103T123000Z";"20261103T154500Z";"03.11.2026 13:30:00";"03.11.2026 16:45:00";"Wolfgang Bock";"140";"mmp26b"
"26b Interaktive Medien I";"mod.mmp-IM1.HS26_BS.003";"20261105T081500Z";"20261105T113000Z";"05.11.2026 09:15:00";"05.11.2026 12:30:00";"Wolfgang Bock";"010";"mmp26b"
"26b Interaktive Medien I";"mod.mmp-IM1.HS26_BS.003";"20261105T123000Z";"20261105T154500Z";"05.11.2026 13:30:00";"05.11.2026 16:45:00";"Wolfgang Bock";"010";"mmp26b"
"26b Interaktive Medien I";"mod.mmp-IM1.HS26_BS.003";"20261116T081500Z";"20261116T113000Z";"16.11.2026 09:15:00";"16.11.2026 12:30:00";"Wolfgang Bock";"010";"mmp26b"
"26b Interaktive Medien I";"mod.mmp-IM1.HS26_BS.003";"20261116T123000Z";"20261116T154500Z";"16.11.2026 13:30:00";"16.11.2026 16:45:00";"Wolfgang Bock";"010";"mmp26b"
"26b Interaktive Medien I";"mod.mmp-IM1.HS26_BS.003";"20261117T081500Z";"20261117T113000Z";"17.11.2026 09:15:00";"17.11.2026 12:30:00";"Wolfgang Bock";"010";"mmp26b"
"26b Interaktive Medien I";"mod.mmp-IM1.HS26_BS.003";"20261117T123000Z";"20261117T154500Z";"17.11.2026 13:30:00";"17.11.2026 16:45:00";"Wolfgang Bock";"010";"mmp26b"
"26b Interaktive Medien I";"mod.mmp-IM1.HS26_BS.003";"20261118T081500Z";"20261118T113000Z";"18.11.2026 09:15:00";"18.11.2026 12:30:00";"Wolfgang Bock";"H031";"mmp26b"
"26b Interaktive Medien I";"mod.mmp-IM1.HS26_BS.003";"20261118T123000Z";"20261118T154500Z";"18.11.2026 13:30:00";"18.11.2026 16:45:00";"Wolfgang Bock";"H031";"mmp26b"
"26b Interaktive Medien I";"mod.mmp-IM1.HS26_BS.003";"20261208T081500Z";"20261208T113000Z";"08.12.2026 09:15:00";"08.12.2026 12:30:00";"Wolfgang Bock";"010";"mmp26b"
"26b Interaktive Medien I";"mod.mmp-IM1.HS26_BS.003";"20261208T123000Z";"20261208T154500Z";"08.12.2026 13:30:00";"08.12.2026 16:45:00";"Wolfgang Bock";"010";"mmp26b"
"26b Interaktive Medien I";"mod.mmp-IM1.HS26_BS.003";"20261209T081500Z";"20261209T113000Z";"09.12.2026 09:15:00";"09.12.2026 12:30:00";"Wolfgang Bock";"010";"mmp26b"
"26b Interaktive Medien I";"mod.mmp-IM1.HS26_BS.003";"20261209T123000Z";"20261209T154500Z";"09.12.2026 13:30:00";"09.12.2026 16:45:00";"Wolfgang Bock";"010";"mmp26b"
"26b Interaktive Medien I";"mod.mmp-IM1.HS26_BS.003";"20270104T123000Z";"18991230T163539Z";"04.01.2027 13:30:00";"30.12.1899 17:35:39";"Wolfgang Bock";"250";"mmp26b"
"26b Interaktive Medien I";"mod.mmp-IM1.HS26_BS.003";"20270105T081500Z";"20270106T113000Z";"05.01.2027 09:15:00";"06.01.2027 12:30:00";"Wolfgang Bock";"250";"mmp26b"
"26b Interaktive Medien I";"mod.mmp-IM1.HS26_BS.003";"20270105T123000Z";"18991230T163539Z";"05.01.2027 13:30:00";"30.12.1899 17:35:39";"Wolfgang Bock";"250";"mmp26b"
"26cv Interaktive Medien I";"mod.mmp-IM1.HS26_BS.004";"20261102T081500Z";"20261102T113000Z";"02.11.2026 09:15:00";"02.11.2026 12:30:00";"Wolfgang Bock";"Z2.02";"mmp26cv"
"26cv Interaktive Medien I";"mod.mmp-IM1.HS26_BS.004";"20261102T123000Z";"20261102T154500Z";"02.11.2026 13:30:00";"02.11.2026 16:45:00";"Wolfgang Bock";"Z2.02";"mmp26cv"
"26cv Interaktive Medien I";"mod.mmp-IM1.HS26_BS.004";"20261103T081500Z";"20261103T113000Z";"03.11.2026 09:15:00";"03.11.2026 12:30:00";"Wolfgang Bock";"Z2.02";"mmp26cv"
"26cv Interaktive Medien I";"mod.mmp-IM1.HS26_BS.004";"20261103T123000Z";"20261103T154500Z";"03.11.2026 13:30:00";"03.11.2026 16:45:00";"Wolfgang Bock";"Z2.02";"mmp26cv"
"26cv Interaktive Medien I";"mod.mmp-IM1.HS26_BS.004";"20261116T081500Z";"20261116T113000Z";"16.11.2026 09:15:00";"16.11.2026 12:30:00";"Wolfgang Bock";"Z2.02";"mmp26cv"
"26cv Interaktive Medien I";"mod.mmp-IM1.HS26_BS.004";"20261116T123000Z";"20261116T154500Z";"16.11.2026 13:30:00";"16.11.2026 16:45:00";"Wolfgang Bock";"Z2.02";"mmp26cv"
"26cv Interaktive Medien I";"mod.mmp-IM1.HS26_BS.004";"20261117T081500Z";"20261117T113000Z";"17.11.2026 09:15:00";"17.11.2026 12:30:00";"Wolfgang Bock";"Z2.02";"mmp26cv"
"26cv Interaktive Medien I";"mod.mmp-IM1.HS26_BS.004";"20261117T123000Z";"20261117T154500Z";"17.11.2026 13:30:00";"17.11.2026 16:45:00";"Wolfgang Bock";"Z2.02";"mmp26cv"
"26cv Interaktive Medien I";"mod.mmp-IM1.HS26_BS.004";"20261124T081500Z";"20261124T113000Z";"24.11.2026 09:15:00";"24.11.2026 12:30:00";"Wolfgang Bock";"Z2.02";"mmp26cv"
"26cv Interaktive Medien I";"mod.mmp-IM1.HS26_BS.004";"20261124T123000Z";"20261124T154500Z";"24.11.2026 13:30:00";"24.11.2026 16:45:00";"Wolfgang Bock";"Z2.02";"mmp26cv"
"26cv Interaktive Medien I";"mod.mmp-IM1.HS26_BS.004";"20261207T123000Z";"20261207T154500Z";"07.12.2026 13:30:00";"07.12.2026 16:45:00";"Wolfgang Bock";"Z0,10";"mmp26cv"
"26cv Interaktive Medien I";"mod.mmp-IM1.HS26_BS.004";"20261208T081500Z";"20261208T113000Z";"08.12.2026 09:15:00";"08.12.2026 12:30:00";"Wolfgang Bock";"Z0,10";"mmp26cv"
"26cv Interaktive Medien I";"mod.mmp-IM1.HS26_BS.004";"20261208T123000Z";"20261208T154500Z";"08.12.2026 13:30:00";"08.12.2026 16:45:00";"Wolfgang Bock";"Z0,10";"mmp26cv"
"26c1 Grundlagen der Forschung – Wissenschaftliches Arbeiten ";"modk.mmp-WISARB01.V01.HS26_BS.001";"20261109T081500Z";"20261109T113000Z";"09.11.2026 09:15:00";"09.11.2026 12:30:00";"Franziska Oehmer-Pedrazzi/Amina Ovcina Cajacob";"I 0.30";"mmp26c1"
"26c1 Grundlagen der Forschung – Wissenschaftliches Arbeiten ";"modk.mmp-WISARB01.V01.HS26_BS.001";"20261119T081500Z";"20261119T113000Z";"19.11.2026 09:15:00";"19.11.2026 12:30:00";"Franziska Oehmer-Pedrazzi/Amina Ovcina Cajacob";"I 0.30";"mmp26c1"
"26c1 Grundlagen der Forschung – Wissenschaftliches Arbeiten ";"modk.mmp-WISARB01.V01.HS26_BS.001";"20261202T123000Z";"20261202T154500Z";"02.12.2026 13:30:00";"02.12.2026 16:45:00";"Franziska Oehmer-Pedrazzi/Amina Ovcina Cajacob";"I 0.30";"mmp26c1"
"26c1 Grundlagen der Forschung – Wissenschaftliches Arbeiten ";"modk.mmp-WISARB01.V01.HS26_BS.001";"20261203T081500Z";"20261203T113000Z";"03.12.2026 09:15:00";"03.12.2026 12:30:00";"Franziska Oehmer-Pedrazzi/Amina Ovcina Cajacob";"I 0.30";"mmp26c1"
"26c1 Grundlagen der Forschung – Wissenschaftliches Arbeiten ";"modk.mmp-WISARB01.V01.HS26_BS.001";"20261216T123000Z";"20261216T154500Z";"16.12.2026 13:30:00";"16.12.2026 16:45:00";"Franziska Oehmer-Pedrazzi/Amina Ovcina Cajacob";"I 0.02/03";"mmp26c1"
"26c1 Grundlagen der Forschung – Wissenschaftliches Arbeiten ";"modk.mmp-WISARB01.V01.HS26_BS.001";"20270105T081500Z";"20270106T113000Z";"05.01.2027 09:15:00";"06.01.2027 12:30:00";"Franziska Oehmer-Pedrazzi/Amina Ovcina Cajacob";"I 0.02/03";"mmp26c1"
"25c1 Visualisieren III – Mediengestaltung 3";"modk.mmp-MEDGE3.HS26_BS.001";"20261109T081500Z";"20261109T113000Z";"09.11.2026 09:15:00";"09.11.2026 12:30:00";"Tanja Hess";"I 0.02/03";"mmp25c1"
"25c1 Visualisieren III – Mediengestaltung 3";"modk.mmp-MEDGE3.HS26_BS.001";"20261109T123000Z";"20261109T154500Z";"09.11.2026 13:30:00";"09.11.2026 16:45:00";"Tanja Hess";"I 0.02/03";"mmp25c1"
"25c1 Visualisieren III – Mediengestaltung 3";"modk.mmp-MEDGE3.HS26_BS.001";"20261110T081500Z";"20261110T113000Z";"10.11.2026 09:15:00";"10.11.2026 12:30:00";"Tanja Hess";"I 0.02/03";"mmp25c1"
"25c1 Visualisieren III – Mediengestaltung 3";"modk.mmp-MEDGE3.HS26_BS.001";"20261110T123000Z";"20261110T154500Z";"10.11.2026 13:30:00";"10.11.2026 16:45:00";"Tanja Hess";"I 0.02/03";"mmp25c1"
"25c1 Visualisieren III – Mediengestaltung 3";"modk.mmp-MEDGE3.HS26_BS.001";"20261111T081500Z";"20261111T113000Z";"11.11.2026 09:15:00";"11.11.2026 12:30:00";"Tanja Hess";"I 0.02/03";"mmp25c1"
"25c1 Visualisieren III – Mediengestaltung 3";"modk.mmp-MEDGE3.HS26_BS.001";"20261111T123000Z";"20261111T154500Z";"11.11.2026 13:30:00";"11.11.2026 16:45:00";"Tanja Hess";"I 0.02/03";"mmp25c1"
"25c1 Visualisieren III – Mediengestaltung 3";"modk.mmp-MEDGE3.HS26_BS.001";"20261112T081500Z";"20261112T113000Z";"12.11.2026 09:15:00";"12.11.2026 12:30:00";"Tanja Hess";"I 0.02/03";"mmp25c1"
"25c1 Visualisieren III – Mediengestaltung 3";"modk.mmp-MEDGE3.HS26_BS.001";"20261112T123000Z";"20261112T154500Z";"12.11.2026 13:30:00";"12.11.2026 16:45:00";"Tanja Hess";"I 0.02/03";"mmp25c1"
"25c1 Visualisieren III – Sketch&Draw 3";"modk.mmp-SKEDRA3.HS26_BS.001";"20261116T081500Z";"20261116T113000Z";"16.11.2026 09:15:00";"16.11.2026 12:30:00";"Tanja Hess";"I 0.02/03";"mmp25c1"
"25c1 Visualisieren III – Sketch&Draw 3";"modk.mmp-SKEDRA3.HS26_BS.001";"20261116T123000Z";"20261116T154500Z";"16.11.2026 13:30:00";"16.11.2026 16:45:00";"Tanja Hess";"I 0.02/03";"mmp25c1"
"25c1 Visualisieren III – Sketch&Draw 3";"modk.mmp-SKEDRA3.HS26_BS.001";"20261117T081500Z";"20261117T113000Z";"17.11.2026 09:15:00";"17.11.2026 12:30:00";"Tanja Hess";"I 0.02/03";"mmp25c1"
"25c1 Visualisieren III – Sketch&Draw 3";"modk.mmp-SKEDRA3.HS26_BS.001";"20261117T123000Z";"20261117T154500Z";"17.11.2026 13:30:00";"17.11.2026 16:45:00";"Tanja Hess";"I 0.02/03";"mmp25c1"
"25c1 Visualisieren III – Sketch&Draw 3";"modk.mmp-SKEDRA3.HS26_BS.001";"20261118T081500Z";"20261118T113000Z";"18.11.2026 09:15:00";"18.11.2026 12:30:00";"Tanja Hess";"I 0.02/03";"mmp25c1"
"25c1 Visualisieren III – Sketch&Draw 3";"modk.mmp-SKEDRA3.HS26_BS.001";"20261118T123000Z";"20261118T154500Z";"18.11.2026 13:30:00";"18.11.2026 16:45:00";"Tanja Hess";"I 0.02/03";"mmp25c1"
"25c1 Visualisieren III – Sketch&Draw 3";"modk.mmp-SKEDRA3.HS26_BS.001";"20261119T081500Z";"20261119T113000Z";"19.11.2026 09:15:00";"19.11.2026 12:30:00";"Tanja Hess";"I 0.02/03";"mmp25c1"
"25c1 Visualisieren III – Sketch&Draw 3";"modk.mmp-SKEDRA3.HS26_BS.001";"20261119T123000Z";"20261119T154500Z";"19.11.2026 13:30:00";"19.11.2026 16:45:00";"Tanja Hess";"I 0.02/03";"mmp25c1"
"25c2 Visualisieren III – Mediengestaltung 3";"modk.mmp-MEDGE3.HS26_BS.002";"20261109T081500Z";"20261109T113000Z";"09.11.2026 09:15:00";"09.11.2026 12:30:00";"Tanja Hess";"I 0.02/03";"mmp25c2"
"25c2 Visualisieren III – Mediengestaltung 3";"modk.mmp-MEDGE3.HS26_BS.002";"20261109T123000Z";"20261109T154500Z";"09.11.2026 13:30:00";"09.11.2026 16:45:00";"Tanja Hess";"I 0.02/03";"mmp25c2"
"25c2 Visualisieren III – Mediengestaltung 3";"modk.mmp-MEDGE3.HS26_BS.002";"20261110T081500Z";"20261110T113000Z";"10.11.2026 09:15:00";"10.11.2026 12:30:00";"Tanja Hess";"I 0.02/03";"mmp25c2"
"25c2 Visualisieren III – Mediengestaltung 3";"modk.mmp-MEDGE3.HS26_BS.002";"20261110T123000Z";"20261110T154500Z";"10.11.2026 13:30:00";"10.11.2026 16:45:00";"Tanja Hess";"I 0.02/03";"mmp25c2"
"25c2 Visualisieren III – Mediengestaltung 3";"modk.mmp-MEDGE3.HS26_BS.002";"20261111T081500Z";"20261111T113000Z";"11.11.2026 09:15:00";"11.11.2026 12:30:00";"Tanja Hess";"I 0.02/03";"mmp25c2"
"25c2 Visualisieren III – Mediengestaltung 3";"modk.mmp-MEDGE3.HS26_BS.002";"20261111T123000Z";"20261111T154500Z";"11.11.2026 13:30:00";"11.11.2026 16:45:00";"Tanja Hess";"I 0.02/03";"mmp25c2"
"25c2 Visualisieren III – Mediengestaltung 3";"modk.mmp-MEDGE3.HS26_BS.002";"20261112T081500Z";"20261112T113000Z";"12.11.2026 09:15:00";"12.11.2026 12:30:00";"Tanja Hess";"I 0.02/03";"mmp25c2"
"25c2 Visualisieren III – Mediengestaltung 3";"modk.mmp-MEDGE3.HS26_BS.002";"20261112T123000Z";"20261112T154500Z";"12.11.2026 13:30:00";"12.11.2026 16:45:00";"Tanja Hess";"I 0.02/03";"mmp25c2"
"25c2 Visualisieren III – Sketch&Draw 3";"modk.mmp-SKEDRA3.HS26_BS.002";"20261116T081500Z";"20261116T113000Z";"16.11.2026 09:15:00";"16.11.2026 12:30:00";"Tanja Hess";"I 0.02/03";"mmp25c2"
"25c2 Visualisieren III – Sketch&Draw 3";"modk.mmp-SKEDRA3.HS26_BS.002";"20261116T123000Z";"20261116T154500Z";"16.11.2026 13:30:00";"16.11.2026 16:45:00";"Tanja Hess";"I 0.02/03";"mmp25c2"
"25c2 Visualisieren III – Sketch&Draw 3";"modk.mmp-SKEDRA3.HS26_BS.002";"20261117T081500Z";"20261117T113000Z";"17.11.2026 09:15:00";"17.11.2026 12:30:00";"Tanja Hess";"I 0.02/03";"mmp25c2"
"25c2 Visualisieren III – Sketch&Draw 3";"modk.mmp-SKEDRA3.HS26_BS.002";"20261117T123000Z";"20261117T154500Z";"17.11.2026 13:30:00";"17.11.2026 16:45:00";"Tanja Hess";"I 0.02/03";"mmp25c2"
"25c2 Visualisieren III – Sketch&Draw 3";"modk.mmp-SKEDRA3.HS26_BS.002";"20261118T081500Z";"20261118T113000Z";"18.11.2026 09:15:00";"18.11.2026 12:30:00";"Tanja Hess";"I 0.02/03";"mmp25c2"
"25c2 Visualisieren III – Sketch&Draw 3";"modk.mmp-SKEDRA3.HS26_BS.002";"20261118T123000Z";"20261118T154500Z";"18.11.2026 13:30:00";"18.11.2026 16:45:00";"Tanja Hess";"I 0.02/03";"mmp25c2"
"25c2 Visualisieren III – Sketch&Draw 3";"modk.mmp-SKEDRA3.HS26_BS.002";"20261119T081500Z";"20261119T113000Z";"19.11.2026 09:15:00";"19.11.2026 12:30:00";"Tanja Hess";"I 0.02/03";"mmp25c2"
"25c2 Visualisieren III – Sketch&Draw 3";"modk.mmp-SKEDRA3.HS26_BS.002";"20261119T123000Z";"20261119T154500Z";"19.11.2026 13:30:00";"19.11.2026 16:45:00";"Tanja Hess";"I 0.02/03";"mmp25c2"
"25b Visualisieren III – Sketch&Draw 3";"modk.mmp-SKEDRA3.HS26_BS.003";"20261109T081500Z";"20261109T113000Z";"09.11.2026 09:15:00";"09.11.2026 12:30:00";"Tanja Hess";"140";"mmp25b"
"25b Visualisieren III – Sketch&Draw 3";"modk.mmp-SKEDRA3.HS26_BS.003";"20261109T123000Z";"20261109T154500Z";"09.11.2026 13:30:00";"09.11.2026 16:45:00";"Tanja Hess";"140";"mmp25b"
"25b Visualisieren III – Sketch&Draw 3";"modk.mmp-SKEDRA3.HS26_BS.003";"20261110T081500Z";"20261110T113000Z";"10.11.2026 09:15:00";"10.11.2026 12:30:00";"Tanja Hess";"140";"mmp25b"
"25b Visualisieren III – Sketch&Draw 3";"modk.mmp-SKEDRA3.HS26_BS.003";"20261110T123000Z";"20261110T154500Z";"10.11.2026 13:30:00";"10.11.2026 16:45:00";"Tanja Hess";"140";"mmp25b"
"25b Visualisieren III – Sketch&Draw 3";"modk.mmp-SKEDRA3.HS26_BS.003";"20261111T081500Z";"20261111T113000Z";"11.11.2026 09:15:00";"11.11.2026 12:30:00";"Tanja Hess";"140";"mmp25b"
"25b Visualisieren III – Sketch&Draw 3";"modk.mmp-SKEDRA3.HS26_BS.003";"20261111T123000Z";"20261111T154500Z";"11.11.2026 13:30:00";"11.11.2026 16:45:00";"Tanja Hess";"140";"mmp25b"
"25b Visualisieren III – Sketch&Draw 3";"modk.mmp-SKEDRA3.HS26_BS.003";"20261112T081500Z";"20261112T113000Z";"12.11.2026 09:15:00";"12.11.2026 12:30:00";"Tanja Hess";"140";"mmp25b"
"25b Visualisieren III – Mediengestaltung 3";"modk.mmp-MEDGE3.HS26_BS.003";"20261116T081500Z";"20261116T113000Z";"16.11.2026 09:15:00";"16.11.2026 12:30:00";"Tanja Hess";"140";"mmp25b"
"25b Visualisieren III – Mediengestaltung 3";"modk.mmp-MEDGE3.HS26_BS.003";"20261116T123000Z";"20261116T154500Z";"16.11.2026 13:30:00";"16.11.2026 16:45:00";"Tanja Hess";"140";"mmp25b"
"25b Visualisieren III – Mediengestaltung 3";"modk.mmp-MEDGE3.HS26_BS.003";"20261117T081500Z";"20261117T113000Z";"17.11.2026 09:15:00";"17.11.2026 12:30:00";"Tanja Hess";"140";"mmp25b"
"25b Visualisieren III – Mediengestaltung 3";"modk.mmp-MEDGE3.HS26_BS.003";"20261117T123000Z";"20261117T154500Z";"17.11.2026 13:30:00";"17.11.2026 16:45:00";"Tanja Hess";"140";"mmp25b"
"25b Visualisieren III – Mediengestaltung 3";"modk.mmp-MEDGE3.HS26_BS.003";"20261118T081500Z";"20261118T113000Z";"18.11.2026 09:15:00";"18.11.2026 12:30:00";"Tanja Hess";"010";"mmp25b"
"25b Visualisieren III – Mediengestaltung 3";"modk.mmp-MEDGE3.HS26_BS.003";"20261118T123000Z";"20261118T154500Z";"18.11.2026 13:30:00";"18.11.2026 16:45:00";"Tanja Hess";"010";"mmp25b"
"25b Visualisieren III – Mediengestaltung 3";"modk.mmp-MEDGE3.HS26_BS.003";"20261119T081500Z";"20261119T113000Z";"19.11.2026 09:15:00";"19.11.2026 12:30:00";"Tanja Hess";"010";"mmp25b"
"25b Visualisieren III – Mediengestaltung 3";"modk.mmp-MEDGE3.HS26_BS.003";"20261119T123000Z";"20261119T154500Z";"19.11.2026 13:30:00";"19.11.2026 16:45:00";"Tanja Hess";"010";"mmp25b"
"25cv Visualisieren III – Sketch&Draw 3";"modk.mmp-SKEDRA3.HS26_BS.004";"20261109T081500Z";"20261109T113000Z";"09.11.2026 09:15:00";"09.11.2026 12:30:00";"Tanja Hess";"Z0.03";"mmp25cv"
"25cv Visualisieren III – Sketch&Draw 3";"modk.mmp-SKEDRA3.HS26_BS.004";"20261109T123000Z";"20261109T154500Z";"09.11.2026 13:30:00";"09.11.2026 16:45:00";"Tanja Hess";"Z0.03";"mmp25cv"
"25cv Visualisieren III – Sketch&Draw 3";"modk.mmp-SKEDRA3.HS26_BS.004";"20261110T081500Z";"20261110T113000Z";"10.11.2026 09:15:00";"10.11.2026 12:30:00";"Tanja Hess";"Z0.03";"mmp25cv"
"25cv Visualisieren III – Sketch&Draw 3";"modk.mmp-SKEDRA3.HS26_BS.004";"20261110T123000Z";"20261110T154500Z";"10.11.2026 13:30:00";"10.11.2026 16:45:00";"Tanja Hess";"Z0.03";"mmp25cv"
"25cv Visualisieren III – Mediengestaltung 3";"modk.mmp-MEDGE3.HS26_BS.004";"20261116T081500Z";"20261116T113000Z";"16.11.2026 09:15:00";"16.11.2026 12:30:00";"Tanja Hess";"Z0.03";"mmp25cv"
"25cv Visualisieren III – Mediengestaltung 3";"modk.mmp-MEDGE3.HS26_BS.004";"20261116T123000Z";"20261116T154500Z";"16.11.2026 13:30:00";"16.11.2026 16:45:00";"Tanja Hess";"Z0.03";"mmp25cv"
"25cv Visualisieren III – Mediengestaltung 3";"modk.mmp-MEDGE3.HS26_BS.004";"20261117T081500Z";"20261117T113000Z";"17.11.2026 09:15:00";"17.11.2026 12:30:00";"Tanja Hess";"Z0.03";"mmp25cv"
"25cv Visualisieren III – Mediengestaltung 3";"modk.mmp-MEDGE3.HS26_BS.004";"20261117T123000Z";"20261117T154500Z";"17.11.2026 13:30:00";"17.11.2026 16:45:00";"Tanja Hess";"Z0.03";"mmp25cv"
"25cv Visualisieren III – Mediengestaltung 3";"modk.mmp-MEDGE3.HS26_BS.004";"20261214T081500Z";"20261214T113000Z";"14.12.2026 09:15:00";"14.12.2026 12:30:00";"Tanja Hess";"Z0.03";"mmp25cv"
"25cv Visualisieren III – Sketch&Draw 3";"modk.mmp-SKEDRA3.HS26_BS.004";"20261214T123000Z";"20261214T154500Z";"14.12.2026 13:30:00";"14.12.2026 16:45:00";"Tanja Hess";"Z0.03";"mmp25cv"
"26c2 Grundlagen der Forschung – Wissenschaftliches Arbeiten ";"modk.mmp-WISARB01.V01.HS26_BS.002";"20261109T123000Z";"20261109T154500Z";"09.11.2026 13:30:00";"09.11.2026 16:45:00";"Franziska Oehmer-Pedrazzi/Amina Ovcina Cajacob";"I 0.30";"mmp26c2"
"26c2 Grundlagen der Forschung – Wissenschaftliches Arbeiten ";"modk.mmp-WISARB01.V01.HS26_BS.002";"20261119T123000Z";"20261119T154500Z";"19.11.2026 13:30:00";"19.11.2026 16:45:00";"Franziska Oehmer-Pedrazzi/Amina Ovcina Cajacob";"I 0.30";"mmp26c2"
"26c2 Grundlagen der Forschung – Wissenschaftliches Arbeiten ";"modk.mmp-WISARB01.V01.HS26_BS.002";"20261202T081500Z";"20261202T113000Z";"02.12.2026 09:15:00";"02.12.2026 12:30:00";"Franziska Oehmer-Pedrazzi/Amina Ovcina Cajacob";"I 0.30";"mmp26c2"
"26c2 Grundlagen der Forschung – Wissenschaftliches Arbeiten ";"modk.mmp-WISARB01.V01.HS26_BS.002";"20261203T123000Z";"20261203T154500Z";"03.12.2026 13:30:00";"03.12.2026 16:45:00";"Franziska Oehmer-Pedrazzi/Amina Ovcina Cajacob";"I 0.30";"mmp26c2"
"26c2 Grundlagen der Forschung – Wissenschaftliches Arbeiten ";"modk.mmp-WISARB01.V01.HS26_BS.002";"20261216T081500Z";"20261216T113000Z";"16.12.2026 09:15:00";"16.12.2026 12:30:00";"Franziska Oehmer-Pedrazzi/Amina Ovcina Cajacob";"I 0.02/03";"mmp26c2"
"26c2 Grundlagen der Forschung – Wissenschaftliches Arbeiten ";"modk.mmp-WISARB01.V01.HS26_BS.002";"20270105T123000Z";"18991230T163539Z";"05.01.2027 13:30:00";"30.12.1899 17:35:39";"Franziska Oehmer-Pedrazzi/Amina Ovcina Cajacob";"I 0.02/03";"mmp26c2"
"26b Mediensystem Schweiz – Medienrechtliche Grundlagen";"modk.mmp-MERECG01.V01.HS26_BS.003";"20261123T081500Z";"20261123T113000Z";"23.11.2026 09:15:00";"23.11.2026 12:30:00";"Daniel Köhler";"140";"mmp26b"
"26b Mediensystem Schweiz – Medienrechtliche Grundlagen";"modk.mmp-MERECG01.V01.HS26_BS.003";"20261123T123000Z";"20261123T154500Z";"23.11.2026 13:30:00";"23.11.2026 16:45:00";"Daniel Köhler";"140";"mmp26b"
"26b Mediensystem Schweiz – Medienrechtliche Grundlagen";"modk.mmp-MERECG01.V01.HS26_BS.003";"20261124T081500Z";"20261124T113000Z";"24.11.2026 09:15:00";"24.11.2026 12:30:00";"Daniel Köhler";"140";"mmp26b"
"26b Mediensystem Schweiz – Medienrechtliche Grundlagen";"modk.mmp-MERECG01.V01.HS26_BS.003";"20261124T123000Z";"20261124T154500Z";"24.11.2026 13:30:00";"24.11.2026 16:45:00";"Daniel Köhler";"140";"mmp26b"
"26b Mediensystem Schweiz – Medienrechtliche Grundlagen";"modk.mmp-MERECG01.V01.HS26_BS.003";"20270104T081500Z";"20270105T113000Z";"04.01.2027 09:15:00";"05.01.2027 12:30:00";"Daniel Köhler";"online";"mmp26b"
"24c1 Visualisieren V";"mod.mmp-VISUA05.01.HS26_BS.001";"20261123T081500Z";"20261123T113000Z";"23.11.2026 09:15:00";"23.11.2026 12:30:00";"Tanja Hess";"I 0.02/03";"mmp24c1"
"24c1 Visualisieren V";"mod.mmp-VISUA05.01.HS26_BS.001";"20261123T123000Z";"20261123T154500Z";"23.11.2026 13:30:00";"23.11.2026 16:45:00";"Tanja Hess";"I 0.02/03";"mmp24c1"
"24c1 Visualisieren V";"mod.mmp-VISUA05.01.HS26_BS.001";"20261124T081500Z";"20261124T113000Z";"24.11.2026 09:15:00";"24.11.2026 12:30:00";"Tanja Hess";"I 0.02/03";"mmp24c1"
"24c1 Visualisieren V";"mod.mmp-VISUA05.01.HS26_BS.001";"20261124T123000Z";"20261124T154500Z";"24.11.2026 13:30:00";"24.11.2026 16:45:00";"Tanja Hess";"I 0.02/03";"mmp24c1"
"24c1 Visualisieren V";"mod.mmp-VISUA05.01.HS26_BS.001";"20261207T081500Z";"20261207T113000Z";"07.12.2026 09:15:00";"07.12.2026 12:30:00";"Tanja Hess";"I 0.02/03";"mmp24c1"
"24c1 Visualisieren V";"mod.mmp-VISUA05.01.HS26_BS.001";"20261207T123000Z";"20261207T154500Z";"07.12.2026 13:30:00";"07.12.2026 16:45:00";"Tanja Hess";"I 0.02/03";"mmp24c1"
"24c1 Visualisieren V";"mod.mmp-VISUA05.01.HS26_BS.001";"20261208T081500Z";"20261208T113000Z";"08.12.2026 09:15:00";"08.12.2026 12:30:00";"Tanja Hess";"I 0.02/03";"mmp24c1"
"24c1 Visualisieren V";"mod.mmp-VISUA05.01.HS26_BS.001";"20261208T123000Z";"20261208T154500Z";"08.12.2026 13:30:00";"08.12.2026 16:45:00";"Tanja Hess";"I 0.02/03";"mmp24c1"
"24c1 Visualisieren V";"mod.mmp-VISUA05.01.HS26_BS.001";"20261209T081500Z";"20261209T113000Z";"09.12.2026 09:15:00";"09.12.2026 12:30:00";"Tanja Hess";"I 0.02/03";"mmp24c1"
"24c1 Visualisieren V";"mod.mmp-VISUA05.01.HS26_BS.001";"20261209T123000Z";"20261209T154500Z";"09.12.2026 13:30:00";"09.12.2026 16:45:00";"Tanja Hess";"I 0.02/03";"mmp24c1"
"24c1 Visualisieren V";"mod.mmp-VISUA05.01.HS26_BS.001";"20261210T081500Z";"20261210T113000Z";"10.12.2026 09:15:00";"10.12.2026 12:30:00";"Tanja Hess";"I 0.02/03";"mmp24c1"
"24c1 Visualisieren V";"mod.mmp-VISUA05.01.HS26_BS.001";"20261210T123000Z";"20261210T154500Z";"10.12.2026 13:30:00";"10.12.2026 16:45:00";"Tanja Hess";"I 0.02/03";"mmp24c1"
"24c2 Visualisieren V";"mod.mmp-VISUA05.01.HS26_BS.002";"20261123T081500Z";"20261123T113000Z";"23.11.2026 09:15:00";"23.11.2026 12:30:00";"Tanja Hess";"I 0.02/03";"mmp24c2"
"24c2 Visualisieren V";"mod.mmp-VISUA05.01.HS26_BS.002";"20261123T123000Z";"20261123T154500Z";"23.11.2026 13:30:00";"23.11.2026 16:45:00";"Tanja Hess";"I 0.02/03";"mmp24c2"
"24c2 Visualisieren V";"mod.mmp-VISUA05.01.HS26_BS.002";"20261124T081500Z";"20261124T113000Z";"24.11.2026 09:15:00";"24.11.2026 12:30:00";"Tanja Hess";"I 0.02/03";"mmp24c2"
"24c2 Visualisieren V";"mod.mmp-VISUA05.01.HS26_BS.002";"20261124T123000Z";"20261124T154500Z";"24.11.2026 13:30:00";"24.11.2026 16:45:00";"Tanja Hess";"I 0.02/03";"mmp24c2"
"24c2 Visualisieren V";"mod.mmp-VISUA05.01.HS26_BS.002";"20261207T081500Z";"20261207T113000Z";"07.12.2026 09:15:00";"07.12.2026 12:30:00";"Tanja Hess";"I 0.02/03";"mmp24c2"
"24c2 Visualisieren V";"mod.mmp-VISUA05.01.HS26_BS.002";"20261207T123000Z";"20261207T154500Z";"07.12.2026 13:30:00";"07.12.2026 16:45:00";"Tanja Hess";"I 0.02/03";"mmp24c2"
"24c2 Visualisieren V";"mod.mmp-VISUA05.01.HS26_BS.002";"20261208T081500Z";"20261208T113000Z";"08.12.2026 09:15:00";"08.12.2026 12:30:00";"Tanja Hess";"I 0.02/03";"mmp24c2"
"24c2 Visualisieren V";"mod.mmp-VISUA05.01.HS26_BS.002";"20261208T123000Z";"20261208T154500Z";"08.12.2026 13:30:00";"08.12.2026 16:45:00";"Tanja Hess";"I 0.02/03";"mmp24c2"
"24c2 Visualisieren V";"mod.mmp-VISUA05.01.HS26_BS.002";"20261209T081500Z";"20261209T113000Z";"09.12.2026 09:15:00";"09.12.2026 12:30:00";"Tanja Hess";"I 0.02/03";"mmp24c2"
"24c2 Visualisieren V";"mod.mmp-VISUA05.01.HS26_BS.002";"20261209T123000Z";"20261209T154500Z";"09.12.2026 13:30:00";"09.12.2026 16:45:00";"Tanja Hess";"I 0.02/03";"mmp24c2"
"24c2 Visualisieren V";"mod.mmp-VISUA05.01.HS26_BS.002";"20261210T081500Z";"20261210T113000Z";"10.12.2026 09:15:00";"10.12.2026 12:30:00";"Tanja Hess";"I 0.02/03";"mmp24c2"
"24c2 Visualisieren V";"mod.mmp-VISUA05.01.HS26_BS.002";"20261210T123000Z";"20261210T154500Z";"10.12.2026 13:30:00";"10.12.2026 16:45:00";"Tanja Hess";"I 0.02/03";"mmp24c2"
"24b Visualisieren V";"mod.mmp-VISUA05.01.HS26_BS.003";"20261123T081500Z";"20261123T113000Z";"23.11.2026 09:15:00";"23.11.2026 12:30:00";"Tanja Hess";"211";"mmp24b"
"24b Visualisieren V";"mod.mmp-VISUA05.01.HS26_BS.003";"20261123T123000Z";"20261123T154500Z";"23.11.2026 13:30:00";"23.11.2026 16:45:00";"Tanja Hess";"211";"mmp24b"
"24b Visualisieren V";"mod.mmp-VISUA05.01.HS26_BS.003";"20261124T081500Z";"20261124T113000Z";"24.11.2026 09:15:00";"24.11.2026 12:30:00";"Tanja Hess";"211";"mmp24b"
"24b Visualisieren V";"mod.mmp-VISUA05.01.HS26_BS.003";"20261124T123000Z";"20261124T154500Z";"24.11.2026 13:30:00";"24.11.2026 16:45:00";"Tanja Hess";"211";"mmp24b"
"24b Visualisieren V";"mod.mmp-VISUA05.01.HS26_BS.003";"20261207T081500Z";"20261207T113000Z";"07.12.2026 09:15:00";"07.12.2026 12:30:00";"Tanja Hess";"211";"mmp24b"
"24b Visualisieren V";"mod.mmp-VISUA05.01.HS26_BS.003";"20261207T123000Z";"20261207T154500Z";"07.12.2026 13:30:00";"07.12.2026 16:45:00";"Tanja Hess";"211";"mmp24b"
"24b Visualisieren V";"mod.mmp-VISUA05.01.HS26_BS.003";"20261208T081500Z";"20261208T113000Z";"08.12.2026 09:15:00";"08.12.2026 12:30:00";"Tanja Hess";"211";"mmp24b"
"24b Visualisieren V";"mod.mmp-VISUA05.01.HS26_BS.003";"20261208T123000Z";"20261208T154500Z";"08.12.2026 13:30:00";"08.12.2026 16:45:00";"Tanja Hess";"211";"mmp24b"
"24b Visualisieren V";"mod.mmp-VISUA05.01.HS26_BS.003";"20261209T081500Z";"20261209T113000Z";"09.12.2026 09:15:00";"09.12.2026 12:30:00";"Tanja Hess";"211";"mmp24b"
"24b Visualisieren V";"mod.mmp-VISUA05.01.HS26_BS.003";"20261209T123000Z";"20261209T154500Z";"09.12.2026 13:30:00";"09.12.2026 16:45:00";"Tanja Hess";"211";"mmp24b"
"24b Visualisieren V";"mod.mmp-VISUA05.01.HS26_BS.003";"20261210T081500Z";"20261210T113000Z";"10.12.2026 09:15:00";"10.12.2026 12:30:00";"Tanja Hess";"211";"mmp24b"
"24b Visualisieren V";"mod.mmp-VISUA05.01.HS26_BS.003";"20261210T123000Z";"20261210T154500Z";"10.12.2026 13:30:00";"10.12.2026 16:45:00";"Tanja Hess";"211";"mmp24b"
"26c1 Mediensystem Schweiz – Medienrechtliche Grundlagen";"modk.mmp-MERECG01.V01.HS26_BS.001";"20261125T081500Z";"20261125T113000Z";"25.11.2026 09:15:00";"25.11.2026 12:30:00";"Daniel Köhler";"I 0.02/03";"mmp26c1"
"26c1 Mediensystem Schweiz – Medienrechtliche Grundlagen";"modk.mmp-MERECG01.V01.HS26_BS.001";"20261125T123000Z";"20261125T154500Z";"25.11.2026 13:30:00";"25.11.2026 16:45:00";"Daniel Köhler";"I 0.02/03";"mmp26c1"
"26c1 Mediensystem Schweiz – Medienrechtliche Grundlagen";"modk.mmp-MERECG01.V01.HS26_BS.001";"20261126T081500Z";"20261126T113000Z";"26.11.2026 09:15:00";"26.11.2026 12:30:00";"Daniel Köhler";"I 0.02/03";"mmp26c1"
"26c1 Mediensystem Schweiz – Medienrechtliche Grundlagen";"modk.mmp-MERECG01.V01.HS26_BS.001";"20261126T123000Z";"20261126T154500Z";"26.11.2026 13:30:00";"26.11.2026 16:45:00";"Daniel Köhler";"I 0.02/03";"mmp26c1"
"26c1 Mediensystem Schweiz – Medienrechtliche Grundlagen";"modk.mmp-MERECG01.V01.HS26_BS.001";"20270104T081500Z";"20270105T113000Z";"04.01.2027 09:15:00";"05.01.2027 12:30:00";"Daniel Köhler";"online";"mmp26c1"
"26c2 Mediensystem Schweiz – Medienrechtliche Grundlagen";"modk.mmp-MERECG01.V01.HS26_BS.002";"20261125T081500Z";"20261125T113000Z";"25.11.2026 09:15:00";"25.11.2026 12:30:00";"Daniel Köhler";"I 0.02/03";"mmp26c2"
"26c2 Mediensystem Schweiz – Medienrechtliche Grundlagen";"modk.mmp-MERECG01.V01.HS26_BS.002";"20261125T123000Z";"20261125T154500Z";"25.11.2026 13:30:00";"25.11.2026 16:45:00";"Daniel Köhler";"I 0.02/03";"mmp26c2"
"26c2 Mediensystem Schweiz – Medienrechtliche Grundlagen";"modk.mmp-MERECG01.V01.HS26_BS.002";"20261126T081500Z";"20261126T113000Z";"26.11.2026 09:15:00";"26.11.2026 12:30:00";"Daniel Köhler";"I 0.02/03";"mmp26c2"
"26c2 Mediensystem Schweiz – Medienrechtliche Grundlagen";"modk.mmp-MERECG01.V01.HS26_BS.002";"20261126T123000Z";"20261126T154500Z";"26.11.2026 13:30:00";"26.11.2026 16:45:00";"Daniel Köhler";"I 0.02/03";"mmp26c2"
"26c2 Mediensystem Schweiz – Medienrechtliche Grundlagen";"modk.mmp-MERECG01.V01.HS26_BS.002";"20270104T081500Z";"20270105T113000Z";"04.01.2027 09:15:00";"05.01.2027 12:30:00";"Daniel Köhler";"online";"mmp26c2"
"25cv Medienrecht I";"modk.mmp-MR1.HS26_BS.001";"20261130T081500Z";"20261130T113000Z";"30.11.2026 09:15:00";"30.11.2026 12:30:00";"Daniel Köhler";"Z0.03";"mmp25cv"
"25cv Medienrecht I";"modk.mmp-MR1.HS26_BS.001";"20261130T123000Z";"20261130T154500Z";"30.11.2026 13:30:00";"30.11.2026 16:45:00";"Daniel Köhler";"Z0.03";"mmp25cv"
"25cv Medienrecht I";"modk.mmp-MR1.HS26_BS.001";"20261201T081500Z";"20261201T113000Z";"01.12.2026 09:15:00";"01.12.2026 12:30:00";"Daniel Köhler";"Z0.03";"mmp25cv"
"25cv Medienrecht I";"modk.mmp-MR1.HS26_BS.001";"20261201T123000Z";"20261201T154500Z";"01.12.2026 13:30:00";"01.12.2026 16:45:00";"Daniel Köhler";"Z0.03";"mmp25cv"
"25cv Medienrecht I";"modk.mmp-MR1.HS26_BS.001";"20261208T081500Z";"20261208T113000Z";"08.12.2026 09:15:00";"08.12.2026 12:30:00";"Daniel Köhler";"Z0.03";"mmp25cv"
"25cv Medienrecht I";"modk.mmp-MR1.HS26_BS.001";"20261208T123000Z";"20261208T154500Z";"08.12.2026 13:30:00";"08.12.2026 16:45:00";"Daniel Köhler";"Z0.03";"mmp25cv"
"25c1 Medienrecht / Medien-Betriebswirtschaftslehre II - Medien-Betriebswirtschaftslehre";"modk.mmp-MEBWL2.V02.HS26_BS.001";"20261202T081500Z";"20261202T113000Z";"02.12.2026 09:15:00";"02.12.2026 12:30:00";"Marius Hagger";"I 0.02/03";"mmp25c1"
"25c1 Medienrecht / Medien-Betriebswirtschaftslehre II - Medien-Betriebswirtschaftslehre";"modk.mmp-MEBWL2.V02.HS26_BS.001";"20261202T123000Z";"20261202T154500Z";"02.12.2026 13:30:00";"02.12.2026 16:45:00";"Marius Hagger";"I 0.02/03";"mmp25c1"
"25c1 Medienrecht / Medien-Betriebswirtschaftslehre II - Medien-Betriebswirtschaftslehre";"modk.mmp-MEBWL2.V02.HS26_BS.001";"20261203T081500Z";"20261203T113000Z";"03.12.2026 09:15:00";"03.12.2026 12:30:00";"Marius Hagger";"I 0.02/03";"mmp25c1"
"25c1 Medienrecht / Medien-Betriebswirtschaftslehre II - Medien-Betriebswirtschaftslehre";"modk.mmp-MEBWL2.V02.HS26_BS.001";"20261203T123000Z";"20261203T154500Z";"03.12.2026 13:30:00";"03.12.2026 16:45:00";"Marius Hagger";"I 0.02/03";"mmp25c1"
"25c1 Medienrecht / Medien-Betriebswirtschaftslehre II - Medien-Betriebswirtschaftslehre";"modk.mmp-MEBWL2.V02.HS26_BS.001";"20261207T081500Z";"20261207T113000Z";"07.12.2026 09:15:00";"07.12.2026 12:30:00";"Marius Hagger";"I 0.04/05";"mmp25c1"
"25c1 Medienrecht / Medien-Betriebswirtschaftslehre II - Medien-Betriebswirtschaftslehre";"modk.mmp-MEBWL2.V02.HS26_BS.001";"20261207T123000Z";"20261207T154500Z";"07.12.2026 13:30:00";"07.12.2026 16:45:00";"Marius Hagger";"I 0.04/05";"mmp25c1"
"25c2 Medienrecht / Medien-Betriebswirtschaftslehre II - Medien-Betriebswirtschaftslehre";"modk.mmp-MEBWL2.V02.HS26_BS.002";"20261202T081500Z";"20261202T113000Z";"02.12.2026 09:15:00";"02.12.2026 12:30:00";"Marius Hagger";"I 0.02/03";"mmp25c2"
"25c2 Medienrecht / Medien-Betriebswirtschaftslehre II - Medien-Betriebswirtschaftslehre";"modk.mmp-MEBWL2.V02.HS26_BS.002";"20261202T123000Z";"20261202T154500Z";"02.12.2026 13:30:00";"02.12.2026 16:45:00";"Marius Hagger";"I 0.02/03";"mmp25c2"
"25c2 Medienrecht / Medien-Betriebswirtschaftslehre II - Medien-Betriebswirtschaftslehre";"modk.mmp-MEBWL2.V02.HS26_BS.002";"20261203T081500Z";"20261203T113000Z";"03.12.2026 09:15:00";"03.12.2026 12:30:00";"Marius Hagger";"I 0.02/03";"mmp25c2"
"25c2 Medienrecht / Medien-Betriebswirtschaftslehre II - Medien-Betriebswirtschaftslehre";"modk.mmp-MEBWL2.V02.HS26_BS.002";"20261203T123000Z";"20261203T154500Z";"03.12.2026 13:30:00";"03.12.2026 16:45:00";"Marius Hagger";"I 0.02/03";"mmp25c2"
"25c2 Medienrecht / Medien-Betriebswirtschaftslehre II - Medien-Betriebswirtschaftslehre";"modk.mmp-MEBWL2.V02.HS26_BS.002";"20261207T081500Z";"20261207T113000Z";"07.12.2026 09:15:00";"07.12.2026 12:30:00";"Marius Hagger";"I 0.04/05";"mmp25c2"
"25c2 Medienrecht / Medien-Betriebswirtschaftslehre II - Medien-Betriebswirtschaftslehre";"modk.mmp-MEBWL2.V02.HS26_BS.002";"20261207T123000Z";"20261207T154500Z";"07.12.2026 13:30:00";"07.12.2026 16:45:00";"Marius Hagger";"I 0.04/05";"mmp25c2"
"25b Medienrecht / Medien-Betriebswirtschaftslehre II - Medien-Betriebswirtschaftslehre";"modk.mmp-MEBWL2.V02.HS26_BS.003";"20261209T081500Z";"20261209T113000Z";"09.12.2026 09:15:00";"09.12.2026 12:30:00";"Marius Hagger";"H031";"mmp25b"
"25b Medienrecht / Medien-Betriebswirtschaftslehre II - Medien-Betriebswirtschaftslehre";"modk.mmp-MEBWL2.V02.HS26_BS.003";"20261209T123000Z";"20261209T154500Z";"09.12.2026 13:30:00";"09.12.2026 16:45:00";"Marius Hagger";"H031";"mmp25b"
"25b Medienrecht / Medien-Betriebswirtschaftslehre II - Medien-Betriebswirtschaftslehre";"modk.mmp-MEBWL2.V02.HS26_BS.003";"20261210T081500Z";"20261210T113000Z";"10.12.2026 09:15:00";"10.12.2026 12:30:00";"Marius Hagger";"140";"mmp25b"
"25b Medienrecht / Medien-Betriebswirtschaftslehre II - Medien-Betriebswirtschaftslehre";"modk.mmp-MEBWL2.V02.HS26_BS.003";"20261210T123000Z";"20261210T154500Z";"10.12.2026 13:30:00";"10.12.2026 16:45:00";"Marius Hagger";"140";"mmp25b"
"25b Medienrecht / Medien-Betriebswirtschaftslehre II - Medien-Betriebswirtschaftslehre";"modk.mmp-MEBWL2.V02.HS26_BS.003";"20270105T081500Z";"20270106T113000Z";"05.01.2027 09:15:00";"06.01.2027 12:30:00";"Marius Hagger";"140";"mmp25b"
"25b Medienrecht / Medien-Betriebswirtschaftslehre II - Medien-Betriebswirtschaftslehre";"modk.mmp-MEBWL2.V02.HS26_BS.003";"20270105T123000Z";"18991230T163539Z";"05.01.2027 13:30:00";"30.12.1899 17:35:39";"Marius Hagger";"140";"mmp25b"